-59,15,cPf2UxXJnCckoPfShZ6D/Bk4oiA=,OSR/HzJgym17vT7+JmxdiQA/Ww8=
-59,1,A2WalNqOT2QKw3QWVcNQufxvTZE=,OSR/HzJgym17vT7+JmxdiQA/Ww8=
-50,15,A2WalNqOT2QKw3QWVcNQufxvTZE=,OSR/HzJgym17vT7+JmxdiQA/Ww8=
-51,15,A2WalNqOT2QKw3QWVcNQufxvTZE=,OSR/HzJgym17vT7+JmxdiQA/Ww8=
-60,0,NYQdVCPtLhvDjR7ubPDf54cfpvs=,OSR/HzJgym17vT7+JmxdiQA/Ww8=
-49,15,A2WalNqOT2QKw3QWVcNQufxvTZE=,OSR/HzJgym17vT7+JmxdiQA/Ww8=
-60,15,cPf2UxXJnCckoPfShZ6D/Bk4oiA=,OSR/HzJgym17vT7+JmxdiQA/Ww8=
-58,3,Kddu62bTiGAtLBLwbhrXFBjcX+w=,OSR/HzJgym17vT7+JmxdiQA/Ww8=
-52,15,A2WalNqOT2QKw3QWVcNQufxvTZE=,OSR/HzJgym17vT7+JmxdiQA/Ww8=
-59,2,Kddu62bTiGAtLBLwbhrXFBjcX+w=,OSR/HzJgym17vT7+JmxdiQA/Ww8=
-57,3,A2WalNqOT2QKw3QWVcNQufxvTZE=,OSR/HzJgym17vT7+JmxdiQA/Ww8=
-58,15,cPf2UxXJnCckoPfShZ6D/Bk4oiA=,OSR/HzJgym17vT7+JmxdiQA/Ww8=
-56,3,NYQdVCPtLhvDjR7ubPDf54cfpvs=,OSR/HzJgym17vT7+JmxdiQA/Ww8=
-59,0,A2WalNqOT2QKw3QWVcNQufxvTZE=,OSR/HzJgym17vT7+JmxdiQA/Ww8=
-58,2,Kddu62bTiGAtLBLwbhrXFBjcX+w=,OSR/HzJgym17vT7+JmxdiQA/Ww8=
-61,15,cPf2UxXJnCckoPfShZ6D/Bk4oiA=,OSR/HzJgym17vT7+JmxdiQA/Ww8=
-62,15,NYQdVCPtLhvDjR7ubPDf54cfpvs=,OSR/HzJgym17vT7+JmxdiQA/Ww8=
-59,3,A2WalNqOT2QKw3QWVcNQufxvTZE=,OSR/HzJgym17vT7+JmxdiQA/Ww8=
-63,15,NYQdVCPtLhvDjR7ubPDf54cfpvs=,OSR/HzJgym17vT7+JmxdiQA/Ww8=
-55,3,cNTvwbigGXbwiWAFvAz5R9Hlqg8=,OSR/HzJgym17vT7+JmxdiQA/Ww8=
-60,3,cPf2UxXJnCckoPfShZ6D/Bk4oiA=,OSR/HzJgym17vT7+JmxdiQA/Ww8=
-51,14,ESebjRfLVXz7XBTf3X2XYGXHazU=,OSR/HzJgym17vT7+JmxdiQA/Ww8=
-53,15,ESebjRfLVXz7XBTf3X2XYGXHazU=,OSR/HzJgym17vT7+JmxdiQA/Ww8=
-57,15,cNTvwbigGXbwiWAFvAz5R9Hlqg8=,OSR/HzJgym17vT7+JmxdiQA/Ww8=
-52,14,D3LGCN792UvKrpx7+YvWw46dl5A=,OSR/HzJgym17vT7+JmxdiQA/Ww8=
-60,1,cPf2UxXJnCckoPfShZ6D/Bk4oiA=,OSR/HzJgym17vT7+JmxdiQA/Ww8=
-64,15,D3LGCN792UvKrpx7+YvWw46dl5A=,OSR/HzJgym17vT7+JmxdiQA/Ww8=
-50,14,D3LGCN792UvKrpx7+YvWw46dl5A=,OSR/HzJgym17vT7+JmxdiQA/Ww8=
-63,3,D3LGCN792UvKrpx7+YvWw46dl5A=,OSR/HzJgym17vT7+JmxdiQA/Ww8=
-59,14,D3LGCN792UvKrpx7+YvWw46dl5A=,OSR/HzJgym17vT7+JmxdiQA/Ww8=
-55,15,ESebjRfLVXz7XBTf3X2XYGXHazU=,OSR/HzJgym17vT7+JmxdiQA/Ww8=
-54,15,D3LGCN792UvKrpx7+YvWw46dl5A=,OSR/HzJgym17vT7+JmxdiQA/Ww8=
-62,3,ESebjRfLVXz7XBTf3X2XYGXHazU=,OSR/HzJgym17vT7+JmxdiQA/Ww8=
-54,3,D3LGCN792UvKrpx7+YvWw46dl5A=,OSR/HzJgym17vT7+JmxdiQA/Ww8=
-63,14,D3LGCN792UvKrpx7+YvWw46dl5A=,OSR/HzJgym17vT7+JmxdiQA/Ww8=
-60,14,D3LGCN792UvKrpx7+YvWw46dl5A=,OSR/HzJgym17vT7+JmxdiQA/Ww8=
-61,14,D3LGCN792UvKrpx7+YvWw46dl5A=,OSR/HzJgym17vT7+JmxdiQA/Ww8=
-60,2,cPf2UxXJnCckoPfShZ6D/Bk4oiA=,OSR/HzJgym17vT7+JmxdiQA/Ww8=
-61,0,NYQdVCPtLhvDjR7ubPDf54cfpvs=,OSR/HzJgym17vT7+JmxdiQA/Ww8=
-58,14,D3LGCN792UvKrpx7+YvWw46dl5A=,OSR/HzJgym17vT7+JmxdiQA/Ww8=
-49,14,D3LGCN792UvKrpx7+YvWw46dl5A=,OSR/HzJgym17vT7+JmxdiQA/Ww8=
-56,15,D3LGCN792UvKrpx7+YvWw46dl5A=,OSR/HzJgym17vT7+JmxdiQA/Ww8=
-52,13,D3LGCN792UvKrpx7+YvWw46dl5A=,OSR/HzJgym17vT7+JmxdiQA/Ww8=
-64,14,D3LGCN792UvKrpx7+YvWw46dl5A=,OSR/HzJgym17vT7+JmxdiQA/Ww8=
-63,0,NYQdVCPtLhvDjR7ubPDf54cfpvs=,OSR/HzJgym17vT7+JmxdiQA/Ww8=
-61,2,D3LGCN792UvKrpx7+YvWw46dl5A=,OSR/HzJgym17vT7+JmxdiQA/Ww8=
-62,14,D3LGCN792UvKrpx7+YvWw46dl5A=,OSR/HzJgym17vT7+JmxdiQA/Ww8=
-61,1,D3LGCN792UvKrpx7+YvWw46dl5A=,OSR/HzJgym17vT7+JmxdiQA/Ww8=
-55,14,D3LGCN792UvKrpx7+YvWw46dl5A=,OSR/HzJgym17vT7+JmxdiQA/Ww8=
-54,14,D3LGCN792UvKrpx7+YvWw46dl5A=,OSR/HzJgym17vT7+JmxdiQA/Ww8=
-61,13,D3LGCN792UvKrpx7+YvWw46dl5A=,OSR/HzJgym17vT7+JmxdiQA/Ww8=
-63,13,D3LGCN792UvKrpx7+YvWw46dl5A=,OSR/HzJgym17vT7+JmxdiQA/Ww8=
-59,13,D3LGCN792UvKrpx7+YvWw46dl5A=,OSR/HzJgym17vT7+JmxdiQA/Ww8=
-64,13,D3LGCN792UvKrpx7+YvWw46dl5A=,OSR/HzJgym17vT7+JmxdiQA/Ww8=
-62,13,D3LGCN792UvKrpx7+YvWw46dl5A=,OSR/HzJgym17vT7+JmxdiQA/Ww8=
-53,3,D3LGCN792UvKrpx7+YvWw46dl5A=,OSR/HzJgym17vT7+JmxdiQA/Ww8=
-56,14,D3LGCN792UvKrpx7+YvWw46dl5A=,OSR/HzJgym17vT7+JmxdiQA/Ww8=
-51,13,D3LGCN792UvKrpx7+YvWw46dl5A=,OSR/HzJgym17vT7+JmxdiQA/Ww8=
-57,14,D3LGCN792UvKrpx7+YvWw46dl5A=,OSR/HzJgym17vT7+JmxdiQA/Ww8=
-61,3,NYQdVCPtLhvDjR7ubPDf54cfpvs=,OSR/HzJgym17vT7+JmxdiQA/Ww8=
-55,13,D3LGCN792UvKrpx7+YvWw46dl5A=,OSR/HzJgym17vT7+JmxdiQA/Ww8=
-49,13,D3LGCN792UvKrpx7+YvWw46dl5A=,OSR/HzJgym17vT7+JmxdiQA/Ww8=
-50,13,D3LGCN792UvKrpx7+YvWw46dl5A=,OSR/HzJgym17vT7+JmxdiQA/Ww8=
-57,13,D3LGCN792UvKrpx7+YvWw46dl5A=,OSR/HzJgym17vT7+JmxdiQA/Ww8=
-62,2,D3LGCN792UvKrpx7+YvWw46dl5A=,OSR/HzJgym17vT7+JmxdiQA/Ww8=
-53,14,D3LGCN792UvKrpx7+YvWw46dl5A=,OSR/HzJgym17vT7+JmxdiQA/Ww8=
-64,0,D3LGCN792UvKrpx7+YvWw46dl5A=,OSR/HzJgym17vT7+JmxdiQA/Ww8=
-60,13,D3LGCN792UvKrpx7+YvWw46dl5A=,OSR/HzJgym17vT7+JmxdiQA/Ww8=
-63,1,D3LGCN792UvKrpx7+YvWw46dl5A=,OSR/HzJgym17vT7+JmxdiQA/Ww8=
-52,12,D3LGCN792UvKrpx7+YvWw46dl5A=,OSR/HzJgym17vT7+JmxdiQA/Ww8=
-63,12,D3LGCN792UvKrpx7+YvWw46dl5A=,OSR/HzJgym17vT7+JmxdiQA/Ww8=
-50,12,D3LGCN792UvKrpx7+YvWw46dl5A=,OSR/HzJgym17vT7+JmxdiQA/Ww8=
-61,12,D3LGCN792UvKrpx7+YvWw46dl5A=,OSR/HzJgym17vT7+JmxdiQA/Ww8=
-64,12,D3LGCN792UvKrpx7+YvWw46dl5A=,OSR/HzJgym17vT7+JmxdiQA/Ww8=
-64,2,D3LGCN792UvKrpx7+YvWw46dl5A=,OSR/HzJgym17vT7+JmxdiQA/Ww8=
-59,12,D3LGCN792UvKrpx7+YvWw46dl5A=,OSR/HzJgym17vT7+JmxdiQA/Ww8=
-49,12,D3LGCN792UvKrpx7+YvWw46dl5A=,OSR/HzJgym17vT7+JmxdiQA/Ww8=
-52,3,D3LGCN792UvKrpx7+YvWw46dl5A=,OSR/HzJgym17vT7+JmxdiQA/Ww8=
-54,12,D3LGCN792UvKrpx7+YvWw46dl5A=,OSR/HzJgym17vT7+JmxdiQA/Ww8=
-49,0,D3LGCN792UvKrpx7+YvWw46dl5A=,OSR/HzJgym17vT7+JmxdiQA/Ww8=
-52,11,D3LGCN792UvKrpx7+YvWw46dl5A=,OSR/HzJgym17vT7+JmxdiQA/Ww8=
-62,1,D3LGCN792UvKrpx7+YvWw46dl5A=,OSR/HzJgym17vT7+JmxdiQA/Ww8=
-56,12,D3LGCN792UvKrpx7+YvWw46dl5A=,OSR/HzJgym17vT7+JmxdiQA/Ww8=
-62,0,D3LGCN792UvKrpx7+YvWw46dl5A=,OSR/HzJgym17vT7+JmxdiQA/Ww8=
-58,13,D3LGCN792UvKrpx7+YvWw46dl5A=,OSR/HzJgym17vT7+JmxdiQA/Ww8=
-51,12,D3LGCN792UvKrpx7+YvWw46dl5A=,OSR/HzJgym17vT7+JmxdiQA/Ww8=
-50,0,D3LGCN792UvKrpx7+YvWw46dl5A=,OSR/HzJgym17vT7+JmxdiQA/Ww8=
-50,1,D3LGCN792UvKrpx7+YvWw46dl5A=,OSR/HzJgym17vT7+JmxdiQA/Ww8=
-60,11,D3LGCN792UvKrpx7+YvWw46dl5A=,OSR/HzJgym17vT7+JmxdiQA/Ww8=
-53,12,D3LGCN792UvKrpx7+YvWw46dl5A=,OSR/HzJgym17vT7+JmxdiQA/Ww8=
-63,11,D3LGCN792UvKrpx7+YvWw46dl5A=,OSR/HzJgym17vT7+JmxdiQA/Ww8=
-62,11,D3LGCN792UvKrpx7+YvWw46dl5A=,OSR/HzJgym17vT7+JmxdiQA/Ww8=
-64,11,D3LGCN792UvKrpx7+YvWw46dl5A=,OSR/HzJgym17vT7+JmxdiQA/Ww8=
-61,11,D3LGCN792UvKrpx7+YvWw46dl5A=,OSR/HzJgym17vT7+JmxdiQA/Ww8=
-54,13,D3LGCN792UvKrpx7+YvWw46dl5A=,OSR/HzJgym17vT7+JmxdiQA/Ww8=
-58,11,D3LGCN792UvKrpx7+YvWw46dl5A=,OSR/HzJgym17vT7+JmxdiQA/Ww8=
-64,3,D3LGCN792UvKrpx7+YvWw46dl5A=,OSR/HzJgym17vT7+JmxdiQA/Ww8=
-51,3,D3LGCN792UvKrpx7+YvWw46dl5A=,OSR/HzJgym17vT7+JmxdiQA/Ww8=
-53,11,D3LGCN792UvKrpx7+YvWw46dl5A=,OSR/HzJgym17vT7+JmxdiQA/Ww8=
-51,11,D3LGCN792UvKrpx7+YvWw46dl5A=,OSR/HzJgym17vT7+JmxdiQA/Ww8=
-60,12,D3LGCN792UvKrpx7+YvWw46dl5A=,OSR/HzJgym17vT7+JmxdiQA/Ww8=
-56,13,D3LGCN792UvKrpx7+YvWw46dl5A=,OSR/HzJgym17vT7+JmxdiQA/Ww8=
-56,11,D3LGCN792UvKrpx7+YvWw46dl5A=,OSR/HzJgym17vT7+JmxdiQA/Ww8=
-54,11,D3LGCN792UvKrpx7+YvWw46dl5A=,OSR/HzJgym17vT7+JmxdiQA/Ww8=
-57,12,D3LGCN792UvKrpx7+YvWw46dl5A=,OSR/HzJgym17vT7+JmxdiQA/Ww8=
-51,1,D3LGCN792UvKrpx7+YvWw46dl5A=,OSR/HzJgym17vT7+JmxdiQA/Ww8=
-59,11,D3LGCN792UvKrpx7+YvWw46dl5A=,OSR/HzJgym17vT7+JmxdiQA/Ww8=
-57,11,D3LGCN792UvKrpx7+YvWw46dl5A=,OSR/HzJgym17vT7+JmxdiQA/Ww8=
-63,2,D3LGCN792UvKrpx7+YvWw46dl5A=,OSR/HzJgym17vT7+JmxdiQA/Ww8=
-53,13,D3LGCN792UvKrpx7+YvWw46dl5A=,OSR/HzJgym17vT7+JmxdiQA/Ww8=
-51,0,D3LGCN792UvKrpx7+YvWw46dl5A=,OSR/HzJgym17vT7+JmxdiQA/Ww8=
-55,12,D3LGCN792UvKrpx7+YvWw46dl5A=,OSR/HzJgym17vT7+JmxdiQA/Ww8=
-58,12,D3LGCN792UvKrpx7+YvWw46dl5A=,OSR/HzJgym17vT7+JmxdiQA/Ww8=
-49,2,D3LGCN792UvKrpx7+YvWw46dl5A=,OSR/HzJgym17vT7+JmxdiQA/Ww8=
-50,11,D3LGCN792UvKrpx7+YvWw46dl5A=,OSR/HzJgym17vT7+JmxdiQA/Ww8=
-49,11,D3LGCN792UvKrpx7+YvWw46dl5A=,OSR/HzJgym17vT7+JmxdiQA/Ww8=
-50,10,D3LGCN792UvKrpx7+YvWw46dl5A=,OSR/HzJgym17vT7+JmxdiQA/Ww8=
-50,3,D3LGCN792UvKrpx7+YvWw46dl5A=,OSR/HzJgym17vT7+JmxdiQA/Ww8=
-64,1,D3LGCN792UvKrpx7+YvWw46dl5A=,OSR/HzJgym17vT7+JmxdiQA/Ww8=
-58,1,D3LGCN792UvKrpx7+YvWw46dl5A=,OSR/HzJgym17vT7+JmxdiQA/Ww8=
-55,11,D3LGCN792UvKrpx7+YvWw46dl5A=,OSR/HzJgym17vT7+JmxdiQA/Ww8=
-49,1,D3LGCN792UvKrpx7+YvWw46dl5A=,OSR/HzJgym17vT7+JmxdiQA/Ww8=
-54,10,D3LGCN792UvKrpx7+YvWw46dl5A=,OSR/HzJgym17vT7+JmxdiQA/Ww8=
-62,12,D3LGCN792UvKrpx7+YvWw46dl5A=,OSR/HzJgym17vT7+JmxdiQA/Ww8=
-59,10,D3LGCN792UvKrpx7+YvWw46dl5A=,OSR/HzJgym17vT7+JmxdiQA/Ww8=
-58,10,D3LGCN792UvKrpx7+YvWw46dl5A=,OSR/HzJgym17vT7+JmxdiQA/Ww8=
-49,10,D3LGCN792UvKrpx7+YvWw46dl5A=,OSR/HzJgym17vT7+JmxdiQA/Ww8=
-53,10,D3LGCN792UvKrpx7+YvWw46dl5A=,OSR/HzJgym17vT7+JmxdiQA/Ww8=
-62,10,D3LGCN792UvKrpx7+YvWw46dl5A=,OSR/HzJgym17vT7+JmxdiQA/Ww8=
-63,10,D3LGCN792UvKrpx7+YvWw46dl5A=,OSR/HzJgym17vT7+JmxdiQA/Ww8=
-60,10,D3LGCN792UvKrpx7+YvWw46dl5A=,OSR/HzJgym17vT7+JmxdiQA/Ww8=
-50,2,D3LGCN792UvKrpx7+YvWw46dl5A=,OSR/HzJgym17vT7+JmxdiQA/Ww8=
-61,10,D3LGCN792UvKrpx7+YvWw46dl5A=,OSR/HzJgym17vT7+JmxdiQA/Ww8=
-51,10,D3LGCN792UvKrpx7+YvWw46dl5A=,OSR/HzJgym17vT7+JmxdiQA/Ww8=
-52,10,D3LGCN792UvKrpx7+YvWw46dl5A=,OSR/HzJgym17vT7+JmxdiQA/Ww8=
-64,10,D3LGCN792UvKrpx7+YvWw46dl5A=,OSR/HzJgym17vT7+JmxdiQA/Ww8=
-56,10,D3LGCN792UvKrpx7+YvWw46dl5A=,OSR/HzJgym17vT7+JmxdiQA/Ww8=
-55,10,D3LGCN792UvKrpx7+YvWw46dl5A=,OSR/HzJgym17vT7+JmxdiQA/Ww8=
-58,9,D3LGCN792UvKrpx7+YvWw46dl5A=,OSR/HzJgym17vT7+JmxdiQA/Ww8=
-57,10,D3LGCN792UvKrpx7+YvWw46dl5A=,OSR/HzJgym17vT7+JmxdiQA/Ww8=
-49,3,D3LGCN792UvKrpx7+YvWw46dl5A=,OSR/HzJgym17vT7+JmxdiQA/Ww8=
-52,1,D3LGCN792UvKrpx7+YvWw46dl5A=,OSR/HzJgym17vT7+JmxdiQA/Ww8=
-59,9,D3LGCN792UvKrpx7+YvWw46dl5A=,OSR/HzJgym17vT7+JmxdiQA/Ww8=
-61,9,D3LGCN792UvKrpx7+YvWw46dl5A=,OSR/HzJgym17vT7+JmxdiQA/Ww8=
-60,9,D3LGCN792UvKrpx7+YvWw46dl5A=,OSR/HzJgym17vT7+JmxdiQA/Ww8=
-58,0,D3LGCN792UvKrpx7+YvWw46dl5A=,OSR/HzJgym17vT7+JmxdiQA/Ww8=
-51,2,D3LGCN792UvKrpx7+YvWw46dl5A=,OSR/HzJgym17vT7+JmxdiQA/Ww8=
-62,9,D3LGCN792UvKrpx7+YvWw46dl5A=,OSR/HzJgym17vT7+JmxdiQA/Ww8=
-63,9,D3LGCN792UvKrpx7+YvWw46dl5A=,OSR/HzJgym17vT7+JmxdiQA/Ww8=
-51,9,D3LGCN792UvKrpx7+YvWw46dl5A=,OSR/HzJgym17vT7+JmxdiQA/Ww8=
-57,9,D3LGCN792UvKrpx7+YvWw46dl5A=,OSR/HzJgym17vT7+JmxdiQA/Ww8=
-49,9,D3LGCN792UvKrpx7+YvWw46dl5A=,OSR/HzJgym17vT7+JmxdiQA/Ww8=
-56,8,D3LGCN792UvKrpx7+YvWw46dl5A=,OSR/HzJgym17vT7+JmxdiQA/Ww8=
-57,8,D3LGCN792UvKrpx7+YvWw46dl5A=,OSR/HzJgym17vT7+JmxdiQA/Ww8=
-50,9,D3LGCN792UvKrpx7+YvWw46dl5A=,OSR/HzJgym17vT7+JmxdiQA/Ww8=
-53,9,D3LGCN792UvKrpx7+YvWw46dl5A=,OSR/HzJgym17vT7+JmxdiQA/Ww8=
-61,8,D3LGCN792UvKrpx7+YvWw46dl5A=,OSR/HzJgym17vT7+JmxdiQA/Ww8=
-60,8,D3LGCN792UvKrpx7+YvWw46dl5A=,OSR/HzJgym17vT7+JmxdiQA/Ww8=
-62,8,D3LGCN792UvKrpx7+YvWw46dl5A=,OSR/HzJgym17vT7+JmxdiQA/Ww8=
-64,9,D3LGCN792UvKrpx7+YvWw46dl5A=,OSR/HzJgym17vT7+JmxdiQA/Ww8=
-52,2,D3LGCN792UvKrpx7+YvWw46dl5A=,OSR/HzJgym17vT7+JmxdiQA/Ww8=
-64,4,D3LGCN792UvKrpx7+YvWw46dl5A=,OSR/HzJgym17vT7+JmxdiQA/Ww8=
-56,9,D3LGCN792UvKrpx7+YvWw46dl5A=,OSR/HzJgym17vT7+JmxdiQA/Ww8=
-54,1,D3LGCN792UvKrpx7+YvWw46dl5A=,OSR/HzJgym17vT7+JmxdiQA/Ww8=
-53,2,D3LGCN792UvKrpx7+YvWw46dl5A=,OSR/HzJgym17vT7+JmxdiQA/Ww8=
-59,8,D3LGCN792UvKrpx7+YvWw46dl5A=,OSR/HzJgym17vT7+JmxdiQA/Ww8=
-53,8,D3LGCN792UvKrpx7+YvWw46dl5A=,OSR/HzJgym17vT7+JmxdiQA/Ww8=
-63,8,D3LGCN792UvKrpx7+YvWw46dl5A=,OSR/HzJgym17vT7+JmxdiQA/Ww8=
-52,9,D3LGCN792UvKrpx7+YvWw46dl5A=,OSR/HzJgym17vT7+JmxdiQA/Ww8=
-54,8,D3LGCN792UvKrpx7+YvWw46dl5A=,OSR/HzJgym17vT7+JmxdiQA/Ww8=
-56,7,D3LGCN792UvKrpx7+YvWw46dl5A=,OSR/HzJgym17vT7+JmxdiQA/Ww8=
-58,8,D3LGCN792UvKrpx7+YvWw46dl5A=,OSR/HzJgym17vT7+JmxdiQA/Ww8=
-55,8,D3LGCN792UvKrpx7+YvWw46dl5A=,OSR/HzJgym17vT7+JmxdiQA/Ww8=
-58,7,D3LGCN792UvKrpx7+YvWw46dl5A=,OSR/HzJgym17vT7+JmxdiQA/Ww8=
-59,7,D3LGCN792UvKrpx7+YvWw46dl5A=,OSR/HzJgym17vT7+JmxdiQA/Ww8=
-52,0,D3LGCN792UvKrpx7+YvWw46dl5A=,OSR/HzJgym17vT7+JmxdiQA/Ww8=
-55,9,D3LGCN792UvKrpx7+YvWw46dl5A=,OSR/HzJgym17vT7+JmxdiQA/Ww8=
-54,0,D3LGCN792UvKrpx7+YvWw46dl5A=,OSR/HzJgym17vT7+JmxdiQA/Ww8=
-55,1,D3LGCN792UvKrpx7+YvWw46dl5A=,OSR/HzJgym17vT7+JmxdiQA/Ww8=
-52,7,D3LGCN792UvKrpx7+YvWw46dl5A=,OSR/HzJgym17vT7+JmxdiQA/Ww8=
-50,7,D3LGCN792UvKrpx7+YvWw46dl5A=,OSR/HzJgym17vT7+JmxdiQA/Ww8=
-51,7,D3LGCN792UvKrpx7+YvWw46dl5A=,OSR/HzJgym17vT7+JmxdiQA/Ww8=
-55,0,D3LGCN792UvKrpx7+YvWw46dl5A=,OSR/HzJgym17vT7+JmxdiQA/Ww8=
-55,7,D3LGCN792UvKrpx7+YvWw46dl5A=,OSR/HzJgym17vT7+JmxdiQA/Ww8=
-63,4,D3LGCN792UvKrpx7+YvWw46dl5A=,OSR/HzJgym17vT7+JmxdiQA/Ww8=
-54,9,D3LGCN792UvKrpx7+YvWw46dl5A=,OSR/HzJgym17vT7+JmxdiQA/Ww8=
-54,6,D3LGCN792UvKrpx7+YvWw46dl5A=,OSR/HzJgym17vT7+JmxdiQA/Ww8=
-57,7,D3LGCN792UvKrpx7+YvWw46dl5A=,OSR/HzJgym17vT7+JmxdiQA/Ww8=
-53,6,D3LGCN792UvKrpx7+YvWw46dl5A=,OSR/HzJgym17vT7+JmxdiQA/Ww8=
-56,6,D3LGCN792UvKrpx7+YvWw46dl5A=,OSR/HzJgym17vT7+JmxdiQA/Ww8=
-57,6,D3LGCN792UvKrpx7+YvWw46dl5A=,OSR/HzJgym17vT7+JmxdiQA/Ww8=
-59,6,D3LGCN792UvKrpx7+YvWw46dl5A=,OSR/HzJgym17vT7+JmxdiQA/Ww8=
-58,6,D3LGCN792UvKrpx7+YvWw46dl5A=,OSR/HzJgym17vT7+JmxdiQA/Ww8=
-61,7,D3LGCN792UvKrpx7+YvWw46dl5A=,OSR/HzJgym17vT7+JmxdiQA/Ww8=
-64,7,D3LGCN792UvKrpx7+YvWw46dl5A=,OSR/HzJgym17vT7+JmxdiQA/Ww8=
-50,8,D3LGCN792UvKrpx7+YvWw46dl5A=,OSR/HzJgym17vT7+JmxdiQA/Ww8=
-54,7,D3LGCN792UvKrpx7+YvWw46dl5A=,OSR/HzJgym17vT7+JmxdiQA/Ww8=
-55,6,D3LGCN792UvKrpx7+YvWw46dl5A=,OSR/HzJgym17vT7+JmxdiQA/Ww8=
-60,6,D3LGCN792UvKrpx7+YvWw46dl5A=,OSR/HzJgym17vT7+JmxdiQA/Ww8=
-55,2,D3LGCN792UvKrpx7+YvWw46dl5A=,OSR/HzJgym17vT7+JmxdiQA/Ww8=
-61,6,D3LGCN792UvKrpx7+YvWw46dl5A=,OSR/HzJgym17vT7+JmxdiQA/Ww8=
-56,0,D3LGCN792UvKrpx7+YvWw46dl5A=,OSR/HzJgym17vT7+JmxdiQA/Ww8=
-56,1,D3LGCN792UvKrpx7+YvWw46dl5A=,OSR/HzJgym17vT7+JmxdiQA/Ww8=
-60,7,D3LGCN792UvKrpx7+YvWw46dl5A=,OSR/HzJgym17vT7+JmxdiQA/Ww8=
-50,6,D3LGCN792UvKrpx7+YvWw46dl5A=,OSR/HzJgym17vT7+JmxdiQA/Ww8=
-63,7,D3LGCN792UvKrpx7+YvWw46dl5A=,OSR/HzJgym17vT7+JmxdiQA/Ww8=
-57,5,D3LGCN792UvKrpx7+YvWw46dl5A=,OSR/HzJgym17vT7+JmxdiQA/Ww8=
-58,5,D3LGCN792UvKrpx7+YvWw46dl5A=,OSR/HzJgym17vT7+JmxdiQA/Ww8=
-53,0,D3LGCN792UvKrpx7+YvWw46dl5A=,OSR/HzJgym17vT7+JmxdiQA/Ww8=
-59,5,D3LGCN792UvKrpx7+YvWw46dl5A=,OSR/HzJgym17vT7+JmxdiQA/Ww8=
-60,5,D3LGCN792UvKrpx7+YvWw46dl5A=,OSR/HzJgym17vT7+JmxdiQA/Ww8=
-62,6,D3LGCN792UvKrpx7+YvWw46dl5A=,OSR/HzJgym17vT7+JmxdiQA/Ww8=
-49,7,D3LGCN792UvKrpx7+YvWw46dl5A=,OSR/HzJgym17vT7+JmxdiQA/Ww8=
-53,5,D3LGCN792UvKrpx7+YvWw46dl5A=,OSR/HzJgym17vT7+JmxdiQA/Ww8=
-52,8,D3LGCN792UvKrpx7+YvWw46dl5A=,OSR/HzJgym17vT7+JmxdiQA/Ww8=
-54,5,D3LGCN792UvKrpx7+YvWw46dl5A=,OSR/HzJgym17vT7+JmxdiQA/Ww8=
-56,2,D3LGCN792UvKrpx7+YvWw46dl5A=,OSR/HzJgym17vT7+JmxdiQA/Ww8=
-64,6,D3LGCN792UvKrpx7+YvWw46dl5A=,OSR/HzJgym17vT7+JmxdiQA/Ww8=
-57,0,D3LGCN792UvKrpx7+YvWw46dl5A=,OSR/HzJgym17vT7+JmxdiQA/Ww8=
-49,8,D3LGCN792UvKrpx7+YvWw46dl5A=,OSR/HzJgym17vT7+JmxdiQA/Ww8=
-63,6,D3LGCN792UvKrpx7+YvWw46dl5A=,OSR/HzJgym17vT7+JmxdiQA/Ww8=
-51,5,D3LGCN792UvKrpx7+YvWw46dl5A=,OSR/HzJgym17vT7+JmxdiQA/Ww8=
-50,5,D3LGCN792UvKrpx7+YvWw46dl5A=,OSR/HzJgym17vT7+JmxdiQA/Ww8=
-49,5,D3LGCN792UvKrpx7+YvWw46dl5A=,OSR/HzJgym17vT7+JmxdiQA/Ww8=
-57,4,D3LGCN792UvKrpx7+YvWw46dl5A=,OSR/HzJgym17vT7+JmxdiQA/Ww8=
-53,7,D3LGCN792UvKrpx7+YvWw46dl5A=,OSR/HzJgym17vT7+JmxdiQA/Ww8=
-62,4,D3LGCN792UvKrpx7+YvWw46dl5A=,OSR/HzJgym17vT7+JmxdiQA/Ww8=
-56,4,D3LGCN792UvKrpx7+YvWw46dl5A=,OSR/HzJgym17vT7+JmxdiQA/Ww8=
-58,4,D3LGCN792UvKrpx7+YvWw46dl5A=,OSR/HzJgym17vT7+JmxdiQA/Ww8=
-59,4,D3LGCN792UvKrpx7+YvWw46dl5A=,OSR/HzJgym17vT7+JmxdiQA/Ww8=
-57,2,D3LGCN792UvKrpx7+YvWw46dl5A=,OSR/HzJgym17vT7+JmxdiQA/Ww8=
-57,1,D3LGCN792UvKrpx7+YvWw46dl5A=,OSR/HzJgym17vT7+JmxdiQA/Ww8=
-54,2,D3LGCN792UvKrpx7+YvWw46dl5A=,OSR/HzJgym17vT7+JmxdiQA/Ww8=
-55,4,D3LGCN792UvKrpx7+YvWw46dl5A=,OSR/HzJgym17vT7+JmxdiQA/Ww8=
-55,5,D3LGCN792UvKrpx7+YvWw46dl5A=,OSR/HzJgym17vT7+JmxdiQA/Ww8=
-53,1,D3LGCN792UvKrpx7+YvWw46dl5A=,OSR/HzJgym17vT7+JmxdiQA/Ww8=
-51,8,D3LGCN792UvKrpx7+YvWw46dl5A=,OSR/HzJgym17vT7+JmxdiQA/Ww8=
-49,6,D3LGCN792UvKrpx7+YvWw46dl5A=,OSR/HzJgym17vT7+JmxdiQA/Ww8=
-64,5,D3LGCN792UvKrpx7+YvWw46dl5A=,OSR/HzJgym17vT7+JmxdiQA/Ww8=
-56,5,D3LGCN792UvKrpx7+YvWw46dl5A=,OSR/HzJgym17vT7+JmxdiQA/Ww8=
-50,4,D3LGCN792UvKrpx7+YvWw46dl5A=,OSR/HzJgym17vT7+JmxdiQA/Ww8=
-49,4,D3LGCN792UvKrpx7+YvWw46dl5A=,OSR/HzJgym17vT7+JmxdiQA/Ww8=
-61,5,D3LGCN792UvKrpx7+YvWw46dl5A=,OSR/HzJgym17vT7+JmxdiQA/Ww8=
-62,7,D3LGCN792UvKrpx7+YvWw46dl5A=,OSR/HzJgym17vT7+JmxdiQA/Ww8=
-53,4,D3LGCN792UvKrpx7+YvWw46dl5A=,OSR/HzJgym17vT7+JmxdiQA/Ww8=
-51,4,D3LGCN792UvKrpx7+YvWw46dl5A=,OSR/HzJgym17vT7+JmxdiQA/Ww8=
-52,5,D3LGCN792UvKrpx7+YvWw46dl5A=,OSR/HzJgym17vT7+JmxdiQA/Ww8=
-62,5,D3LGCN792UvKrpx7+YvWw46dl5A=,OSR/HzJgym17vT7+JmxdiQA/Ww8=
-52,6,D3LGCN792UvKrpx7+YvWw46dl5A=,OSR/HzJgym17vT7+JmxdiQA/Ww8=
-60,4,D3LGCN792UvKrpx7+YvWw46dl5A=,OSR/HzJgym17vT7+JmxdiQA/Ww8=
-63,5,D3LGCN792UvKrpx7+YvWw46dl5A=,OSR/HzJgym17vT7+JmxdiQA/Ww8=
-52,4,D3LGCN792UvKrpx7+YvWw46dl5A=,OSR/HzJgym17vT7+JmxdiQA/Ww8=
-54,4,D3LGCN792UvKrpx7+YvWw46dl5A=,OSR/HzJgym17vT7+JmxdiQA/Ww8=
-51,6,D3LGCN792UvKrpx7+YvWw46dl5A=,OSR/HzJgym17vT7+JmxdiQA/Ww8=
-61,4,D3LGCN792UvKrpx7+YvWw46dl5A=,OSR/HzJgym17vT7+JmxdiQA/Ww8=
-64,8,D3LGCN792UvKrpx7+YvWw46dl5A=,OSR/HzJgym17vT7+JmxdiQA/Ww8=
-59,16,vvkgmhzxClhgwQAMsRCuC+x9p4k=,GUFalgJZMlKrf8larpZwX6f+2ss=
-61,16,vvkgmhzxClhgwQAMsRCuC+x9p4k=,GUFalgJZMlKrf8larpZwX6f+2ss=
-50,31,o1XgkCpF5KxAPJsoh66mL6kiFJc=,GUFalgJZMlKrf8larpZwX6f+2ss=
-51,31,o1XgkCpF5KxAPJsoh66mL6kiFJc=,GUFalgJZMlKrf8larpZwX6f+2ss=
-59,19,SQZ8zG4XZ4ZZKDH435W1DPv9MD0=,GUFalgJZMlKrf8larpZwX6f+2ss=
-59,17,xGKL1DH6RfCkvcdO7OQkmDJ23S0=,GUFalgJZMlKrf8larpZwX6f+2ss=
-60,18,vvkgmhzxClhgwQAMsRCuC+x9p4k=,GUFalgJZMlKrf8larpZwX6f+2ss=
-59,18,vvkgmhzxClhgwQAMsRCuC+x9p4k=,GUFalgJZMlKrf8larpZwX6f+2ss=
-49,31,vvkgmhzxClhgwQAMsRCuC+x9p4k=,GUFalgJZMlKrf8larpZwX6f+2ss=
-60,17,SQZ8zG4XZ4ZZKDH435W1DPv9MD0=,GUFalgJZMlKrf8larpZwX6f+2ss=
-59,31,SQZ8zG4XZ4ZZKDH435W1DPv9MD0=,GUFalgJZMlKrf8larpZwX6f+2ss=
-52,31,o1XgkCpF5KxAPJsoh66mL6kiFJc=,GUFalgJZMlKrf8larpZwX6f+2ss=
-53,31,o1XgkCpF5KxAPJsoh66mL6kiFJc=,GUFalgJZMlKrf8larpZwX6f+2ss=
-54,31,uDLZyyPYMjc/UVQwUBsZbKjyePc=,GUFalgJZMlKrf8larpZwX6f+2ss=
-55,31,SQZ8zG4XZ4ZZKDH435W1DPv9MD0=,GUFalgJZMlKrf8larpZwX6f+2ss=
-56,31,SQZ8zG4XZ4ZZKDH435W1DPv9MD0=,GUFalgJZMlKrf8larpZwX6f+2ss=
-57,31,SQZ8zG4XZ4ZZKDH435W1DPv9MD0=,GUFalgJZMlKrf8larpZwX6f+2ss=
-58,31,SQZ8zG4XZ4ZZKDH435W1DPv9MD0=,GUFalgJZMlKrf8larpZwX6f+2ss=
-61,19,Qp/ckuKigeRAHu5iVRgGzL/QPzU=,GUFalgJZMlKrf8larpZwX6f+2ss=
-60,19,xGKL1DH6RfCkvcdO7OQkmDJ23S0=,GUFalgJZMlKrf8larpZwX6f+2ss=
-60,31,SQZ8zG4XZ4ZZKDH435W1DPv9MD0=,GUFalgJZMlKrf8larpZwX6f+2ss=
-63,16,Qp/ckuKigeRAHu5iVRgGzL/QPzU=,GUFalgJZMlKrf8larpZwX6f+2ss=
-62,31,SQZ8zG4XZ4ZZKDH435W1DPv9MD0=,GUFalgJZMlKrf8larpZwX6f+2ss=
-61,31,SQZ8zG4XZ4ZZKDH435W1DPv9MD0=,GUFalgJZMlKrf8larpZwX6f+2ss=
-60,16,Qp/ckuKigeRAHu5iVRgGzL/QPzU=,GUFalgJZMlKrf8larpZwX6f+2ss=
-61,18,xGKL1DH6RfCkvcdO7OQkmDJ23S0=,GUFalgJZMlKrf8larpZwX6f+2ss=
-63,31,xGKL1DH6RfCkvcdO7OQkmDJ23S0=,GUFalgJZMlKrf8larpZwX6f+2ss=
-50,30,xGKL1DH6RfCkvcdO7OQkmDJ23S0=,GUFalgJZMlKrf8larpZwX6f+2ss=
-52,30,Qp/ckuKigeRAHu5iVRgGzL/QPzU=,GUFalgJZMlKrf8larpZwX6f+2ss=
-53,30,Qp/ckuKigeRAHu5iVRgGzL/QPzU=,GUFalgJZMlKrf8larpZwX6f+2ss=
-55,30,Qp/ckuKigeRAHu5iVRgGzL/QPzU=,GUFalgJZMlKrf8larpZwX6f+2ss=
-54,30,Qp/ckuKigeRAHu5iVRgGzL/QPzU=,GUFalgJZMlKrf8larpZwX6f+2ss=
-64,31,Qp/ckuKigeRAHu5iVRgGzL/QPzU=,GUFalgJZMlKrf8larpZwX6f+2ss=
-56,30,Qp/ckuKigeRAHu5iVRgGzL/QPzU=,GUFalgJZMlKrf8larpZwX6f+2ss=
-51,30,Qp/ckuKigeRAHu5iVRgGzL/QPzU=,GUFalgJZMlKrf8larpZwX6f+2ss=
-59,30,Qp/ckuKigeRAHu5iVRgGzL/QPzU=,GUFalgJZMlKrf8larpZwX6f+2ss=
-57,30,Qp/ckuKigeRAHu5iVRgGzL/QPzU=,GUFalgJZMlKrf8larpZwX6f+2ss=
-58,19,Qp/ckuKigeRAHu5iVRgGzL/QPzU=,GUFalgJZMlKrf8larpZwX6f+2ss=
-58,30,Qp/ckuKigeRAHu5iVRgGzL/QPzU=,GUFalgJZMlKrf8larpZwX6f+2ss=
-61,30,Qp/ckuKigeRAHu5iVRgGzL/QPzU=,GUFalgJZMlKrf8larpZwX6f+2ss=
-60,30,Qp/ckuKigeRAHu5iVRgGzL/QPzU=,GUFalgJZMlKrf8larpZwX6f+2ss=
-62,30,Qp/ckuKigeRAHu5iVRgGzL/QPzU=,GUFalgJZMlKrf8larpZwX6f+2ss=
-62,19,Qp/ckuKigeRAHu5iVRgGzL/QPzU=,GUFalgJZMlKrf8larpZwX6f+2ss=
-49,30,Qp/ckuKigeRAHu5iVRgGzL/QPzU=,GUFalgJZMlKrf8larpZwX6f+2ss=
-57,19,Qp/ckuKigeRAHu5iVRgGzL/QPzU=,GUFalgJZMlKrf8larpZwX6f+2ss=
-52,29,Qp/ckuKigeRAHu5iVRgGzL/QPzU=,GUFalgJZMlKrf8larpZwX6f+2ss=
-63,30,Qp/ckuKigeRAHu5iVRgGzL/QPzU=,GUFalgJZMlKrf8larpZwX6f+2ss=
-53,29,Qp/ckuKigeRAHu5iVRgGzL/QPzU=,GUFalgJZMlKrf8larpZwX6f+2ss=
-54,29,Qp/ckuKigeRAHu5iVRgGzL/QPzU=,GUFalgJZMlKrf8larpZwX6f+2ss=
-55,29,Qp/ckuKigeRAHu5iVRgGzL/QPzU=,GUFalgJZMlKrf8larpZwX6f+2ss=
-56,29,Qp/ckuKigeRAHu5iVRgGzL/QPzU=,GUFalgJZMlKrf8larpZwX6f+2ss=
-62,18,Qp/ckuKigeRAHu5iVRgGzL/QPzU=,GUFalgJZMlKrf8larpZwX6f+2ss=
-51,29,Qp/ckuKigeRAHu5iVRgGzL/QPzU=,GUFalgJZMlKrf8larpZwX6f+2ss=
-50,29,Qp/ckuKigeRAHu5iVRgGzL/QPzU=,GUFalgJZMlKrf8larpZwX6f+2ss=
-58,18,Qp/ckuKigeRAHu5iVRgGzL/QPzU=,GUFalgJZMlKrf8larpZwX6f+2ss=
-59,29,Qp/ckuKigeRAHu5iVRgGzL/QPzU=,GUFalgJZMlKrf8larpZwX6f+2ss=
-61,17,Qp/ckuKigeRAHu5iVRgGzL/QPzU=,GUFalgJZMlKrf8larpZwX6f+2ss=
-64,30,Qp/ckuKigeRAHu5iVRgGzL/QPzU=,GUFalgJZMlKrf8larpZwX6f+2ss=
-58,29,Qp/ckuKigeRAHu5iVRgGzL/QPzU=,GUFalgJZMlKrf8larpZwX6f+2ss=
-60,29,Qp/ckuKigeRAHu5iVRgGzL/QPzU=,GUFalgJZMlKrf8larpZwX6f+2ss=
-61,29,Qp/ckuKigeRAHu5iVRgGzL/QPzU=,GUFalgJZMlKrf8larpZwX6f+2ss=
-57,29,Qp/ckuKigeRAHu5iVRgGzL/QPzU=,GUFalgJZMlKrf8larpZwX6f+2ss=
-63,19,Qp/ckuKigeRAHu5iVRgGzL/QPzU=,GUFalgJZMlKrf8larpZwX6f+2ss=
-51,28,Qp/ckuKigeRAHu5iVRgGzL/QPzU=,GUFalgJZMlKrf8larpZwX6f+2ss=
-52,28,Qp/ckuKigeRAHu5iVRgGzL/QPzU=,GUFalgJZMlKrf8larpZwX6f+2ss=
-62,17,Qp/ckuKigeRAHu5iVRgGzL/QPzU=,GUFalgJZMlKrf8larpZwX6f+2ss=
-62,29,Qp/ckuKigeRAHu5iVRgGzL/QPzU=,GUFalgJZMlKrf8larpZwX6f+2ss=
-53,28,Qp/ckuKigeRAHu5iVRgGzL/QPzU=,GUFalgJZMlKrf8larpZwX6f+2ss=
-54,28,Qp/ckuKigeRAHu5iVRgGzL/QPzU=,GUFalgJZMlKrf8larpZwX6f+2ss=
-59,28,Qp/ckuKigeRAHu5iVRgGzL/QPzU=,GUFalgJZMlKrf8larpZwX6f+2ss=
-57,28,Qp/ckuKigeRAHu5iVRgGzL/QPzU=,GUFalgJZMlKrf8larpZwX6f+2ss=
-56,28,Qp/ckuKigeRAHu5iVRgGzL/QPzU=,GUFalgJZMlKrf8larpZwX6f+2ss=
-55,28,Qp/ckuKigeRAHu5iVRgGzL/QPzU=,GUFalgJZMlKrf8larpZwX6f+2ss=
-64,29,Qp/ckuKigeRAHu5iVRgGzL/QPzU=,GUFalgJZMlKrf8larpZwX6f+2ss=
-64,17,Qp/ckuKigeRAHu5iVRgGzL/QPzU=,GUFalgJZMlKrf8larpZwX6f+2ss=
-64,16,Qp/ckuKigeRAHu5iVRgGzL/QPzU=,GUFalgJZMlKrf8larpZwX6f+2ss=
-63,29,Qp/ckuKigeRAHu5iVRgGzL/QPzU=,GUFalgJZMlKrf8larpZwX6f+2ss=
-63,18,Qp/ckuKigeRAHu5iVRgGzL/QPzU=,GUFalgJZMlKrf8larpZwX6f+2ss=
-60,28,Qp/ckuKigeRAHu5iVRgGzL/QPzU=,GUFalgJZMlKrf8larpZwX6f+2ss=
-49,29,Qp/ckuKigeRAHu5iVRgGzL/QPzU=,GUFalgJZMlKrf8larpZwX6f+2ss=
-58,28,Qp/ckuKigeRAHu5iVRgGzL/QPzU=,GUFalgJZMlKrf8larpZwX6f+2ss=
-62,16,Qp/ckuKigeRAHu5iVRgGzL/QPzU=,GUFalgJZMlKrf8larpZwX6f+2ss=
-50,28,Qp/ckuKigeRAHu5iVRgGzL/QPzU=,GUFalgJZMlKrf8larpZwX6f+2ss=
-63,17,Qp/ckuKigeRAHu5iVRgGzL/QPzU=,GUFalgJZMlKrf8larpZwX6f+2ss=
-51,27,Qp/ckuKigeRAHu5iVRgGzL/QPzU=,GUFalgJZMlKrf8larpZwX6f+2ss=
-64,18,Qp/ckuKigeRAHu5iVRgGzL/QPzU=,GUFalgJZMlKrf8larpZwX6f+2ss=
-63,28,Qp/ckuKigeRAHu5iVRgGzL/QPzU=,GUFalgJZMlKrf8larpZwX6f+2ss=
-64,28,Qp/ckuKigeRAHu5iVRgGzL/QPzU=,GUFalgJZMlKrf8larpZwX6f+2ss=
-49,18,Qp/ckuKigeRAHu5iVRgGzL/QPzU=,GUFalgJZMlKrf8larpZwX6f+2ss=
-52,27,Qp/ckuKigeRAHu5iVRgGzL/QPzU=,GUFalgJZMlKrf8larpZwX6f+2ss=
-61,28,Qp/ckuKigeRAHu5iVRgGzL/QPzU=,GUFalgJZMlKrf8larpZwX6f+2ss=
-49,28,Qp/ckuKigeRAHu5iVRgGzL/QPzU=,GUFalgJZMlKrf8larpZwX6f+2ss=
-53,27,Qp/ckuKigeRAHu5iVRgGzL/QPzU=,GUFalgJZMlKrf8larpZwX6f+2ss=
-49,17,Qp/ckuKigeRAHu5iVRgGzL/QPzU=,GUFalgJZMlKrf8larpZwX6f+2ss=
-54,27,Qp/ckuKigeRAHu5iVRgGzL/QPzU=,GUFalgJZMlKrf8larpZwX6f+2ss=
-56,19,Qp/ckuKigeRAHu5iVRgGzL/QPzU=,GUFalgJZMlKrf8larpZwX6f+2ss=
-55,27,Qp/ckuKigeRAHu5iVRgGzL/QPzU=,GUFalgJZMlKrf8larpZwX6f+2ss=
-59,27,Qp/ckuKigeRAHu5iVRgGzL/QPzU=,GUFalgJZMlKrf8larpZwX6f+2ss=
-56,27,Qp/ckuKigeRAHu5iVRgGzL/QPzU=,GUFalgJZMlKrf8larpZwX6f+2ss=
-58,27,Qp/ckuKigeRAHu5iVRgGzL/QPzU=,GUFalgJZMlKrf8larpZwX6f+2ss=
-57,27,Qp/ckuKigeRAHu5iVRgGzL/QPzU=,GUFalgJZMlKrf8larpZwX6f+2ss=
-60,27,Qp/ckuKigeRAHu5iVRgGzL/QPzU=,GUFalgJZMlKrf8larpZwX6f+2ss=
-50,27,Qp/ckuKigeRAHu5iVRgGzL/QPzU=,GUFalgJZMlKrf8larpZwX6f+2ss=
-50,16,Qp/ckuKigeRAHu5iVRgGzL/QPzU=,GUFalgJZMlKrf8larpZwX6f+2ss=
-51,16,Qp/ckuKigeRAHu5iVRgGzL/QPzU=,GUFalgJZMlKrf8larpZwX6f+2ss=
-64,27,Qp/ckuKigeRAHu5iVRgGzL/QPzU=,GUFalgJZMlKrf8larpZwX6f+2ss=
-50,17,Qp/ckuKigeRAHu5iVRgGzL/QPzU=,GUFalgJZMlKrf8larpZwX6f+2ss=
-51,17,Qp/ckuKigeRAHu5iVRgGzL/QPzU=,GUFalgJZMlKrf8larpZwX6f+2ss=
-62,28,Qp/ckuKigeRAHu5iVRgGzL/QPzU=,GUFalgJZMlKrf8larpZwX6f+2ss=
-50,18,Qp/ckuKigeRAHu5iVRgGzL/QPzU=,GUFalgJZMlKrf8larpZwX6f+2ss=
-49,16,Qp/ckuKigeRAHu5iVRgGzL/QPzU=,GUFalgJZMlKrf8larpZwX6f+2ss=
-63,27,Qp/ckuKigeRAHu5iVRgGzL/QPzU=,GUFalgJZMlKrf8larpZwX6f+2ss=
-52,26,Qp/ckuKigeRAHu5iVRgGzL/QPzU=,GUFalgJZMlKrf8larpZwX6f+2ss=
-50,26,Qp/ckuKigeRAHu5iVRgGzL/QPzU=,GUFalgJZMlKrf8larpZwX6f+2ss=
-54,26,Qp/ckuKigeRAHu5iVRgGzL/QPzU=,GUFalgJZMlKrf8larpZwX6f+2ss=
-49,27,Qp/ckuKigeRAHu5iVRgGzL/QPzU=,GUFalgJZMlKrf8larpZwX6f+2ss=
-53,26,Qp/ckuKigeRAHu5iVRgGzL/QPzU=,GUFalgJZMlKrf8larpZwX6f+2ss=
-51,26,Qp/ckuKigeRAHu5iVRgGzL/QPzU=,GUFalgJZMlKrf8larpZwX6f+2ss=
-59,26,Qp/ckuKigeRAHu5iVRgGzL/QPzU=,GUFalgJZMlKrf8larpZwX6f+2ss=
-60,26,Qp/ckuKigeRAHu5iVRgGzL/QPzU=,GUFalgJZMlKrf8larpZwX6f+2ss=
-64,19,Qp/ckuKigeRAHu5iVRgGzL/QPzU=,GUFalgJZMlKrf8larpZwX6f+2ss=
-62,27,Qp/ckuKigeRAHu5iVRgGzL/QPzU=,GUFalgJZMlKrf8larpZwX6f+2ss=
-57,26,Qp/ckuKigeRAHu5iVRgGzL/QPzU=,GUFalgJZMlKrf8larpZwX6f+2ss=
-55,26,Qp/ckuKigeRAHu5iVRgGzL/QPzU=,GUFalgJZMlKrf8larpZwX6f+2ss=
-61,26,Qp/ckuKigeRAHu5iVRgGzL/QPzU=,GUFalgJZMlKrf8larpZwX6f+2ss=
-61,27,Qp/ckuKigeRAHu5iVRgGzL/QPzU=,GUFalgJZMlKrf8larpZwX6f+2ss=
-64,26,Qp/ckuKigeRAHu5iVRgGzL/QPzU=,GUFalgJZMlKrf8larpZwX6f+2ss=
-52,17,Qp/ckuKigeRAHu5iVRgGzL/QPzU=,GUFalgJZMlKrf8larpZwX6f+2ss=
-58,26,Qp/ckuKigeRAHu5iVRgGzL/QPzU=,GUFalgJZMlKrf8larpZwX6f+2ss=
-51,25,Qp/ckuKigeRAHu5iVRgGzL/QPzU=,GUFalgJZMlKrf8larpZwX6f+2ss=
-50,25,Qp/ckuKigeRAHu5iVRgGzL/QPzU=,GUFalgJZMlKrf8larpZwX6f+2ss=
-51,18,Qp/ckuKigeRAHu5iVRgGzL/QPzU=,GUFalgJZMlKrf8larpZwX6f+2ss=
-52,25,Qp/ckuKigeRAHu5iVRgGzL/QPzU=,GUFalgJZMlKrf8larpZwX6f+2ss=
-53,25,Qp/ckuKigeRAHu5iVRgGzL/QPzU=,GUFalgJZMlKrf8larpZwX6f+2ss=
-52,16,Qp/ckuKigeRAHu5iVRgGzL/QPzU=,GUFalgJZMlKrf8larpZwX6f+2ss=
-54,25,Qp/ckuKigeRAHu5iVRgGzL/QPzU=,GUFalgJZMlKrf8larpZwX6f+2ss=
-62,26,Qp/ckuKigeRAHu5iVRgGzL/QPzU=,GUFalgJZMlKrf8larpZwX6f+2ss=
-49,25,Qp/ckuKigeRAHu5iVRgGzL/QPzU=,GUFalgJZMlKrf8larpZwX6f+2ss=
-56,26,Qp/ckuKigeRAHu5iVRgGzL/QPzU=,GUFalgJZMlKrf8larpZwX6f+2ss=
-60,25,Qp/ckuKigeRAHu5iVRgGzL/QPzU=,GUFalgJZMlKrf8larpZwX6f+2ss=
-61,25,Qp/ckuKigeRAHu5iVRgGzL/QPzU=,GUFalgJZMlKrf8larpZwX6f+2ss=
-55,19,Qp/ckuKigeRAHu5iVRgGzL/QPzU=,GUFalgJZMlKrf8larpZwX6f+2ss=
-49,26,Qp/ckuKigeRAHu5iVRgGzL/QPzU=,GUFalgJZMlKrf8larpZwX6f+2ss=
-63,26,Qp/ckuKigeRAHu5iVRgGzL/QPzU=,GUFalgJZMlKrf8larpZwX6f+2ss=
-52,18,Qp/ckuKigeRAHu5iVRgGzL/QPzU=,GUFalgJZMlKrf8larpZwX6f+2ss=
-49,24,Qp/ckuKigeRAHu5iVRgGzL/QPzU=,GUFalgJZMlKrf8larpZwX6f+2ss=
-59,25,Qp/ckuKigeRAHu5iVRgGzL/QPzU=,GUFalgJZMlKrf8larpZwX6f+2ss=
-55,25,Qp/ckuKigeRAHu5iVRgGzL/QPzU=,GUFalgJZMlKrf8larpZwX6f+2ss=
-52,24,Qp/ckuKigeRAHu5iVRgGzL/QPzU=,GUFalgJZMlKrf8larpZwX6f+2ss=
-64,25,Qp/ckuKigeRAHu5iVRgGzL/QPzU=,GUFalgJZMlKrf8larpZwX6f+2ss=
-56,25,Qp/ckuKigeRAHu5iVRgGzL/QPzU=,GUFalgJZMlKrf8larpZwX6f+2ss=
-53,24,Qp/ckuKigeRAHu5iVRgGzL/QPzU=,GUFalgJZMlKrf8larpZwX6f+2ss=
-51,24,Qp/ckuKigeRAHu5iVRgGzL/QPzU=,GUFalgJZMlKrf8larpZwX6f+2ss=
-62,25,Qp/ckuKigeRAHu5iVRgGzL/QPzU=,GUFalgJZMlKrf8larpZwX6f+2ss=
-58,25,Qp/ckuKigeRAHu5iVRgGzL/QPzU=,GUFalgJZMlKrf8larpZwX6f+2ss=
-63,25,Qp/ckuKigeRAHu5iVRgGzL/QPzU=,GUFalgJZMlKrf8larpZwX6f+2ss=
-50,24,Qp/ckuKigeRAHu5iVRgGzL/QPzU=,GUFalgJZMlKrf8larpZwX6f+2ss=
-57,25,Qp/ckuKigeRAHu5iVRgGzL/QPzU=,GUFalgJZMlKrf8larpZwX6f+2ss=
-53,17,Qp/ckuKigeRAHu5iVRgGzL/QPzU=,GUFalgJZMlKrf8larpZwX6f+2ss=
-54,19,Qp/ckuKigeRAHu5iVRgGzL/QPzU=,GUFalgJZMlKrf8larpZwX6f+2ss=
-58,24,Qp/ckuKigeRAHu5iVRgGzL/QPzU=,GUFalgJZMlKrf8larpZwX6f+2ss=
-64,24,Qp/ckuKigeRAHu5iVRgGzL/QPzU=,GUFalgJZMlKrf8larpZwX6f+2ss=
-53,16,Qp/ckuKigeRAHu5iVRgGzL/QPzU=,GUFalgJZMlKrf8larpZwX6f+2ss=
-57,24,Qp/ckuKigeRAHu5iVRgGzL/QPzU=,GUFalgJZMlKrf8larpZwX6f+2ss=
-53,18,Qp/ckuKigeRAHu5iVRgGzL/QPzU=,GUFalgJZMlKrf8larpZwX6f+2ss=
-53,19,Qp/ckuKigeRAHu5iVRgGzL/QPzU=,GUFalgJZMlKrf8larpZwX6f+2ss=
-54,24,Qp/ckuKigeRAHu5iVRgGzL/QPzU=,GUFalgJZMlKrf8larpZwX6f+2ss=
-56,24,Qp/ckuKigeRAHu5iVRgGzL/QPzU=,GUFalgJZMlKrf8larpZwX6f+2ss=
-49,23,Qp/ckuKigeRAHu5iVRgGzL/QPzU=,GUFalgJZMlKrf8larpZwX6f+2ss=
-52,19,Qp/ckuKigeRAHu5iVRgGzL/QPzU=,GUFalgJZMlKrf8larpZwX6f+2ss=
-55,24,Qp/ckuKigeRAHu5iVRgGzL/QPzU=,GUFalgJZMlKrf8larpZwX6f+2ss=
-63,24,Qp/ckuKigeRAHu5iVRgGzL/QPzU=,GUFalgJZMlKrf8larpZwX6f+2ss=
-60,24,Qp/ckuKigeRAHu5iVRgGzL/QPzU=,GUFalgJZMlKrf8larpZwX6f+2ss=
-62,24,Qp/ckuKigeRAHu5iVRgGzL/QPzU=,GUFalgJZMlKrf8larpZwX6f+2ss=
-61,24,Qp/ckuKigeRAHu5iVRgGzL/QPzU=,GUFalgJZMlKrf8larpZwX6f+2ss=
-59,24,Qp/ckuKigeRAHu5iVRgGzL/QPzU=,GUFalgJZMlKrf8larpZwX6f+2ss=
-52,23,Qp/ckuKigeRAHu5iVRgGzL/QPzU=,GUFalgJZMlKrf8larpZwX6f+2ss=
-53,23,Qp/ckuKigeRAHu5iVRgGzL/QPzU=,GUFalgJZMlKrf8larpZwX6f+2ss=
-54,16,Qp/ckuKigeRAHu5iVRgGzL/QPzU=,GUFalgJZMlKrf8larpZwX6f+2ss=
-54,17,Qp/ckuKigeRAHu5iVRgGzL/QPzU=,GUFalgJZMlKrf8larpZwX6f+2ss=
-51,19,Qp/ckuKigeRAHu5iVRgGzL/QPzU=,GUFalgJZMlKrf8larpZwX6f+2ss=
-59,23,Qp/ckuKigeRAHu5iVRgGzL/QPzU=,GUFalgJZMlKrf8larpZwX6f+2ss=
-50,23,Qp/ckuKigeRAHu5iVRgGzL/QPzU=,GUFalgJZMlKrf8larpZwX6f+2ss=
-57,23,Qp/ckuKigeRAHu5iVRgGzL/QPzU=,GUFalgJZMlKrf8larpZwX6f+2ss=
-58,23,Qp/ckuKigeRAHu5iVRgGzL/QPzU=,GUFalgJZMlKrf8larpZwX6f+2ss=
-63,23,Qp/ckuKigeRAHu5iVRgGzL/QPzU=,GUFalgJZMlKrf8larpZwX6f+2ss=
-51,23,Qp/ckuKigeRAHu5iVRgGzL/QPzU=,GUFalgJZMlKrf8larpZwX6f+2ss=
-64,23,Qp/ckuKigeRAHu5iVRgGzL/QPzU=,GUFalgJZMlKrf8larpZwX6f+2ss=
-61,23,Qp/ckuKigeRAHu5iVRgGzL/QPzU=,GUFalgJZMlKrf8larpZwX6f+2ss=
-60,23,Qp/ckuKigeRAHu5iVRgGzL/QPzU=,GUFalgJZMlKrf8larpZwX6f+2ss=
-56,23,Qp/ckuKigeRAHu5iVRgGzL/QPzU=,GUFalgJZMlKrf8larpZwX6f+2ss=
-49,22,Qp/ckuKigeRAHu5iVRgGzL/QPzU=,GUFalgJZMlKrf8larpZwX6f+2ss=
-55,23,Qp/ckuKigeRAHu5iVRgGzL/QPzU=,GUFalgJZMlKrf8larpZwX6f+2ss=
-53,22,Qp/ckuKigeRAHu5iVRgGzL/QPzU=,GUFalgJZMlKrf8larpZwX6f+2ss=
-54,18,Qp/ckuKigeRAHu5iVRgGzL/QPzU=,GUFalgJZMlKrf8larpZwX6f+2ss=
-54,23,Qp/ckuKigeRAHu5iVRgGzL/QPzU=,GUFalgJZMlKrf8larpZwX6f+2ss=
-52,22,Qp/ckuKigeRAHu5iVRgGzL/QPzU=,GUFalgJZMlKrf8larpZwX6f+2ss=
-62,23,Qp/ckuKigeRAHu5iVRgGzL/QPzU=,GUFalgJZMlKrf8larpZwX6f+2ss=
-59,22,Qp/ckuKigeRAHu5iVRgGzL/QPzU=,GUFalgJZMlKrf8larpZwX6f+2ss=
-55,16,Qp/ckuKigeRAHu5iVRgGzL/QPzU=,GUFalgJZMlKrf8larpZwX6f+2ss=
-55,17,Qp/ckuKigeRAHu5iVRgGzL/QPzU=,GUFalgJZMlKrf8larpZwX6f+2ss=
-51,22,Qp/ckuKigeRAHu5iVRgGzL/QPzU=,GUFalgJZMlKrf8larpZwX6f+2ss=
-50,22,Qp/ckuKigeRAHu5iVRgGzL/QPzU=,GUFalgJZMlKrf8larpZwX6f+2ss=
-56,22,Qp/ckuKigeRAHu5iVRgGzL/QPzU=,GUFalgJZMlKrf8larpZwX6f+2ss=
-60,22,Qp/ckuKigeRAHu5iVRgGzL/QPzU=,GUFalgJZMlKrf8larpZwX6f+2ss=
-49,21,Qp/ckuKigeRAHu5iVRgGzL/QPzU=,GUFalgJZMlKrf8larpZwX6f+2ss=
-54,22,Qp/ckuKigeRAHu5iVRgGzL/QPzU=,GUFalgJZMlKrf8larpZwX6f+2ss=
-57,22,Qp/ckuKigeRAHu5iVRgGzL/QPzU=,GUFalgJZMlKrf8larpZwX6f+2ss=
-50,21,Qp/ckuKigeRAHu5iVRgGzL/QPzU=,GUFalgJZMlKrf8larpZwX6f+2ss=
-50,19,Qp/ckuKigeRAHu5iVRgGzL/QPzU=,GUFalgJZMlKrf8larpZwX6f+2ss=
-53,21,Qp/ckuKigeRAHu5iVRgGzL/QPzU=,GUFalgJZMlKrf8larpZwX6f+2ss=
-55,22,Qp/ckuKigeRAHu5iVRgGzL/QPzU=,GUFalgJZMlKrf8larpZwX6f+2ss=
-52,21,Qp/ckuKigeRAHu5iVRgGzL/QPzU=,GUFalgJZMlKrf8larpZwX6f+2ss=
-64,22,Qp/ckuKigeRAHu5iVRgGzL/QPzU=,GUFalgJZMlKrf8larpZwX6f+2ss=
-63,22,Qp/ckuKigeRAHu5iVRgGzL/QPzU=,GUFalgJZMlKrf8larpZwX6f+2ss=
-58,22,Qp/ckuKigeRAHu5iVRgGzL/QPzU=,GUFalgJZMlKrf8larpZwX6f+2ss=
-51,21,Qp/ckuKigeRAHu5iVRgGzL/QPzU=,GUFalgJZMlKrf8larpZwX6f+2ss=
-61,22,Qp/ckuKigeRAHu5iVRgGzL/QPzU=,GUFalgJZMlKrf8larpZwX6f+2ss=
-49,19,Qp/ckuKigeRAHu5iVRgGzL/QPzU=,GUFalgJZMlKrf8larpZwX6f+2ss=
-62,22,Qp/ckuKigeRAHu5iVRgGzL/QPzU=,GUFalgJZMlKrf8larpZwX6f+2ss=
-56,21,Qp/ckuKigeRAHu5iVRgGzL/QPzU=,GUFalgJZMlKrf8larpZwX6f+2ss=
-57,21,Qp/ckuKigeRAHu5iVRgGzL/QPzU=,GUFalgJZMlKrf8larpZwX6f+2ss=
-55,18,Qp/ckuKigeRAHu5iVRgGzL/QPzU=,GUFalgJZMlKrf8larpZwX6f+2ss=
-56,16,Qp/ckuKigeRAHu5iVRgGzL/QPzU=,GUFalgJZMlKrf8larpZwX6f+2ss=
-54,21,Qp/ckuKigeRAHu5iVRgGzL/QPzU=,GUFalgJZMlKrf8larpZwX6f+2ss=
-49,20,Qp/ckuKigeRAHu5iVRgGzL/QPzU=,GUFalgJZMlKrf8larpZwX6f+2ss=
-56,17,Qp/ckuKigeRAHu5iVRgGzL/QPzU=,GUFalgJZMlKrf8larpZwX6f+2ss=
-59,21,Qp/ckuKigeRAHu5iVRgGzL/QPzU=,GUFalgJZMlKrf8larpZwX6f+2ss=
-51,20,Qp/ckuKigeRAHu5iVRgGzL/QPzU=,GUFalgJZMlKrf8larpZwX6f+2ss=
-52,20,Qp/ckuKigeRAHu5iVRgGzL/QPzU=,GUFalgJZMlKrf8larpZwX6f+2ss=
-50,20,Qp/ckuKigeRAHu5iVRgGzL/QPzU=,GUFalgJZMlKrf8larpZwX6f+2ss=
-53,20,Qp/ckuKigeRAHu5iVRgGzL/QPzU=,GUFalgJZMlKrf8larpZwX6f+2ss=
-55,21,Qp/ckuKigeRAHu5iVRgGzL/QPzU=,GUFalgJZMlKrf8larpZwX6f+2ss=
-60,21,Qp/ckuKigeRAHu5iVRgGzL/QPzU=,GUFalgJZMlKrf8larpZwX6f+2ss=
-58,17,Qp/ckuKigeRAHu5iVRgGzL/QPzU=,GUFalgJZMlKrf8larpZwX6f+2ss=
-64,21,Qp/ckuKigeRAHu5iVRgGzL/QPzU=,GUFalgJZMlKrf8larpZwX6f+2ss=
-61,21,Qp/ckuKigeRAHu5iVRgGzL/QPzU=,GUFalgJZMlKrf8larpZwX6f+2ss=
-58,21,Qp/ckuKigeRAHu5iVRgGzL/QPzU=,GUFalgJZMlKrf8larpZwX6f+2ss=
-63,21,Qp/ckuKigeRAHu5iVRgGzL/QPzU=,GUFalgJZMlKrf8larpZwX6f+2ss=
-62,21,Qp/ckuKigeRAHu5iVRgGzL/QPzU=,GUFalgJZMlKrf8larpZwX6f+2ss=
-56,18,Qp/ckuKigeRAHu5iVRgGzL/QPzU=,GUFalgJZMlKrf8larpZwX6f+2ss=
-57,17,Qp/ckuKigeRAHu5iVRgGzL/QPzU=,GUFalgJZMlKrf8larpZwX6f+2ss=
-57,20,Qp/ckuKigeRAHu5iVRgGzL/QPzU=,GUFalgJZMlKrf8larpZwX6f+2ss=
-54,20,Qp/ckuKigeRAHu5iVRgGzL/QPzU=,GUFalgJZMlKrf8larpZwX6f+2ss=
-56,20,Qp/ckuKigeRAHu5iVRgGzL/QPzU=,GUFalgJZMlKrf8larpZwX6f+2ss=
-57,16,Qp/ckuKigeRAHu5iVRgGzL/QPzU=,GUFalgJZMlKrf8larpZwX6f+2ss=
-55,20,Qp/ckuKigeRAHu5iVRgGzL/QPzU=,GUFalgJZMlKrf8larpZwX6f+2ss=
-59,20,Qp/ckuKigeRAHu5iVRgGzL/QPzU=,GUFalgJZMlKrf8larpZwX6f+2ss=
-60,20,Qp/ckuKigeRAHu5iVRgGzL/QPzU=,GUFalgJZMlKrf8larpZwX6f+2ss=
-63,20,Qp/ckuKigeRAHu5iVRgGzL/QPzU=,GUFalgJZMlKrf8larpZwX6f+2ss=
-64,20,Qp/ckuKigeRAHu5iVRgGzL/QPzU=,GUFalgJZMlKrf8larpZwX6f+2ss=
-57,18,Qp/ckuKigeRAHu5iVRgGzL/QPzU=,GUFalgJZMlKrf8larpZwX6f+2ss=
-58,16,Qp/ckuKigeRAHu5iVRgGzL/QPzU=,GUFalgJZMlKrf8larpZwX6f+2ss=
-58,20,Qp/ckuKigeRAHu5iVRgGzL/QPzU=,GUFalgJZMlKrf8larpZwX6f+2ss=
-62,20,Qp/ckuKigeRAHu5iVRgGzL/QPzU=,GUFalgJZMlKrf8larpZwX6f+2ss=
-61,20,Qp/ckuKigeRAHu5iVRgGzL/QPzU=,GUFalgJZMlKrf8larpZwX6f+2ss=
-39,31,+LLJJjW+Pf/UkT5HisEiFjoidbw=,j+hjJ5b07YXjR03jh27PkJve6yU=
-34,31,/D4N34WTWAE6bIKhUnVkb/JPFaA=,j+hjJ5b07YXjR03jh27PkJve6yU=
-36,31,/D4N34WTWAE6bIKhUnVkb/JPFaA=,j+hjJ5b07YXjR03jh27PkJve6yU=
-35,31,+LLJJjW+Pf/UkT5HisEiFjoidbw=,j+hjJ5b07YXjR03jh27PkJve6yU=
-37,31,+LLJJjW+Pf/UkT5HisEiFjoidbw=,j+hjJ5b07YXjR03jh27PkJve6yU=
-33,31,/D4N34WTWAE6bIKhUnVkb/JPFaA=,j+hjJ5b07YXjR03jh27PkJve6yU=
-38,31,+LLJJjW+Pf/UkT5HisEiFjoidbw=,j+hjJ5b07YXjR03jh27PkJve6yU=
-40,31,+LLJJjW+Pf/UkT5HisEiFjoidbw=,j+hjJ5b07YXjR03jh27PkJve6yU=
-43,16,1ftCwFOgTBofKJ1vGXrTAG6B2EI=,j+hjJ5b07YXjR03jh27PkJve6yU=
-47,16,1ftCwFOgTBofKJ1vGXrTAG6B2EI=,j+hjJ5b07YXjR03jh27PkJve6yU=
-41,31,1ftCwFOgTBofKJ1vGXrTAG6B2EI=,j+hjJ5b07YXjR03jh27PkJve6yU=
-43,17,DU2SwebWMPsGLvvhg/NSh2bjMeo=,j+hjJ5b07YXjR03jh27PkJve6yU=
-41,19,1ftCwFOgTBofKJ1vGXrTAG6B2EI=,j+hjJ5b07YXjR03jh27PkJve6yU=
-44,17,utvUZllJBMIubzFqHfIYEz0/nO4=,j+hjJ5b07YXjR03jh27PkJve6yU=
-43,19,2dfaeWubNNCL95vMp9AuRgJqBvo=,j+hjJ5b07YXjR03jh27PkJve6yU=
-43,31,2dfaeWubNNCL95vMp9AuRgJqBvo=,j+hjJ5b07YXjR03jh27PkJve6yU=
-44,19,DU2SwebWMPsGLvvhg/NSh2bjMeo=,j+hjJ5b07YXjR03jh27PkJve6yU=
-45,16,2dfaeWubNNCL95vMp9AuRgJqBvo=,j+hjJ5b07YXjR03jh27PkJve6yU=
-44,18,utvUZllJBMIubzFqHfIYEz0/nO4=,j+hjJ5b07YXjR03jh27PkJve6yU=
-42,31,2dfaeWubNNCL95vMp9AuRgJqBvo=,j+hjJ5b07YXjR03jh27PkJve6yU=
-47,31,1ftCwFOgTBofKJ1vGXrTAG6B2EI=,j+hjJ5b07YXjR03jh27PkJve6yU=
-47,18,2dfaeWubNNCL95vMp9AuRgJqBvo=,j+hjJ5b07YXjR03jh27PkJve6yU=
-42,19,2dfaeWubNNCL95vMp9AuRgJqBvo=,j+hjJ5b07YXjR03jh27PkJve6yU=
-34,30,2dfaeWubNNCL95vMp9AuRgJqBvo=,j+hjJ5b07YXjR03jh27PkJve6yU=
-43,18,2dfaeWubNNCL95vMp9AuRgJqBvo=,j+hjJ5b07YXjR03jh27PkJve6yU=
-45,31,2dfaeWubNNCL95vMp9AuRgJqBvo=,j+hjJ5b07YXjR03jh27PkJve6yU=
-33,30,2dfaeWubNNCL95vMp9AuRgJqBvo=,j+hjJ5b07YXjR03jh27PkJve6yU=
-35,30,2dfaeWubNNCL95vMp9AuRgJqBvo=,j+hjJ5b07YXjR03jh27PkJve6yU=
-44,31,2dfaeWubNNCL95vMp9AuRgJqBvo=,j+hjJ5b07YXjR03jh27PkJve6yU=
-44,16,2dfaeWubNNCL95vMp9AuRgJqBvo=,j+hjJ5b07YXjR03jh27PkJve6yU=
-40,19,2dfaeWubNNCL95vMp9AuRgJqBvo=,j+hjJ5b07YXjR03jh27PkJve6yU=
-48,31,utvUZllJBMIubzFqHfIYEz0/nO4=,j+hjJ5b07YXjR03jh27PkJve6yU=
-37,30,2dfaeWubNNCL95vMp9AuRgJqBvo=,j+hjJ5b07YXjR03jh27PkJve6yU=
-36,30,2dfaeWubNNCL95vMp9AuRgJqBvo=,j+hjJ5b07YXjR03jh27PkJve6yU=
-39,30,2dfaeWubNNCL95vMp9AuRgJqBvo=,j+hjJ5b07YXjR03jh27PkJve6yU=
-40,30,2dfaeWubNNCL95vMp9AuRgJqBvo=,j+hjJ5b07YXjR03jh27PkJve6yU=
-38,30,2dfaeWubNNCL95vMp9AuRgJqBvo=,j+hjJ5b07YXjR03jh27PkJve6yU=
-45,18,2dfaeWubNNCL95vMp9AuRgJqBvo=,j+hjJ5b07YXjR03jh27PkJve6yU=
-46,31,2dfaeWubNNCL95vMp9AuRgJqBvo=,j+hjJ5b07YXjR03jh27PkJve6yU=
-38,19,2dfaeWubNNCL95vMp9AuRgJqBvo=,j+hjJ5b07YXjR03jh27PkJve6yU=
-39,19,2dfaeWubNNCL95vMp9AuRgJqBvo=,j+hjJ5b07YXjR03jh27PkJve6yU=
-45,19,2dfaeWubNNCL95vMp9AuRgJqBvo=,j+hjJ5b07YXjR03jh27PkJve6yU=
-43,30,2dfaeWubNNCL95vMp9AuRgJqBvo=,j+hjJ5b07YXjR03jh27PkJve6yU=
-46,18,2dfaeWubNNCL95vMp9AuRgJqBvo=,j+hjJ5b07YXjR03jh27PkJve6yU=
-44,30,2dfaeWubNNCL95vMp9AuRgJqBvo=,j+hjJ5b07YXjR03jh27PkJve6yU=
-41,30,2dfaeWubNNCL95vMp9AuRgJqBvo=,j+hjJ5b07YXjR03jh27PkJve6yU=
-35,29,2dfaeWubNNCL95vMp9AuRgJqBvo=,j+hjJ5b07YXjR03jh27PkJve6yU=
-33,29,2dfaeWubNNCL95vMp9AuRgJqBvo=,j+hjJ5b07YXjR03jh27PkJve6yU=
-34,29,2dfaeWubNNCL95vMp9AuRgJqBvo=,j+hjJ5b07YXjR03jh27PkJve6yU=
-45,30,2dfaeWubNNCL95vMp9AuRgJqBvo=,j+hjJ5b07YXjR03jh27PkJve6yU=
-37,19,2dfaeWubNNCL95vMp9AuRgJqBvo=,j+hjJ5b07YXjR03jh27PkJve6yU=
-37,29,2dfaeWubNNCL95vMp9AuRgJqBvo=,j+hjJ5b07YXjR03jh27PkJve6yU=
-38,29,2dfaeWubNNCL95vMp9AuRgJqBvo=,j+hjJ5b07YXjR03jh27PkJve6yU=
-42,30,2dfaeWubNNCL95vMp9AuRgJqBvo=,j+hjJ5b07YXjR03jh27PkJve6yU=
-39,29,2dfaeWubNNCL95vMp9AuRgJqBvo=,j+hjJ5b07YXjR03jh27PkJve6yU=
-36,29,2dfaeWubNNCL95vMp9AuRgJqBvo=,j+hjJ5b07YXjR03jh27PkJve6yU=
-48,18,2dfaeWubNNCL95vMp9AuRgJqBvo=,j+hjJ5b07YXjR03jh27PkJve6yU=
-36,19,2dfaeWubNNCL95vMp9AuRgJqBvo=,j+hjJ5b07YXjR03jh27PkJve6yU=
-40,29,2dfaeWubNNCL95vMp9AuRgJqBvo=,j+hjJ5b07YXjR03jh27PkJve6yU=
-46,30,2dfaeWubNNCL95vMp9AuRgJqBvo=,j+hjJ5b07YXjR03jh27PkJve6yU=
-35,19,2dfaeWubNNCL95vMp9AuRgJqBvo=,j+hjJ5b07YXjR03jh27PkJve6yU=
-47,30,2dfaeWubNNCL95vMp9AuRgJqBvo=,j+hjJ5b07YXjR03jh27PkJve6yU=
-45,17,2dfaeWubNNCL95vMp9AuRgJqBvo=,j+hjJ5b07YXjR03jh27PkJve6yU=
-48,30,2dfaeWubNNCL95vMp9AuRgJqBvo=,j+hjJ5b07YXjR03jh27PkJve6yU=
-44,29,2dfaeWubNNCL95vMp9AuRgJqBvo=,j+hjJ5b07YXjR03jh27PkJve6yU=
-41,29,2dfaeWubNNCL95vMp9AuRgJqBvo=,j+hjJ5b07YXjR03jh27PkJve6yU=
-33,28,2dfaeWubNNCL95vMp9AuRgJqBvo=,j+hjJ5b07YXjR03jh27PkJve6yU=
-34,19,2dfaeWubNNCL95vMp9AuRgJqBvo=,j+hjJ5b07YXjR03jh27PkJve6yU=
-46,19,2dfaeWubNNCL95vMp9AuRgJqBvo=,j+hjJ5b07YXjR03jh27PkJve6yU=
-34,28,2dfaeWubNNCL95vMp9AuRgJqBvo=,j+hjJ5b07YXjR03jh27PkJve6yU=
-43,29,2dfaeWubNNCL95vMp9AuRgJqBvo=,j+hjJ5b07YXjR03jh27PkJve6yU=
-35,28,2dfaeWubNNCL95vMp9AuRgJqBvo=,j+hjJ5b07YXjR03jh27PkJve6yU=
-36,28,2dfaeWubNNCL95vMp9AuRgJqBvo=,j+hjJ5b07YXjR03jh27PkJve6yU=
-37,28,2dfaeWubNNCL95vMp9AuRgJqBvo=,j+hjJ5b07YXjR03jh27PkJve6yU=
-45,29,2dfaeWubNNCL95vMp9AuRgJqBvo=,j+hjJ5b07YXjR03jh27PkJve6yU=
-42,29,2dfaeWubNNCL95vMp9AuRgJqBvo=,j+hjJ5b07YXjR03jh27PkJve6yU=
-38,28,2dfaeWubNNCL95vMp9AuRgJqBvo=,j+hjJ5b07YXjR03jh27PkJve6yU=
-46,17,2dfaeWubNNCL95vMp9AuRgJqBvo=,j+hjJ5b07YXjR03jh27PkJve6yU=
-39,28,2dfaeWubNNCL95vMp9AuRgJqBvo=,j+hjJ5b07YXjR03jh27PkJve6yU=
-47,29,2dfaeWubNNCL95vMp9AuRgJqBvo=,j+hjJ5b07YXjR03jh27PkJve6yU=
-48,29,2dfaeWubNNCL95vMp9AuRgJqBvo=,j+hjJ5b07YXjR03jh27PkJve6yU=
-33,16,2dfaeWubNNCL95vMp9AuRgJqBvo=,j+hjJ5b07YXjR03jh27PkJve6yU=
-40,28,2dfaeWubNNCL95vMp9AuRgJqBvo=,j+hjJ5b07YXjR03jh27PkJve6yU=
-33,18,2dfaeWubNNCL95vMp9AuRgJqBvo=,j+hjJ5b07YXjR03jh27PkJve6yU=
-46,29,2dfaeWubNNCL95vMp9AuRgJqBvo=,j+hjJ5b07YXjR03jh27PkJve6yU=
-33,17,2dfaeWubNNCL95vMp9AuRgJqBvo=,j+hjJ5b07YXjR03jh27PkJve6yU=
-48,19,2dfaeWubNNCL95vMp9AuRgJqBvo=,j+hjJ5b07YXjR03jh27PkJve6yU=
-47,28,2dfaeWubNNCL95vMp9AuRgJqBvo=,j+hjJ5b07YXjR03jh27PkJve6yU=
-47,19,2dfaeWubNNCL95vMp9AuRgJqBvo=,j+hjJ5b07YXjR03jh27PkJve6yU=
-47,17,2dfaeWubNNCL95vMp9AuRgJqBvo=,j+hjJ5b07YXjR03jh27PkJve6yU=
-43,28,2dfaeWubNNCL95vMp9AuRgJqBvo=,j+hjJ5b07YXjR03jh27PkJve6yU=
-33,27,2dfaeWubNNCL95vMp9AuRgJqBvo=,j+hjJ5b07YXjR03jh27PkJve6yU=
-44,28,2dfaeWubNNCL95vMp9AuRgJqBvo=,j+hjJ5b07YXjR03jh27PkJve6yU=
-35,27,2dfaeWubNNCL95vMp9AuRgJqBvo=,j+hjJ5b07YXjR03jh27PkJve6yU=
-34,27,2dfaeWubNNCL95vMp9AuRgJqBvo=,j+hjJ5b07YXjR03jh27PkJve6yU=
-48,28,2dfaeWubNNCL95vMp9AuRgJqBvo=,j+hjJ5b07YXjR03jh27PkJve6yU=
-46,28,2dfaeWubNNCL95vMp9AuRgJqBvo=,j+hjJ5b07YXjR03jh27PkJve6yU=
-41,28,2dfaeWubNNCL95vMp9AuRgJqBvo=,j+hjJ5b07YXjR03jh27PkJve6yU=
-34,18,2dfaeWubNNCL95vMp9AuRgJqBvo=,j+hjJ5b07YXjR03jh27PkJve6yU=
-37,27,2dfaeWubNNCL95vMp9AuRgJqBvo=,j+hjJ5b07YXjR03jh27PkJve6yU=
-38,27,2dfaeWubNNCL95vMp9AuRgJqBvo=,j+hjJ5b07YXjR03jh27PkJve6yU=
-36,27,2dfaeWubNNCL95vMp9AuRgJqBvo=,j+hjJ5b07YXjR03jh27PkJve6yU=
-48,17,2dfaeWubNNCL95vMp9AuRgJqBvo=,j+hjJ5b07YXjR03jh27PkJve6yU=
-45,28,2dfaeWubNNCL95vMp9AuRgJqBvo=,j+hjJ5b07YXjR03jh27PkJve6yU=
-42,28,2dfaeWubNNCL95vMp9AuRgJqBvo=,j+hjJ5b07YXjR03jh27PkJve6yU=
-39,27,2dfaeWubNNCL95vMp9AuRgJqBvo=,j+hjJ5b07YXjR03jh27PkJve6yU=
-34,17,2dfaeWubNNCL95vMp9AuRgJqBvo=,j+hjJ5b07YXjR03jh27PkJve6yU=
-34,16,2dfaeWubNNCL95vMp9AuRgJqBvo=,j+hjJ5b07YXjR03jh27PkJve6yU=
-40,27,2dfaeWubNNCL95vMp9AuRgJqBvo=,j+hjJ5b07YXjR03jh27PkJve6yU=
-42,18,2dfaeWubNNCL95vMp9AuRgJqBvo=,j+hjJ5b07YXjR03jh27PkJve6yU=
-46,16,2dfaeWubNNCL95vMp9AuRgJqBvo=,j+hjJ5b07YXjR03jh27PkJve6yU=
-33,26,2dfaeWubNNCL95vMp9AuRgJqBvo=,j+hjJ5b07YXjR03jh27PkJve6yU=
-34,26,2dfaeWubNNCL95vMp9AuRgJqBvo=,j+hjJ5b07YXjR03jh27PkJve6yU=
-35,18,2dfaeWubNNCL95vMp9AuRgJqBvo=,j+hjJ5b07YXjR03jh27PkJve6yU=
-35,26,2dfaeWubNNCL95vMp9AuRgJqBvo=,j+hjJ5b07YXjR03jh27PkJve6yU=
-36,26,2dfaeWubNNCL95vMp9AuRgJqBvo=,j+hjJ5b07YXjR03jh27PkJve6yU=
-48,27,2dfaeWubNNCL95vMp9AuRgJqBvo=,j+hjJ5b07YXjR03jh27PkJve6yU=
-37,26,2dfaeWubNNCL95vMp9AuRgJqBvo=,j+hjJ5b07YXjR03jh27PkJve6yU=
-38,26,2dfaeWubNNCL95vMp9AuRgJqBvo=,j+hjJ5b07YXjR03jh27PkJve6yU=
-47,27,2dfaeWubNNCL95vMp9AuRgJqBvo=,j+hjJ5b07YXjR03jh27PkJve6yU=
-35,16,2dfaeWubNNCL95vMp9AuRgJqBvo=,j+hjJ5b07YXjR03jh27PkJve6yU=
-39,26,2dfaeWubNNCL95vMp9AuRgJqBvo=,j+hjJ5b07YXjR03jh27PkJve6yU=
-35,17,2dfaeWubNNCL95vMp9AuRgJqBvo=,j+hjJ5b07YXjR03jh27PkJve6yU=
-40,26,2dfaeWubNNCL95vMp9AuRgJqBvo=,j+hjJ5b07YXjR03jh27PkJve6yU=
-41,26,2dfaeWubNNCL95vMp9AuRgJqBvo=,j+hjJ5b07YXjR03jh27PkJve6yU=
-48,16,2dfaeWubNNCL95vMp9AuRgJqBvo=,j+hjJ5b07YXjR03jh27PkJve6yU=
-46,27,2dfaeWubNNCL95vMp9AuRgJqBvo=,j+hjJ5b07YXjR03jh27PkJve6yU=
-44,27,2dfaeWubNNCL95vMp9AuRgJqBvo=,j+hjJ5b07YXjR03jh27PkJve6yU=
-41,27,2dfaeWubNNCL95vMp9AuRgJqBvo=,j+hjJ5b07YXjR03jh27PkJve6yU=
-45,27,2dfaeWubNNCL95vMp9AuRgJqBvo=,j+hjJ5b07YXjR03jh27PkJve6yU=
-42,27,2dfaeWubNNCL95vMp9AuRgJqBvo=,j+hjJ5b07YXjR03jh27PkJve6yU=
-36,16,2dfaeWubNNCL95vMp9AuRgJqBvo=,j+hjJ5b07YXjR03jh27PkJve6yU=
-42,16,2dfaeWubNNCL95vMp9AuRgJqBvo=,j+hjJ5b07YXjR03jh27PkJve6yU=
-42,26,2dfaeWubNNCL95vMp9AuRgJqBvo=,j+hjJ5b07YXjR03jh27PkJve6yU=
-36,18,2dfaeWubNNCL95vMp9AuRgJqBvo=,j+hjJ5b07YXjR03jh27PkJve6yU=
-33,25,2dfaeWubNNCL95vMp9AuRgJqBvo=,j+hjJ5b07YXjR03jh27PkJve6yU=
-34,25,2dfaeWubNNCL95vMp9AuRgJqBvo=,j+hjJ5b07YXjR03jh27PkJve6yU=
-43,27,2dfaeWubNNCL95vMp9AuRgJqBvo=,j+hjJ5b07YXjR03jh27PkJve6yU=
-35,25,2dfaeWubNNCL95vMp9AuRgJqBvo=,j+hjJ5b07YXjR03jh27PkJve6yU=
-36,25,2dfaeWubNNCL95vMp9AuRgJqBvo=,j+hjJ5b07YXjR03jh27PkJve6yU=
-37,25,2dfaeWubNNCL95vMp9AuRgJqBvo=,j+hjJ5b07YXjR03jh27PkJve6yU=
-36,17,2dfaeWubNNCL95vMp9AuRgJqBvo=,j+hjJ5b07YXjR03jh27PkJve6yU=
-38,25,2dfaeWubNNCL95vMp9AuRgJqBvo=,j+hjJ5b07YXjR03jh27PkJve6yU=
-41,25,2dfaeWubNNCL95vMp9AuRgJqBvo=,j+hjJ5b07YXjR03jh27PkJve6yU=
-39,25,2dfaeWubNNCL95vMp9AuRgJqBvo=,j+hjJ5b07YXjR03jh27PkJve6yU=
-33,19,2dfaeWubNNCL95vMp9AuRgJqBvo=,j+hjJ5b07YXjR03jh27PkJve6yU=
-40,25,2dfaeWubNNCL95vMp9AuRgJqBvo=,j+hjJ5b07YXjR03jh27PkJve6yU=
-42,25,2dfaeWubNNCL95vMp9AuRgJqBvo=,j+hjJ5b07YXjR03jh27PkJve6yU=
-46,26,2dfaeWubNNCL95vMp9AuRgJqBvo=,j+hjJ5b07YXjR03jh27PkJve6yU=
-47,26,2dfaeWubNNCL95vMp9AuRgJqBvo=,j+hjJ5b07YXjR03jh27PkJve6yU=
-45,26,2dfaeWubNNCL95vMp9AuRgJqBvo=,j+hjJ5b07YXjR03jh27PkJve6yU=
-37,16,2dfaeWubNNCL95vMp9AuRgJqBvo=,j+hjJ5b07YXjR03jh27PkJve6yU=
-33,24,2dfaeWubNNCL95vMp9AuRgJqBvo=,j+hjJ5b07YXjR03jh27PkJve6yU=
-37,17,2dfaeWubNNCL95vMp9AuRgJqBvo=,j+hjJ5b07YXjR03jh27PkJve6yU=
-34,24,2dfaeWubNNCL95vMp9AuRgJqBvo=,j+hjJ5b07YXjR03jh27PkJve6yU=
-48,26,2dfaeWubNNCL95vMp9AuRgJqBvo=,j+hjJ5b07YXjR03jh27PkJve6yU=
-36,24,2dfaeWubNNCL95vMp9AuRgJqBvo=,j+hjJ5b07YXjR03jh27PkJve6yU=
-37,18,2dfaeWubNNCL95vMp9AuRgJqBvo=,j+hjJ5b07YXjR03jh27PkJve6yU=
-37,24,2dfaeWubNNCL95vMp9AuRgJqBvo=,j+hjJ5b07YXjR03jh27PkJve6yU=
-35,24,2dfaeWubNNCL95vMp9AuRgJqBvo=,j+hjJ5b07YXjR03jh27PkJve6yU=
-43,26,2dfaeWubNNCL95vMp9AuRgJqBvo=,j+hjJ5b07YXjR03jh27PkJve6yU=
-38,24,2dfaeWubNNCL95vMp9AuRgJqBvo=,j+hjJ5b07YXjR03jh27PkJve6yU=
-39,24,2dfaeWubNNCL95vMp9AuRgJqBvo=,j+hjJ5b07YXjR03jh27PkJve6yU=
-41,24,2dfaeWubNNCL95vMp9AuRgJqBvo=,j+hjJ5b07YXjR03jh27PkJve6yU=
-48,25,2dfaeWubNNCL95vMp9AuRgJqBvo=,j+hjJ5b07YXjR03jh27PkJve6yU=
-42,24,2dfaeWubNNCL95vMp9AuRgJqBvo=,j+hjJ5b07YXjR03jh27PkJve6yU=
-40,24,2dfaeWubNNCL95vMp9AuRgJqBvo=,j+hjJ5b07YXjR03jh27PkJve6yU=
-48,20,2dfaeWubNNCL95vMp9AuRgJqBvo=,j+hjJ5b07YXjR03jh27PkJve6yU=
-43,25,2dfaeWubNNCL95vMp9AuRgJqBvo=,j+hjJ5b07YXjR03jh27PkJve6yU=
-46,25,2dfaeWubNNCL95vMp9AuRgJqBvo=,j+hjJ5b07YXjR03jh27PkJve6yU=
-45,25,2dfaeWubNNCL95vMp9AuRgJqBvo=,j+hjJ5b07YXjR03jh27PkJve6yU=
-48,24,2dfaeWubNNCL95vMp9AuRgJqBvo=,j+hjJ5b07YXjR03jh27PkJve6yU=
-44,25,2dfaeWubNNCL95vMp9AuRgJqBvo=,j+hjJ5b07YXjR03jh27PkJve6yU=
-33,23,2dfaeWubNNCL95vMp9AuRgJqBvo=,j+hjJ5b07YXjR03jh27PkJve6yU=
-47,25,2dfaeWubNNCL95vMp9AuRgJqBvo=,j+hjJ5b07YXjR03jh27PkJve6yU=
-38,17,2dfaeWubNNCL95vMp9AuRgJqBvo=,j+hjJ5b07YXjR03jh27PkJve6yU=
-38,16,2dfaeWubNNCL95vMp9AuRgJqBvo=,j+hjJ5b07YXjR03jh27PkJve6yU=
-38,18,2dfaeWubNNCL95vMp9AuRgJqBvo=,j+hjJ5b07YXjR03jh27PkJve6yU=
-43,24,2dfaeWubNNCL95vMp9AuRgJqBvo=,j+hjJ5b07YXjR03jh27PkJve6yU=
-34,23,2dfaeWubNNCL95vMp9AuRgJqBvo=,j+hjJ5b07YXjR03jh27PkJve6yU=
-35,23,2dfaeWubNNCL95vMp9AuRgJqBvo=,j+hjJ5b07YXjR03jh27PkJve6yU=
-36,23,2dfaeWubNNCL95vMp9AuRgJqBvo=,j+hjJ5b07YXjR03jh27PkJve6yU=
-37,23,2dfaeWubNNCL95vMp9AuRgJqBvo=,j+hjJ5b07YXjR03jh27PkJve6yU=
-44,24,2dfaeWubNNCL95vMp9AuRgJqBvo=,j+hjJ5b07YXjR03jh27PkJve6yU=
-38,23,2dfaeWubNNCL95vMp9AuRgJqBvo=,j+hjJ5b07YXjR03jh27PkJve6yU=
-39,23,2dfaeWubNNCL95vMp9AuRgJqBvo=,j+hjJ5b07YXjR03jh27PkJve6yU=
-40,23,2dfaeWubNNCL95vMp9AuRgJqBvo=,j+hjJ5b07YXjR03jh27PkJve6yU=
-41,23,2dfaeWubNNCL95vMp9AuRgJqBvo=,j+hjJ5b07YXjR03jh27PkJve6yU=
-47,24,2dfaeWubNNCL95vMp9AuRgJqBvo=,j+hjJ5b07YXjR03jh27PkJve6yU=
-44,26,2dfaeWubNNCL95vMp9AuRgJqBvo=,j+hjJ5b07YXjR03jh27PkJve6yU=
-46,24,2dfaeWubNNCL95vMp9AuRgJqBvo=,j+hjJ5b07YXjR03jh27PkJve6yU=
-33,22,2dfaeWubNNCL95vMp9AuRgJqBvo=,j+hjJ5b07YXjR03jh27PkJve6yU=
-48,23,2dfaeWubNNCL95vMp9AuRgJqBvo=,j+hjJ5b07YXjR03jh27PkJve6yU=
-45,24,2dfaeWubNNCL95vMp9AuRgJqBvo=,j+hjJ5b07YXjR03jh27PkJve6yU=
-34,22,2dfaeWubNNCL95vMp9AuRgJqBvo=,j+hjJ5b07YXjR03jh27PkJve6yU=
-36,22,2dfaeWubNNCL95vMp9AuRgJqBvo=,j+hjJ5b07YXjR03jh27PkJve6yU=
-35,22,2dfaeWubNNCL95vMp9AuRgJqBvo=,j+hjJ5b07YXjR03jh27PkJve6yU=
-37,22,2dfaeWubNNCL95vMp9AuRgJqBvo=,j+hjJ5b07YXjR03jh27PkJve6yU=
-44,23,2dfaeWubNNCL95vMp9AuRgJqBvo=,j+hjJ5b07YXjR03jh27PkJve6yU=
-42,23,2dfaeWubNNCL95vMp9AuRgJqBvo=,j+hjJ5b07YXjR03jh27PkJve6yU=
-38,22,2dfaeWubNNCL95vMp9AuRgJqBvo=,j+hjJ5b07YXjR03jh27PkJve6yU=
-40,22,2dfaeWubNNCL95vMp9AuRgJqBvo=,j+hjJ5b07YXjR03jh27PkJve6yU=
-39,22,2dfaeWubNNCL95vMp9AuRgJqBvo=,j+hjJ5b07YXjR03jh27PkJve6yU=
-41,22,2dfaeWubNNCL95vMp9AuRgJqBvo=,j+hjJ5b07YXjR03jh27PkJve6yU=
-39,16,2dfaeWubNNCL95vMp9AuRgJqBvo=,j+hjJ5b07YXjR03jh27PkJve6yU=
-47,23,2dfaeWubNNCL95vMp9AuRgJqBvo=,j+hjJ5b07YXjR03jh27PkJve6yU=
-45,22,2dfaeWubNNCL95vMp9AuRgJqBvo=,j+hjJ5b07YXjR03jh27PkJve6yU=
-39,18,2dfaeWubNNCL95vMp9AuRgJqBvo=,j+hjJ5b07YXjR03jh27PkJve6yU=
-33,21,2dfaeWubNNCL95vMp9AuRgJqBvo=,j+hjJ5b07YXjR03jh27PkJve6yU=
-47,20,2dfaeWubNNCL95vMp9AuRgJqBvo=,j+hjJ5b07YXjR03jh27PkJve6yU=
-39,17,2dfaeWubNNCL95vMp9AuRgJqBvo=,j+hjJ5b07YXjR03jh27PkJve6yU=
-45,23,2dfaeWubNNCL95vMp9AuRgJqBvo=,j+hjJ5b07YXjR03jh27PkJve6yU=
-34,21,2dfaeWubNNCL95vMp9AuRgJqBvo=,j+hjJ5b07YXjR03jh27PkJve6yU=
-35,21,2dfaeWubNNCL95vMp9AuRgJqBvo=,j+hjJ5b07YXjR03jh27PkJve6yU=
-46,23,2dfaeWubNNCL95vMp9AuRgJqBvo=,j+hjJ5b07YXjR03jh27PkJve6yU=
-42,22,2dfaeWubNNCL95vMp9AuRgJqBvo=,j+hjJ5b07YXjR03jh27PkJve6yU=
-48,22,2dfaeWubNNCL95vMp9AuRgJqBvo=,j+hjJ5b07YXjR03jh27PkJve6yU=
-36,21,2dfaeWubNNCL95vMp9AuRgJqBvo=,j+hjJ5b07YXjR03jh27PkJve6yU=
-37,21,2dfaeWubNNCL95vMp9AuRgJqBvo=,j+hjJ5b07YXjR03jh27PkJve6yU=
-38,21,2dfaeWubNNCL95vMp9AuRgJqBvo=,j+hjJ5b07YXjR03jh27PkJve6yU=
-40,21,2dfaeWubNNCL95vMp9AuRgJqBvo=,j+hjJ5b07YXjR03jh27PkJve6yU=
-43,23,2dfaeWubNNCL95vMp9AuRgJqBvo=,j+hjJ5b07YXjR03jh27PkJve6yU=
-39,21,2dfaeWubNNCL95vMp9AuRgJqBvo=,j+hjJ5b07YXjR03jh27PkJve6yU=
-46,22,2dfaeWubNNCL95vMp9AuRgJqBvo=,j+hjJ5b07YXjR03jh27PkJve6yU=
-47,22,2dfaeWubNNCL95vMp9AuRgJqBvo=,j+hjJ5b07YXjR03jh27PkJve6yU=
-43,22,2dfaeWubNNCL95vMp9AuRgJqBvo=,j+hjJ5b07YXjR03jh27PkJve6yU=
-41,21,2dfaeWubNNCL95vMp9AuRgJqBvo=,j+hjJ5b07YXjR03jh27PkJve6yU=
-33,20,2dfaeWubNNCL95vMp9AuRgJqBvo=,j+hjJ5b07YXjR03jh27PkJve6yU=
-44,22,2dfaeWubNNCL95vMp9AuRgJqBvo=,j+hjJ5b07YXjR03jh27PkJve6yU=
-40,17,2dfaeWubNNCL95vMp9AuRgJqBvo=,j+hjJ5b07YXjR03jh27PkJve6yU=
-40,16,2dfaeWubNNCL95vMp9AuRgJqBvo=,j+hjJ5b07YXjR03jh27PkJve6yU=
-34,20,2dfaeWubNNCL95vMp9AuRgJqBvo=,j+hjJ5b07YXjR03jh27PkJve6yU=
-48,21,2dfaeWubNNCL95vMp9AuRgJqBvo=,j+hjJ5b07YXjR03jh27PkJve6yU=
-40,18,2dfaeWubNNCL95vMp9AuRgJqBvo=,j+hjJ5b07YXjR03jh27PkJve6yU=
-35,20,2dfaeWubNNCL95vMp9AuRgJqBvo=,j+hjJ5b07YXjR03jh27PkJve6yU=
-46,20,2dfaeWubNNCL95vMp9AuRgJqBvo=,j+hjJ5b07YXjR03jh27PkJve6yU=
-37,20,2dfaeWubNNCL95vMp9AuRgJqBvo=,j+hjJ5b07YXjR03jh27PkJve6yU=
-46,21,2dfaeWubNNCL95vMp9AuRgJqBvo=,j+hjJ5b07YXjR03jh27PkJve6yU=
-36,20,2dfaeWubNNCL95vMp9AuRgJqBvo=,j+hjJ5b07YXjR03jh27PkJve6yU=
-38,20,2dfaeWubNNCL95vMp9AuRgJqBvo=,j+hjJ5b07YXjR03jh27PkJve6yU=
-39,20,2dfaeWubNNCL95vMp9AuRgJqBvo=,j+hjJ5b07YXjR03jh27PkJve6yU=
-45,21,2dfaeWubNNCL95vMp9AuRgJqBvo=,j+hjJ5b07YXjR03jh27PkJve6yU=
-41,17,2dfaeWubNNCL95vMp9AuRgJqBvo=,j+hjJ5b07YXjR03jh27PkJve6yU=
-44,21,2dfaeWubNNCL95vMp9AuRgJqBvo=,j+hjJ5b07YXjR03jh27PkJve6yU=
-40,20,2dfaeWubNNCL95vMp9AuRgJqBvo=,j+hjJ5b07YXjR03jh27PkJve6yU=
-43,21,2dfaeWubNNCL95vMp9AuRgJqBvo=,j+hjJ5b07YXjR03jh27PkJve6yU=
-42,21,2dfaeWubNNCL95vMp9AuRgJqBvo=,j+hjJ5b07YXjR03jh27PkJve6yU=
-47,21,2dfaeWubNNCL95vMp9AuRgJqBvo=,j+hjJ5b07YXjR03jh27PkJve6yU=
-41,20,2dfaeWubNNCL95vMp9AuRgJqBvo=,j+hjJ5b07YXjR03jh27PkJve6yU=
-41,16,2dfaeWubNNCL95vMp9AuRgJqBvo=,j+hjJ5b07YXjR03jh27PkJve6yU=
-42,17,2dfaeWubNNCL95vMp9AuRgJqBvo=,j+hjJ5b07YXjR03jh27PkJve6yU=
-41,18,2dfaeWubNNCL95vMp9AuRgJqBvo=,j+hjJ5b07YXjR03jh27PkJve6yU=
-44,20,2dfaeWubNNCL95vMp9AuRgJqBvo=,j+hjJ5b07YXjR03jh27PkJve6yU=
-42,20,2dfaeWubNNCL95vMp9AuRgJqBvo=,j+hjJ5b07YXjR03jh27PkJve6yU=
-45,20,2dfaeWubNNCL95vMp9AuRgJqBvo=,j+hjJ5b07YXjR03jh27PkJve6yU=
-43,20,2dfaeWubNNCL95vMp9AuRgJqBvo=,j+hjJ5b07YXjR03jh27PkJve6yU=
-33,15,VhJ/FblXBMCa4W1hJSMH32PhG+o=,KBA301gPC5wSbBl0xbp2RLKMLR4=
-35,15,VhJ/FblXBMCa4W1hJSMH32PhG+o=,KBA301gPC5wSbBl0xbp2RLKMLR4=
-34,15,VhJ/FblXBMCa4W1hJSMH32PhG+o=,KBA301gPC5wSbBl0xbp2RLKMLR4=
-36,15,VhJ/FblXBMCa4W1hJSMH32PhG+o=,KBA301gPC5wSbBl0xbp2RLKMLR4=
-37,15,5RnY6URttQvz8Lth5DdM/qxKIYs=,KBA301gPC5wSbBl0xbp2RLKMLR4=
-41,3,5RnY6URttQvz8Lth5DdM/qxKIYs=,KBA301gPC5wSbBl0xbp2RLKMLR4=
-38,15,5RnY6URttQvz8Lth5DdM/qxKIYs=,KBA301gPC5wSbBl0xbp2RLKMLR4=
-40,3,alUBMJqVLfQTyY4cyhPB38CuzCc=,KBA301gPC5wSbBl0xbp2RLKMLR4=
-43,2,mty47T85ObJ1qWn2GGSeyyGHAyc=,KBA301gPC5wSbBl0xbp2RLKMLR4=
-44,3,5RnY6URttQvz8Lth5DdM/qxKIYs=,KBA301gPC5wSbBl0xbp2RLKMLR4=
-43,3,89i7s15SkBKlsvpKNUXvzXvpmJw=,KBA301gPC5wSbBl0xbp2RLKMLR4=
-42,3,uF9Vlf/sBHV5q8kFXVX3R4xdYDw=,KBA301gPC5wSbBl0xbp2RLKMLR4=
-45,3,5RnY6URttQvz8Lth5DdM/qxKIYs=,KBA301gPC5wSbBl0xbp2RLKMLR4=
-44,2,5RnY6URttQvz8Lth5DdM/qxKIYs=,KBA301gPC5wSbBl0xbp2RLKMLR4=
-43,1,uF9Vlf/sBHV5q8kFXVX3R4xdYDw=,KBA301gPC5wSbBl0xbp2RLKMLR4=
-44,1,uF9Vlf/sBHV5q8kFXVX3R4xdYDw=,KBA301gPC5wSbBl0xbp2RLKMLR4=
-43,0,89i7s15SkBKlsvpKNUXvzXvpmJw=,KBA301gPC5wSbBl0xbp2RLKMLR4=
-47,0,89i7s15SkBKlsvpKNUXvzXvpmJw=,KBA301gPC5wSbBl0xbp2RLKMLR4=
-46,3,alUBMJqVLfQTyY4cyhPB38CuzCc=,KBA301gPC5wSbBl0xbp2RLKMLR4=
-39,15,89i7s15SkBKlsvpKNUXvzXvpmJw=,KBA301gPC5wSbBl0xbp2RLKMLR4=
-44,15,kKaGZT6YGJ1/k5fKOvTIcA2ost4=,KBA301gPC5wSbBl0xbp2RLKMLR4=
-42,2,mty47T85ObJ1qWn2GGSeyyGHAyc=,KBA301gPC5wSbBl0xbp2RLKMLR4=
-39,3,alUBMJqVLfQTyY4cyhPB38CuzCc=,KBA301gPC5wSbBl0xbp2RLKMLR4=
-43,15,89i7s15SkBKlsvpKNUXvzXvpmJw=,KBA301gPC5wSbBl0xbp2RLKMLR4=
-45,0,kKaGZT6YGJ1/k5fKOvTIcA2ost4=,KBA301gPC5wSbBl0xbp2RLKMLR4=
-42,15,kKaGZT6YGJ1/k5fKOvTIcA2ost4=,KBA301gPC5wSbBl0xbp2RLKMLR4=
-33,14,mty47T85ObJ1qWn2GGSeyyGHAyc=,KBA301gPC5wSbBl0xbp2RLKMLR4=
-45,15,alUBMJqVLfQTyY4cyhPB38CuzCc=,KBA301gPC5wSbBl0xbp2RLKMLR4=
-35,14,89i7s15SkBKlsvpKNUXvzXvpmJw=,KBA301gPC5wSbBl0xbp2RLKMLR4=
-36,14,kKaGZT6YGJ1/k5fKOvTIcA2ost4=,KBA301gPC5wSbBl0xbp2RLKMLR4=
-37,14,kKaGZT6YGJ1/k5fKOvTIcA2ost4=,KBA301gPC5wSbBl0xbp2RLKMLR4=
-38,3,alUBMJqVLfQTyY4cyhPB38CuzCc=,KBA301gPC5wSbBl0xbp2RLKMLR4=
-38,14,alUBMJqVLfQTyY4cyhPB38CuzCc=,KBA301gPC5wSbBl0xbp2RLKMLR4=
-34,14,uF9Vlf/sBHV5q8kFXVX3R4xdYDw=,KBA301gPC5wSbBl0xbp2RLKMLR4=
-39,14,alUBMJqVLfQTyY4cyhPB38CuzCc=,KBA301gPC5wSbBl0xbp2RLKMLR4=
-41,15,alUBMJqVLfQTyY4cyhPB38CuzCc=,KBA301gPC5wSbBl0xbp2RLKMLR4=
-48,15,alUBMJqVLfQTyY4cyhPB38CuzCc=,KBA301gPC5wSbBl0xbp2RLKMLR4=
-47,3,alUBMJqVLfQTyY4cyhPB38CuzCc=,KBA301gPC5wSbBl0xbp2RLKMLR4=
-47,15,alUBMJqVLfQTyY4cyhPB38CuzCc=,KBA301gPC5wSbBl0xbp2RLKMLR4=
-46,15,alUBMJqVLfQTyY4cyhPB38CuzCc=,KBA301gPC5wSbBl0xbp2RLKMLR4=
-43,14,alUBMJqVLfQTyY4cyhPB38CuzCc=,KBA301gPC5wSbBl0xbp2RLKMLR4=
-44,14,alUBMJqVLfQTyY4cyhPB38CuzCc=,KBA301gPC5wSbBl0xbp2RLKMLR4=
-40,15,alUBMJqVLfQTyY4cyhPB38CuzCc=,KBA301gPC5wSbBl0xbp2RLKMLR4=
-42,14,alUBMJqVLfQTyY4cyhPB38CuzCc=,KBA301gPC5wSbBl0xbp2RLKMLR4=
-35,13,alUBMJqVLfQTyY4cyhPB38CuzCc=,KBA301gPC5wSbBl0xbp2RLKMLR4=
-45,14,alUBMJqVLfQTyY4cyhPB38CuzCc=,KBA301gPC5wSbBl0xbp2RLKMLR4=
-44,0,alUBMJqVLfQTyY4cyhPB38CuzCc=,KBA301gPC5wSbBl0xbp2RLKMLR4=
-45,1,alUBMJqVLfQTyY4cyhPB38CuzCc=,KBA301gPC5wSbBl0xbp2RLKMLR4=
-45,2,alUBMJqVLfQTyY4cyhPB38CuzCc=,KBA301gPC5wSbBl0xbp2RLKMLR4=
-36,13,alUBMJqVLfQTyY4cyhPB38CuzCc=,KBA301gPC5wSbBl0xbp2RLKMLR4=
-37,3,alUBMJqVLfQTyY4cyhPB38CuzCc=,KBA301gPC5wSbBl0xbp2RLKMLR4=
-40,14,alUBMJqVLfQTyY4cyhPB38CuzCc=,KBA301gPC5wSbBl0xbp2RLKMLR4=
-46,14,alUBMJqVLfQTyY4cyhPB38CuzCc=,KBA301gPC5wSbBl0xbp2RLKMLR4=
-34,13,alUBMJqVLfQTyY4cyhPB38CuzCc=,KBA301gPC5wSbBl0xbp2RLKMLR4=
-41,14,alUBMJqVLfQTyY4cyhPB38CuzCc=,KBA301gPC5wSbBl0xbp2RLKMLR4=
-37,13,alUBMJqVLfQTyY4cyhPB38CuzCc=,KBA301gPC5wSbBl0xbp2RLKMLR4=
-47,14,alUBMJqVLfQTyY4cyhPB38CuzCc=,KBA301gPC5wSbBl0xbp2RLKMLR4=
-38,13,alUBMJqVLfQTyY4cyhPB38CuzCc=,KBA301gPC5wSbBl0xbp2RLKMLR4=
-48,14,alUBMJqVLfQTyY4cyhPB38CuzCc=,KBA301gPC5wSbBl0xbp2RLKMLR4=
-40,13,alUBMJqVLfQTyY4cyhPB38CuzCc=,KBA301gPC5wSbBl0xbp2RLKMLR4=
-46,1,alUBMJqVLfQTyY4cyhPB38CuzCc=,KBA301gPC5wSbBl0xbp2RLKMLR4=
-44,13,alUBMJqVLfQTyY4cyhPB38CuzCc=,KBA301gPC5wSbBl0xbp2RLKMLR4=
-33,13,alUBMJqVLfQTyY4cyhPB38CuzCc=,KBA301gPC5wSbBl0xbp2RLKMLR4=
-43,13,alUBMJqVLfQTyY4cyhPB38CuzCc=,KBA301gPC5wSbBl0xbp2RLKMLR4=
-45,13,alUBMJqVLfQTyY4cyhPB38CuzCc=,KBA301gPC5wSbBl0xbp2RLKMLR4=
-41,13,alUBMJqVLfQTyY4cyhPB38CuzCc=,KBA301gPC5wSbBl0xbp2RLKMLR4=
-46,2,alUBMJqVLfQTyY4cyhPB38CuzCc=,KBA301gPC5wSbBl0xbp2RLKMLR4=
-35,12,alUBMJqVLfQTyY4cyhPB38CuzCc=,KBA301gPC5wSbBl0xbp2RLKMLR4=
-39,13,alUBMJqVLfQTyY4cyhPB38CuzCc=,KBA301gPC5wSbBl0xbp2RLKMLR4=
-46,13,alUBMJqVLfQTyY4cyhPB38CuzCc=,KBA301gPC5wSbBl0xbp2RLKMLR4=
-36,3,alUBMJqVLfQTyY4cyhPB38CuzCc=,KBA301gPC5wSbBl0xbp2RLKMLR4=
-42,13,alUBMJqVLfQTyY4cyhPB38CuzCc=,KBA301gPC5wSbBl0xbp2RLKMLR4=
-47,13,alUBMJqVLfQTyY4cyhPB38CuzCc=,KBA301gPC5wSbBl0xbp2RLKMLR4=
-48,13,alUBMJqVLfQTyY4cyhPB38CuzCc=,KBA301gPC5wSbBl0xbp2RLKMLR4=
-33,0,alUBMJqVLfQTyY4cyhPB38CuzCc=,KBA301gPC5wSbBl0xbp2RLKMLR4=
-34,12,alUBMJqVLfQTyY4cyhPB38CuzCc=,KBA301gPC5wSbBl0xbp2RLKMLR4=
-47,2,alUBMJqVLfQTyY4cyhPB38CuzCc=,KBA301gPC5wSbBl0xbp2RLKMLR4=
-36,12,alUBMJqVLfQTyY4cyhPB38CuzCc=,KBA301gPC5wSbBl0xbp2RLKMLR4=
-48,1,alUBMJqVLfQTyY4cyhPB38CuzCc=,KBA301gPC5wSbBl0xbp2RLKMLR4=
-47,1,alUBMJqVLfQTyY4cyhPB38CuzCc=,KBA301gPC5wSbBl0xbp2RLKMLR4=
-33,12,alUBMJqVLfQTyY4cyhPB38CuzCc=,KBA301gPC5wSbBl0xbp2RLKMLR4=
-41,12,alUBMJqVLfQTyY4cyhPB38CuzCc=,KBA301gPC5wSbBl0xbp2RLKMLR4=
-48,3,alUBMJqVLfQTyY4cyhPB38CuzCc=,KBA301gPC5wSbBl0xbp2RLKMLR4=
-33,1,alUBMJqVLfQTyY4cyhPB38CuzCc=,KBA301gPC5wSbBl0xbp2RLKMLR4=
-35,3,alUBMJqVLfQTyY4cyhPB38CuzCc=,KBA301gPC5wSbBl0xbp2RLKMLR4=
-40,12,alUBMJqVLfQTyY4cyhPB38CuzCc=,KBA301gPC5wSbBl0xbp2RLKMLR4=
-42,12,alUBMJqVLfQTyY4cyhPB38CuzCc=,KBA301gPC5wSbBl0xbp2RLKMLR4=
-33,2,alUBMJqVLfQTyY4cyhPB38CuzCc=,KBA301gPC5wSbBl0xbp2RLKMLR4=
-39,12,alUBMJqVLfQTyY4cyhPB38CuzCc=,KBA301gPC5wSbBl0xbp2RLKMLR4=
-37,12,alUBMJqVLfQTyY4cyhPB38CuzCc=,KBA301gPC5wSbBl0xbp2RLKMLR4=
-43,12,alUBMJqVLfQTyY4cyhPB38CuzCc=,KBA301gPC5wSbBl0xbp2RLKMLR4=
-34,1,alUBMJqVLfQTyY4cyhPB38CuzCc=,KBA301gPC5wSbBl0xbp2RLKMLR4=
-38,12,alUBMJqVLfQTyY4cyhPB38CuzCc=,KBA301gPC5wSbBl0xbp2RLKMLR4=
-34,3,alUBMJqVLfQTyY4cyhPB38CuzCc=,KBA301gPC5wSbBl0xbp2RLKMLR4=
-45,12,alUBMJqVLfQTyY4cyhPB38CuzCc=,KBA301gPC5wSbBl0xbp2RLKMLR4=
-33,3,alUBMJqVLfQTyY4cyhPB38CuzCc=,KBA301gPC5wSbBl0xbp2RLKMLR4=
-46,0,alUBMJqVLfQTyY4cyhPB38CuzCc=,KBA301gPC5wSbBl0xbp2RLKMLR4=
-44,12,alUBMJqVLfQTyY4cyhPB38CuzCc=,KBA301gPC5wSbBl0xbp2RLKMLR4=
-48,2,alUBMJqVLfQTyY4cyhPB38CuzCc=,KBA301gPC5wSbBl0xbp2RLKMLR4=
-34,0,alUBMJqVLfQTyY4cyhPB38CuzCc=,KBA301gPC5wSbBl0xbp2RLKMLR4=
-46,12,alUBMJqVLfQTyY4cyhPB38CuzCc=,KBA301gPC5wSbBl0xbp2RLKMLR4=
-47,12,alUBMJqVLfQTyY4cyhPB38CuzCc=,KBA301gPC5wSbBl0xbp2RLKMLR4=
-41,2,alUBMJqVLfQTyY4cyhPB38CuzCc=,KBA301gPC5wSbBl0xbp2RLKMLR4=
-37,11,alUBMJqVLfQTyY4cyhPB38CuzCc=,KBA301gPC5wSbBl0xbp2RLKMLR4=
-36,11,alUBMJqVLfQTyY4cyhPB38CuzCc=,KBA301gPC5wSbBl0xbp2RLKMLR4=
-48,0,alUBMJqVLfQTyY4cyhPB38CuzCc=,KBA301gPC5wSbBl0xbp2RLKMLR4=
-38,11,alUBMJqVLfQTyY4cyhPB38CuzCc=,KBA301gPC5wSbBl0xbp2RLKMLR4=
-33,11,alUBMJqVLfQTyY4cyhPB38CuzCc=,KBA301gPC5wSbBl0xbp2RLKMLR4=
-48,12,alUBMJqVLfQTyY4cyhPB38CuzCc=,KBA301gPC5wSbBl0xbp2RLKMLR4=
-35,11,alUBMJqVLfQTyY4cyhPB38CuzCc=,KBA301gPC5wSbBl0xbp2RLKMLR4=
-34,11,alUBMJqVLfQTyY4cyhPB38CuzCc=,KBA301gPC5wSbBl0xbp2RLKMLR4=
-34,2,alUBMJqVLfQTyY4cyhPB38CuzCc=,KBA301gPC5wSbBl0xbp2RLKMLR4=
-35,0,alUBMJqVLfQTyY4cyhPB38CuzCc=,KBA301gPC5wSbBl0xbp2RLKMLR4=
-42,11,alUBMJqVLfQTyY4cyhPB38CuzCc=,KBA301gPC5wSbBl0xbp2RLKMLR4=
-39,11,alUBMJqVLfQTyY4cyhPB38CuzCc=,KBA301gPC5wSbBl0xbp2RLKMLR4=
-43,11,alUBMJqVLfQTyY4cyhPB38CuzCc=,KBA301gPC5wSbBl0xbp2RLKMLR4=
-41,11,alUBMJqVLfQTyY4cyhPB38CuzCc=,KBA301gPC5wSbBl0xbp2RLKMLR4=
-42,1,alUBMJqVLfQTyY4cyhPB38CuzCc=,KBA301gPC5wSbBl0xbp2RLKMLR4=
-44,11,alUBMJqVLfQTyY4cyhPB38CuzCc=,KBA301gPC5wSbBl0xbp2RLKMLR4=
-45,11,alUBMJqVLfQTyY4cyhPB38CuzCc=,KBA301gPC5wSbBl0xbp2RLKMLR4=
-35,1,alUBMJqVLfQTyY4cyhPB38CuzCc=,KBA301gPC5wSbBl0xbp2RLKMLR4=
-33,10,alUBMJqVLfQTyY4cyhPB38CuzCc=,KBA301gPC5wSbBl0xbp2RLKMLR4=
-34,10,alUBMJqVLfQTyY4cyhPB38CuzCc=,KBA301gPC5wSbBl0xbp2RLKMLR4=
-40,11,alUBMJqVLfQTyY4cyhPB38CuzCc=,KBA301gPC5wSbBl0xbp2RLKMLR4=
-46,11,alUBMJqVLfQTyY4cyhPB38CuzCc=,KBA301gPC5wSbBl0xbp2RLKMLR4=
-47,11,alUBMJqVLfQTyY4cyhPB38CuzCc=,KBA301gPC5wSbBl0xbp2RLKMLR4=
-39,10,alUBMJqVLfQTyY4cyhPB38CuzCc=,KBA301gPC5wSbBl0xbp2RLKMLR4=
-42,0,alUBMJqVLfQTyY4cyhPB38CuzCc=,KBA301gPC5wSbBl0xbp2RLKMLR4=
-48,11,alUBMJqVLfQTyY4cyhPB38CuzCc=,KBA301gPC5wSbBl0xbp2RLKMLR4=
-38,10,alUBMJqVLfQTyY4cyhPB38CuzCc=,KBA301gPC5wSbBl0xbp2RLKMLR4=
-35,10,alUBMJqVLfQTyY4cyhPB38CuzCc=,KBA301gPC5wSbBl0xbp2RLKMLR4=
-36,10,alUBMJqVLfQTyY4cyhPB38CuzCc=,KBA301gPC5wSbBl0xbp2RLKMLR4=
-37,10,alUBMJqVLfQTyY4cyhPB38CuzCc=,KBA301gPC5wSbBl0xbp2RLKMLR4=
-44,10,alUBMJqVLfQTyY4cyhPB38CuzCc=,KBA301gPC5wSbBl0xbp2RLKMLR4=
-33,9,alUBMJqVLfQTyY4cyhPB38CuzCc=,KBA301gPC5wSbBl0xbp2RLKMLR4=
-40,10,alUBMJqVLfQTyY4cyhPB38CuzCc=,KBA301gPC5wSbBl0xbp2RLKMLR4=
-41,10,alUBMJqVLfQTyY4cyhPB38CuzCc=,KBA301gPC5wSbBl0xbp2RLKMLR4=
-34,9,alUBMJqVLfQTyY4cyhPB38CuzCc=,KBA301gPC5wSbBl0xbp2RLKMLR4=
-42,10,alUBMJqVLfQTyY4cyhPB38CuzCc=,KBA301gPC5wSbBl0xbp2RLKMLR4=
-46,10,alUBMJqVLfQTyY4cyhPB38CuzCc=,KBA301gPC5wSbBl0xbp2RLKMLR4=
-39,9,alUBMJqVLfQTyY4cyhPB38CuzCc=,KBA301gPC5wSbBl0xbp2RLKMLR4=
-43,10,alUBMJqVLfQTyY4cyhPB38CuzCc=,KBA301gPC5wSbBl0xbp2RLKMLR4=
-38,9,alUBMJqVLfQTyY4cyhPB38CuzCc=,KBA301gPC5wSbBl0xbp2RLKMLR4=
-41,9,alUBMJqVLfQTyY4cyhPB38CuzCc=,KBA301gPC5wSbBl0xbp2RLKMLR4=
-35,2,alUBMJqVLfQTyY4cyhPB38CuzCc=,KBA301gPC5wSbBl0xbp2RLKMLR4=
-48,4,alUBMJqVLfQTyY4cyhPB38CuzCc=,KBA301gPC5wSbBl0xbp2RLKMLR4=
-48,10,alUBMJqVLfQTyY4cyhPB38CuzCc=,KBA301gPC5wSbBl0xbp2RLKMLR4=
-33,8,alUBMJqVLfQTyY4cyhPB38CuzCc=,KBA301gPC5wSbBl0xbp2RLKMLR4=
-38,8,alUBMJqVLfQTyY4cyhPB38CuzCc=,KBA301gPC5wSbBl0xbp2RLKMLR4=
-40,9,alUBMJqVLfQTyY4cyhPB38CuzCc=,KBA301gPC5wSbBl0xbp2RLKMLR4=
-39,8,alUBMJqVLfQTyY4cyhPB38CuzCc=,KBA301gPC5wSbBl0xbp2RLKMLR4=
-40,8,alUBMJqVLfQTyY4cyhPB38CuzCc=,KBA301gPC5wSbBl0xbp2RLKMLR4=
-34,8,alUBMJqVLfQTyY4cyhPB38CuzCc=,KBA301gPC5wSbBl0xbp2RLKMLR4=
-36,8,alUBMJqVLfQTyY4cyhPB38CuzCc=,KBA301gPC5wSbBl0xbp2RLKMLR4=
-37,8,alUBMJqVLfQTyY4cyhPB38CuzCc=,KBA301gPC5wSbBl0xbp2RLKMLR4=
-45,9,alUBMJqVLfQTyY4cyhPB38CuzCc=,KBA301gPC5wSbBl0xbp2RLKMLR4=
-43,8,alUBMJqVLfQTyY4cyhPB38CuzCc=,KBA301gPC5wSbBl0xbp2RLKMLR4=
-46,9,alUBMJqVLfQTyY4cyhPB38CuzCc=,KBA301gPC5wSbBl0xbp2RLKMLR4=
-42,8,alUBMJqVLfQTyY4cyhPB38CuzCc=,KBA301gPC5wSbBl0xbp2RLKMLR4=
-47,10,alUBMJqVLfQTyY4cyhPB38CuzCc=,KBA301gPC5wSbBl0xbp2RLKMLR4=
-33,7,alUBMJqVLfQTyY4cyhPB38CuzCc=,KBA301gPC5wSbBl0xbp2RLKMLR4=
-35,8,alUBMJqVLfQTyY4cyhPB38CuzCc=,KBA301gPC5wSbBl0xbp2RLKMLR4=
-36,9,alUBMJqVLfQTyY4cyhPB38CuzCc=,KBA301gPC5wSbBl0xbp2RLKMLR4=
-37,1,alUBMJqVLfQTyY4cyhPB38CuzCc=,KBA301gPC5wSbBl0xbp2RLKMLR4=
-44,8,alUBMJqVLfQTyY4cyhPB38CuzCc=,KBA301gPC5wSbBl0xbp2RLKMLR4=
-47,4,alUBMJqVLfQTyY4cyhPB38CuzCc=,KBA301gPC5wSbBl0xbp2RLKMLR4=
-45,8,alUBMJqVLfQTyY4cyhPB38CuzCc=,KBA301gPC5wSbBl0xbp2RLKMLR4=
-42,9,alUBMJqVLfQTyY4cyhPB38CuzCc=,KBA301gPC5wSbBl0xbp2RLKMLR4=
-47,9,alUBMJqVLfQTyY4cyhPB38CuzCc=,KBA301gPC5wSbBl0xbp2RLKMLR4=
-38,7,alUBMJqVLfQTyY4cyhPB38CuzCc=,KBA301gPC5wSbBl0xbp2RLKMLR4=
-45,10,alUBMJqVLfQTyY4cyhPB38CuzCc=,KBA301gPC5wSbBl0xbp2RLKMLR4=
-41,7,alUBMJqVLfQTyY4cyhPB38CuzCc=,KBA301gPC5wSbBl0xbp2RLKMLR4=
-37,7,alUBMJqVLfQTyY4cyhPB38CuzCc=,KBA301gPC5wSbBl0xbp2RLKMLR4=
-40,7,alUBMJqVLfQTyY4cyhPB38CuzCc=,KBA301gPC5wSbBl0xbp2RLKMLR4=
-43,7,alUBMJqVLfQTyY4cyhPB38CuzCc=,KBA301gPC5wSbBl0xbp2RLKMLR4=
-46,8,alUBMJqVLfQTyY4cyhPB38CuzCc=,KBA301gPC5wSbBl0xbp2RLKMLR4=
-39,7,alUBMJqVLfQTyY4cyhPB38CuzCc=,KBA301gPC5wSbBl0xbp2RLKMLR4=
-37,2,alUBMJqVLfQTyY4cyhPB38CuzCc=,KBA301gPC5wSbBl0xbp2RLKMLR4=
-36,2,alUBMJqVLfQTyY4cyhPB38CuzCc=,KBA301gPC5wSbBl0xbp2RLKMLR4=
-36,1,alUBMJqVLfQTyY4cyhPB38CuzCc=,KBA301gPC5wSbBl0xbp2RLKMLR4=
-38,1,alUBMJqVLfQTyY4cyhPB38CuzCc=,KBA301gPC5wSbBl0xbp2RLKMLR4=
-33,6,alUBMJqVLfQTyY4cyhPB38CuzCc=,KBA301gPC5wSbBl0xbp2RLKMLR4=
-48,8,alUBMJqVLfQTyY4cyhPB38CuzCc=,KBA301gPC5wSbBl0xbp2RLKMLR4=
-36,0,alUBMJqVLfQTyY4cyhPB38CuzCc=,KBA301gPC5wSbBl0xbp2RLKMLR4=
-38,6,alUBMJqVLfQTyY4cyhPB38CuzCc=,KBA301gPC5wSbBl0xbp2RLKMLR4=
-39,0,alUBMJqVLfQTyY4cyhPB38CuzCc=,KBA301gPC5wSbBl0xbp2RLKMLR4=
-36,7,alUBMJqVLfQTyY4cyhPB38CuzCc=,KBA301gPC5wSbBl0xbp2RLKMLR4=
-42,6,alUBMJqVLfQTyY4cyhPB38CuzCc=,KBA301gPC5wSbBl0xbp2RLKMLR4=
-41,8,alUBMJqVLfQTyY4cyhPB38CuzCc=,KBA301gPC5wSbBl0xbp2RLKMLR4=
-44,7,alUBMJqVLfQTyY4cyhPB38CuzCc=,KBA301gPC5wSbBl0xbp2RLKMLR4=
-41,6,alUBMJqVLfQTyY4cyhPB38CuzCc=,KBA301gPC5wSbBl0xbp2RLKMLR4=
-37,9,alUBMJqVLfQTyY4cyhPB38CuzCc=,KBA301gPC5wSbBl0xbp2RLKMLR4=
-38,0,alUBMJqVLfQTyY4cyhPB38CuzCc=,KBA301gPC5wSbBl0xbp2RLKMLR4=
-43,6,alUBMJqVLfQTyY4cyhPB38CuzCc=,KBA301gPC5wSbBl0xbp2RLKMLR4=
-35,9,alUBMJqVLfQTyY4cyhPB38CuzCc=,KBA301gPC5wSbBl0xbp2RLKMLR4=
-46,4,alUBMJqVLfQTyY4cyhPB38CuzCc=,KBA301gPC5wSbBl0xbp2RLKMLR4=
-39,6,alUBMJqVLfQTyY4cyhPB38CuzCc=,KBA301gPC5wSbBl0xbp2RLKMLR4=
-38,2,alUBMJqVLfQTyY4cyhPB38CuzCc=,KBA301gPC5wSbBl0xbp2RLKMLR4=
-34,6,alUBMJqVLfQTyY4cyhPB38CuzCc=,KBA301gPC5wSbBl0xbp2RLKMLR4=
-47,8,alUBMJqVLfQTyY4cyhPB38CuzCc=,KBA301gPC5wSbBl0xbp2RLKMLR4=
-36,6,alUBMJqVLfQTyY4cyhPB38CuzCc=,KBA301gPC5wSbBl0xbp2RLKMLR4=
-40,6,alUBMJqVLfQTyY4cyhPB38CuzCc=,KBA301gPC5wSbBl0xbp2RLKMLR4=
-48,7,alUBMJqVLfQTyY4cyhPB38CuzCc=,KBA301gPC5wSbBl0xbp2RLKMLR4=
-47,7,alUBMJqVLfQTyY4cyhPB38CuzCc=,KBA301gPC5wSbBl0xbp2RLKMLR4=
-40,1,alUBMJqVLfQTyY4cyhPB38CuzCc=,KBA301gPC5wSbBl0xbp2RLKMLR4=
-37,6,alUBMJqVLfQTyY4cyhPB38CuzCc=,KBA301gPC5wSbBl0xbp2RLKMLR4=
-39,2,alUBMJqVLfQTyY4cyhPB38CuzCc=,KBA301gPC5wSbBl0xbp2RLKMLR4=
-45,7,alUBMJqVLfQTyY4cyhPB38CuzCc=,KBA301gPC5wSbBl0xbp2RLKMLR4=
-44,6,alUBMJqVLfQTyY4cyhPB38CuzCc=,KBA301gPC5wSbBl0xbp2RLKMLR4=
-39,1,alUBMJqVLfQTyY4cyhPB38CuzCc=,KBA301gPC5wSbBl0xbp2RLKMLR4=
-43,9,alUBMJqVLfQTyY4cyhPB38CuzCc=,KBA301gPC5wSbBl0xbp2RLKMLR4=
-40,0,alUBMJqVLfQTyY4cyhPB38CuzCc=,KBA301gPC5wSbBl0xbp2RLKMLR4=
-42,7,alUBMJqVLfQTyY4cyhPB38CuzCc=,KBA301gPC5wSbBl0xbp2RLKMLR4=
-46,7,alUBMJqVLfQTyY4cyhPB38CuzCc=,KBA301gPC5wSbBl0xbp2RLKMLR4=
-37,0,alUBMJqVLfQTyY4cyhPB38CuzCc=,KBA301gPC5wSbBl0xbp2RLKMLR4=
-34,7,alUBMJqVLfQTyY4cyhPB38CuzCc=,KBA301gPC5wSbBl0xbp2RLKMLR4=
-33,5,alUBMJqVLfQTyY4cyhPB38CuzCc=,KBA301gPC5wSbBl0xbp2RLKMLR4=
-35,7,alUBMJqVLfQTyY4cyhPB38CuzCc=,KBA301gPC5wSbBl0xbp2RLKMLR4=
-48,9,alUBMJqVLfQTyY4cyhPB38CuzCc=,KBA301gPC5wSbBl0xbp2RLKMLR4=
-48,6,alUBMJqVLfQTyY4cyhPB38CuzCc=,KBA301gPC5wSbBl0xbp2RLKMLR4=
-40,5,alUBMJqVLfQTyY4cyhPB38CuzCc=,KBA301gPC5wSbBl0xbp2RLKMLR4=
-46,6,alUBMJqVLfQTyY4cyhPB38CuzCc=,KBA301gPC5wSbBl0xbp2RLKMLR4=
-38,5,alUBMJqVLfQTyY4cyhPB38CuzCc=,KBA301gPC5wSbBl0xbp2RLKMLR4=
-45,4,alUBMJqVLfQTyY4cyhPB38CuzCc=,KBA301gPC5wSbBl0xbp2RLKMLR4=
-37,5,alUBMJqVLfQTyY4cyhPB38CuzCc=,KBA301gPC5wSbBl0xbp2RLKMLR4=
-41,5,alUBMJqVLfQTyY4cyhPB38CuzCc=,KBA301gPC5wSbBl0xbp2RLKMLR4=
-39,5,alUBMJqVLfQTyY4cyhPB38CuzCc=,KBA301gPC5wSbBl0xbp2RLKMLR4=
-35,6,alUBMJqVLfQTyY4cyhPB38CuzCc=,KBA301gPC5wSbBl0xbp2RLKMLR4=
-34,5,alUBMJqVLfQTyY4cyhPB38CuzCc=,KBA301gPC5wSbBl0xbp2RLKMLR4=
-43,5,alUBMJqVLfQTyY4cyhPB38CuzCc=,KBA301gPC5wSbBl0xbp2RLKMLR4=
-42,5,alUBMJqVLfQTyY4cyhPB38CuzCc=,KBA301gPC5wSbBl0xbp2RLKMLR4=
-33,4,alUBMJqVLfQTyY4cyhPB38CuzCc=,KBA301gPC5wSbBl0xbp2RLKMLR4=
-36,5,alUBMJqVLfQTyY4cyhPB38CuzCc=,KBA301gPC5wSbBl0xbp2RLKMLR4=
-44,9,alUBMJqVLfQTyY4cyhPB38CuzCc=,KBA301gPC5wSbBl0xbp2RLKMLR4=
-40,2,alUBMJqVLfQTyY4cyhPB38CuzCc=,KBA301gPC5wSbBl0xbp2RLKMLR4=
-41,1,alUBMJqVLfQTyY4cyhPB38CuzCc=,KBA301gPC5wSbBl0xbp2RLKMLR4=
-44,5,alUBMJqVLfQTyY4cyhPB38CuzCc=,KBA301gPC5wSbBl0xbp2RLKMLR4=
-41,0,alUBMJqVLfQTyY4cyhPB38CuzCc=,KBA301gPC5wSbBl0xbp2RLKMLR4=
-45,6,alUBMJqVLfQTyY4cyhPB38CuzCc=,KBA301gPC5wSbBl0xbp2RLKMLR4=
-34,4,alUBMJqVLfQTyY4cyhPB38CuzCc=,KBA301gPC5wSbBl0xbp2RLKMLR4=
-47,6,alUBMJqVLfQTyY4cyhPB38CuzCc=,KBA301gPC5wSbBl0xbp2RLKMLR4=
-35,5,alUBMJqVLfQTyY4cyhPB38CuzCc=,KBA301gPC5wSbBl0xbp2RLKMLR4=
-40,4,alUBMJqVLfQTyY4cyhPB38CuzCc=,KBA301gPC5wSbBl0xbp2RLKMLR4=
-41,4,alUBMJqVLfQTyY4cyhPB38CuzCc=,KBA301gPC5wSbBl0xbp2RLKMLR4=
-44,4,alUBMJqVLfQTyY4cyhPB38CuzCc=,KBA301gPC5wSbBl0xbp2RLKMLR4=
-39,4,alUBMJqVLfQTyY4cyhPB38CuzCc=,KBA301gPC5wSbBl0xbp2RLKMLR4=
-38,4,alUBMJqVLfQTyY4cyhPB38CuzCc=,KBA301gPC5wSbBl0xbp2RLKMLR4=
-45,5,alUBMJqVLfQTyY4cyhPB38CuzCc=,KBA301gPC5wSbBl0xbp2RLKMLR4=
-47,5,alUBMJqVLfQTyY4cyhPB38CuzCc=,KBA301gPC5wSbBl0xbp2RLKMLR4=
-46,5,alUBMJqVLfQTyY4cyhPB38CuzCc=,KBA301gPC5wSbBl0xbp2RLKMLR4=
-48,5,alUBMJqVLfQTyY4cyhPB38CuzCc=,KBA301gPC5wSbBl0xbp2RLKMLR4=
-42,4,alUBMJqVLfQTyY4cyhPB38CuzCc=,KBA301gPC5wSbBl0xbp2RLKMLR4=
-37,4,alUBMJqVLfQTyY4cyhPB38CuzCc=,KBA301gPC5wSbBl0xbp2RLKMLR4=
-43,4,alUBMJqVLfQTyY4cyhPB38CuzCc=,KBA301gPC5wSbBl0xbp2RLKMLR4=
-35,4,alUBMJqVLfQTyY4cyhPB38CuzCc=,KBA301gPC5wSbBl0xbp2RLKMLR4=
-36,4,alUBMJqVLfQTyY4cyhPB38CuzCc=,KBA301gPC5wSbBl0xbp2RLKMLR4=
