11,7,OwUA+AE65TBwu4hlwq1Pyn40SZ0=,yKValLaMz6J1O0ufCP6BTj6GvNo=
10,7,OwUA+AE65TBwu4hlwq1Pyn40SZ0=,yKValLaMz6J1O0ufCP6BTj6GvNo=
13,5,OwUA+AE65TBwu4hlwq1Pyn40SZ0=,yKValLaMz6J1O0ufCP6BTj6GvNo=
10,13,OwUA+AE65TBwu4hlwq1Pyn40SZ0=,yKValLaMz6J1O0ufCP6BTj6GvNo=
12,7,OwUA+AE65TBwu4hlwq1Pyn40SZ0=,yKValLaMz6J1O0ufCP6BTj6GvNo=
15,5,OwUA+AE65TBwu4hlwq1Pyn40SZ0=,yKValLaMz6J1O0ufCP6BTj6GvNo=
14,15,OwUA+AE65TBwu4hlwq1Pyn40SZ0=,yKValLaMz6J1O0ufCP6BTj6GvNo=
9,13,OwUA+AE65TBwu4hlwq1Pyn40SZ0=,yKValLaMz6J1O0ufCP6BTj6GvNo=
11,10,OwUA+AE65TBwu4hlwq1Pyn40SZ0=,yKValLaMz6J1O0ufCP6BTj6GvNo=
13,15,OwUA+AE65TBwu4hlwq1Pyn40SZ0=,yKValLaMz6J1O0ufCP6BTj6GvNo=
10,10,OwUA+AE65TBwu4hlwq1Pyn40SZ0=,yKValLaMz6J1O0ufCP6BTj6GvNo=
13,7,OwUA+AE65TBwu4hlwq1Pyn40SZ0=,yKValLaMz6J1O0ufCP6BTj6GvNo=
8,10,MYMi+Makx9DINYCJL9kGzjsdXLI=,yKValLaMz6J1O0ufCP6BTj6GvNo=
15,15,MYMi+Makx9DINYCJL9kGzjsdXLI=,yKValLaMz6J1O0ufCP6BTj6GvNo=
14,5,MYMi+Makx9DINYCJL9kGzjsdXLI=,yKValLaMz6J1O0ufCP6BTj6GvNo=
14,7,MYMi+Makx9DINYCJL9kGzjsdXLI=,yKValLaMz6J1O0ufCP6BTj6GvNo=
9,10,MYMi+Makx9DINYCJL9kGzjsdXLI=,yKValLaMz6J1O0ufCP6BTj6GvNo=
12,15,MYMi+Makx9DINYCJL9kGzjsdXLI=,yKValLaMz6J1O0ufCP6BTj6GvNo=
9,7,MYMi+Makx9DINYCJL9kGzjsdXLI=,yKValLaMz6J1O0ufCP6BTj6GvNo=
7,10,MYMi+Makx9DINYCJL9kGzjsdXLI=,yKValLaMz6J1O0ufCP6BTj6GvNo=
11,13,MYMi+Makx9DINYCJL9kGzjsdXLI=,yKValLaMz6J1O0ufCP6BTj6GvNo=
8,7,MYMi+Makx9DINYCJL9kGzjsdXLI=,yKValLaMz6J1O0ufCP6BTj6GvNo=
6,10,MYMi+Makx9DINYCJL9kGzjsdXLI=,yKValLaMz6J1O0ufCP6BTj6GvNo=
8,13,MYMi+Makx9DINYCJL9kGzjsdXLI=,yKValLaMz6J1O0ufCP6BTj6GvNo=
0,4,MYMi+Makx9DINYCJL9kGzjsdXLI=,yKValLaMz6J1O0ufCP6BTj6GvNo=
10,15,MYMi+Makx9DINYCJL9kGzjsdXLI=,yKValLaMz6J1O0ufCP6BTj6GvNo=
5,10,MYMi+Makx9DINYCJL9kGzjsdXLI=,yKValLaMz6J1O0ufCP6BTj6GvNo=
12,5,MYMi+Makx9DINYCJL9kGzjsdXLI=,yKValLaMz6J1O0ufCP6BTj6GvNo=
11,15,MYMi+Makx9DINYCJL9kGzjsdXLI=,yKValLaMz6J1O0ufCP6BTj6GvNo=
1,13,MYMi+Makx9DINYCJL9kGzjsdXLI=,yKValLaMz6J1O0ufCP6BTj6GvNo=
9,15,MYMi+Makx9DINYCJL9kGzjsdXLI=,yKValLaMz6J1O0ufCP6BTj6GvNo=
7,7,MYMi+Makx9DINYCJL9kGzjsdXLI=,yKValLaMz6J1O0ufCP6BTj6GvNo=
6,7,MYMi+Makx9DINYCJL9kGzjsdXLI=,yKValLaMz6J1O0ufCP6BTj6GvNo=
6,13,MYMi+Makx9DINYCJL9kGzjsdXLI=,yKValLaMz6J1O0ufCP6BTj6GvNo=
11,5,MYMi+Makx9DINYCJL9kGzjsdXLI=,yKValLaMz6J1O0ufCP6BTj6GvNo=
1,4,MYMi+Makx9DINYCJL9kGzjsdXLI=,yKValLaMz6J1O0ufCP6BTj6GvNo=
10,5,MYMi+Makx9DINYCJL9kGzjsdXLI=,yKValLaMz6J1O0ufCP6BTj6GvNo=
7,13,MYMi+Makx9DINYCJL9kGzjsdXLI=,yKValLaMz6J1O0ufCP6BTj6GvNo=
0,13,MYMi+Makx9DINYCJL9kGzjsdXLI=,yKValLaMz6J1O0ufCP6BTj6GvNo=
10,1,MYMi+Makx9DINYCJL9kGzjsdXLI=,yKValLaMz6J1O0ufCP6BTj6GvNo=
14,12,MYMi+Makx9DINYCJL9kGzjsdXLI=,yKValLaMz6J1O0ufCP6BTj6GvNo=
2,13,MYMi+Makx9DINYCJL9kGzjsdXLI=,yKValLaMz6J1O0ufCP6BTj6GvNo=
13,12,MYMi+Makx9DINYCJL9kGzjsdXLI=,yKValLaMz6J1O0ufCP6BTj6GvNo=
15,7,MYMi+Makx9DINYCJL9kGzjsdXLI=,yKValLaMz6J1O0ufCP6BTj6GvNo=
9,1,MYMi+Makx9DINYCJL9kGzjsdXLI=,yKValLaMz6J1O0ufCP6BTj6GvNo=
15,3,MYMi+Makx9DINYCJL9kGzjsdXLI=,yKValLaMz6J1O0ufCP6BTj6GvNo=
8,15,MYMi+Makx9DINYCJL9kGzjsdXLI=,yKValLaMz6J1O0ufCP6BTj6GvNo=
12,12,MYMi+Makx9DINYCJL9kGzjsdXLI=,yKValLaMz6J1O0ufCP6BTj6GvNo=
3,13,MYMi+Makx9DINYCJL9kGzjsdXLI=,yKValLaMz6J1O0ufCP6BTj6GvNo=
9,5,MYMi+Makx9DINYCJL9kGzjsdXLI=,yKValLaMz6J1O0ufCP6BTj6GvNo=
11,12,MYMi+Makx9DINYCJL9kGzjsdXLI=,yKValLaMz6J1O0ufCP6BTj6GvNo=
15,12,MYMi+Makx9DINYCJL9kGzjsdXLI=,yKValLaMz6J1O0ufCP6BTj6GvNo=
12,10,MYMi+Makx9DINYCJL9kGzjsdXLI=,yKValLaMz6J1O0ufCP6BTj6GvNo=
4,13,MYMi+Makx9DINYCJL9kGzjsdXLI=,yKValLaMz6J1O0ufCP6BTj6GvNo=
5,13,MYMi+Makx9DINYCJL9kGzjsdXLI=,yKValLaMz6J1O0ufCP6BTj6GvNo=
10,12,MYMi+Makx9DINYCJL9kGzjsdXLI=,yKValLaMz6J1O0ufCP6BTj6GvNo=
8,5,MYMi+Makx9DINYCJL9kGzjsdXLI=,yKValLaMz6J1O0ufCP6BTj6GvNo=
14,3,MYMi+Makx9DINYCJL9kGzjsdXLI=,yKValLaMz6J1O0ufCP6BTj6GvNo=
9,12,MYMi+Makx9DINYCJL9kGzjsdXLI=,yKValLaMz6J1O0ufCP6BTj6GvNo=
7,15,MYMi+Makx9DINYCJL9kGzjsdXLI=,yKValLaMz6J1O0ufCP6BTj6GvNo=
4,7,MYMi+Makx9DINYCJL9kGzjsdXLI=,yKValLaMz6J1O0ufCP6BTj6GvNo=
12,3,MYMi+Makx9DINYCJL9kGzjsdXLI=,yKValLaMz6J1O0ufCP6BTj6GvNo=
3,10,MYMi+Makx9DINYCJL9kGzjsdXLI=,yKValLaMz6J1O0ufCP6BTj6GvNo=
5,7,MYMi+Makx9DINYCJL9kGzjsdXLI=,yKValLaMz6J1O0ufCP6BTj6GvNo=
15,6,MYMi+Makx9DINYCJL9kGzjsdXLI=,yKValLaMz6J1O0ufCP6BTj6GvNo=
3,7,MYMi+Makx9DINYCJL9kGzjsdXLI=,yKValLaMz6J1O0ufCP6BTj6GvNo=
4,10,MYMi+Makx9DINYCJL9kGzjsdXLI=,yKValLaMz6J1O0ufCP6BTj6GvNo=
13,3,MYMi+Makx9DINYCJL9kGzjsdXLI=,yKValLaMz6J1O0ufCP6BTj6GvNo=
14,6,MYMi+Makx9DINYCJL9kGzjsdXLI=,yKValLaMz6J1O0ufCP6BTj6GvNo=
8,12,MYMi+Makx9DINYCJL9kGzjsdXLI=,yKValLaMz6J1O0ufCP6BTj6GvNo=
13,6,MYMi+Makx9DINYCJL9kGzjsdXLI=,yKValLaMz6J1O0ufCP6BTj6GvNo=
12,6,MYMi+Makx9DINYCJL9kGzjsdXLI=,yKValLaMz6J1O0ufCP6BTj6GvNo=
6,15,MYMi+Makx9DINYCJL9kGzjsdXLI=,yKValLaMz6J1O0ufCP6BTj6GvNo=
11,3,MYMi+Makx9DINYCJL9kGzjsdXLI=,yKValLaMz6J1O0ufCP6BTj6GvNo=
7,5,MYMi+Makx9DINYCJL9kGzjsdXLI=,yKValLaMz6J1O0ufCP6BTj6GvNo=
1,7,MYMi+Makx9DINYCJL9kGzjsdXLI=,yKValLaMz6J1O0ufCP6BTj6GvNo=
0,7,MYMi+Makx9DINYCJL9kGzjsdXLI=,yKValLaMz6J1O0ufCP6BTj6GvNo=
11,6,MYMi+Makx9DINYCJL9kGzjsdXLI=,yKValLaMz6J1O0ufCP6BTj6GvNo=
9,3,MYMi+Makx9DINYCJL9kGzjsdXLI=,yKValLaMz6J1O0ufCP6BTj6GvNo=
1,10,MYMi+Makx9DINYCJL9kGzjsdXLI=,yKValLaMz6J1O0ufCP6BTj6GvNo=
10,6,MYMi+Makx9DINYCJL9kGzjsdXLI=,yKValLaMz6J1O0ufCP6BTj6GvNo=
2,0,MYMi+Makx9DINYCJL9kGzjsdXLI=,yKValLaMz6J1O0ufCP6BTj6GvNo=
9,6,MYMi+Makx9DINYCJL9kGzjsdXLI=,yKValLaMz6J1O0ufCP6BTj6GvNo=
2,7,MYMi+Makx9DINYCJL9kGzjsdXLI=,yKValLaMz6J1O0ufCP6BTj6GvNo=
5,15,MYMi+Makx9DINYCJL9kGzjsdXLI=,yKValLaMz6J1O0ufCP6BTj6GvNo=
10,3,MYMi+Makx9DINYCJL9kGzjsdXLI=,yKValLaMz6J1O0ufCP6BTj6GvNo=
7,12,MYMi+Makx9DINYCJL9kGzjsdXLI=,yKValLaMz6J1O0ufCP6BTj6GvNo=
8,6,MYMi+Makx9DINYCJL9kGzjsdXLI=,yKValLaMz6J1O0ufCP6BTj6GvNo=
7,6,MYMi+Makx9DINYCJL9kGzjsdXLI=,yKValLaMz6J1O0ufCP6BTj6GvNo=
0,10,MYMi+Makx9DINYCJL9kGzjsdXLI=,yKValLaMz6J1O0ufCP6BTj6GvNo=
2,10,MYMi+Makx9DINYCJL9kGzjsdXLI=,yKValLaMz6J1O0ufCP6BTj6GvNo=
5,12,MYMi+Makx9DINYCJL9kGzjsdXLI=,yKValLaMz6J1O0ufCP6BTj6GvNo=
4,12,MYMi+Makx9DINYCJL9kGzjsdXLI=,yKValLaMz6J1O0ufCP6BTj6GvNo=
6,6,MYMi+Makx9DINYCJL9kGzjsdXLI=,yKValLaMz6J1O0ufCP6BTj6GvNo=
2,15,MYMi+Makx9DINYCJL9kGzjsdXLI=,yKValLaMz6J1O0ufCP6BTj6GvNo=
8,3,MYMi+Makx9DINYCJL9kGzjsdXLI=,yKValLaMz6J1O0ufCP6BTj6GvNo=
2,12,MYMi+Makx9DINYCJL9kGzjsdXLI=,yKValLaMz6J1O0ufCP6BTj6GvNo=
1,12,MYMi+Makx9DINYCJL9kGzjsdXLI=,yKValLaMz6J1O0ufCP6BTj6GvNo=
15,14,MYMi+Makx9DINYCJL9kGzjsdXLI=,yKValLaMz6J1O0ufCP6BTj6GvNo=
12,0,MYMi+Makx9DINYCJL9kGzjsdXLI=,yKValLaMz6J1O0ufCP6BTj6GvNo=
3,12,MYMi+Makx9DINYCJL9kGzjsdXLI=,yKValLaMz6J1O0ufCP6BTj6GvNo=
14,14,MYMi+Makx9DINYCJL9kGzjsdXLI=,yKValLaMz6J1O0ufCP6BTj6GvNo=
0,15,MYMi+Makx9DINYCJL9kGzjsdXLI=,yKValLaMz6J1O0ufCP6BTj6GvNo=
1,0,MYMi+Makx9DINYCJL9kGzjsdXLI=,yKValLaMz6J1O0ufCP6BTj6GvNo=
13,14,MYMi+Makx9DINYCJL9kGzjsdXLI=,yKValLaMz6J1O0ufCP6BTj6GvNo=
5,6,MYMi+Makx9DINYCJL9kGzjsdXLI=,yKValLaMz6J1O0ufCP6BTj6GvNo=
15,9,MYMi+Makx9DINYCJL9kGzjsdXLI=,yKValLaMz6J1O0ufCP6BTj6GvNo=
9,0,MYMi+Makx9DINYCJL9kGzjsdXLI=,yKValLaMz6J1O0ufCP6BTj6GvNo=
10,0,MYMi+Makx9DINYCJL9kGzjsdXLI=,yKValLaMz6J1O0ufCP6BTj6GvNo=
2,6,MYMi+Makx9DINYCJL9kGzjsdXLI=,yKValLaMz6J1O0ufCP6BTj6GvNo=
4,15,MYMi+Makx9DINYCJL9kGzjsdXLI=,yKValLaMz6J1O0ufCP6BTj6GvNo=
3,6,MYMi+Makx9DINYCJL9kGzjsdXLI=,yKValLaMz6J1O0ufCP6BTj6GvNo=
4,6,MYMi+Makx9DINYCJL9kGzjsdXLI=,yKValLaMz6J1O0ufCP6BTj6GvNo=
11,1,MYMi+Makx9DINYCJL9kGzjsdXLI=,yKValLaMz6J1O0ufCP6BTj6GvNo=
11,0,MYMi+Makx9DINYCJL9kGzjsdXLI=,yKValLaMz6J1O0ufCP6BTj6GvNo=
14,9,MYMi+Makx9DINYCJL9kGzjsdXLI=,yKValLaMz6J1O0ufCP6BTj6GvNo=
13,9,MYMi+Makx9DINYCJL9kGzjsdXLI=,yKValLaMz6J1O0ufCP6BTj6GvNo=
1,6,MYMi+Makx9DINYCJL9kGzjsdXLI=,yKValLaMz6J1O0ufCP6BTj6GvNo=
0,6,MYMi+Makx9DINYCJL9kGzjsdXLI=,yKValLaMz6J1O0ufCP6BTj6GvNo=
11,9,MYMi+Makx9DINYCJL9kGzjsdXLI=,yKValLaMz6J1O0ufCP6BTj6GvNo=
12,9,MYMi+Makx9DINYCJL9kGzjsdXLI=,yKValLaMz6J1O0ufCP6BTj6GvNo=
12,14,MYMi+Makx9DINYCJL9kGzjsdXLI=,yKValLaMz6J1O0ufCP6BTj6GvNo=
10,9,MYMi+Makx9DINYCJL9kGzjsdXLI=,yKValLaMz6J1O0ufCP6BTj6GvNo=
7,3,MYMi+Makx9DINYCJL9kGzjsdXLI=,yKValLaMz6J1O0ufCP6BTj6GvNo=
9,9,MYMi+Makx9DINYCJL9kGzjsdXLI=,yKValLaMz6J1O0ufCP6BTj6GvNo=
7,9,MYMi+Makx9DINYCJL9kGzjsdXLI=,yKValLaMz6J1O0ufCP6BTj6GvNo=
8,9,MYMi+Makx9DINYCJL9kGzjsdXLI=,yKValLaMz6J1O0ufCP6BTj6GvNo=
6,9,MYMi+Makx9DINYCJL9kGzjsdXLI=,yKValLaMz6J1O0ufCP6BTj6GvNo=
8,0,MYMi+Makx9DINYCJL9kGzjsdXLI=,yKValLaMz6J1O0ufCP6BTj6GvNo=
6,3,MYMi+Makx9DINYCJL9kGzjsdXLI=,yKValLaMz6J1O0ufCP6BTj6GvNo=
3,1,MYMi+Makx9DINYCJL9kGzjsdXLI=,yKValLaMz6J1O0ufCP6BTj6GvNo=
0,8,MYMi+Makx9DINYCJL9kGzjsdXLI=,yKValLaMz6J1O0ufCP6BTj6GvNo=
0,12,MYMi+Makx9DINYCJL9kGzjsdXLI=,yKValLaMz6J1O0ufCP6BTj6GvNo=
5,3,MYMi+Makx9DINYCJL9kGzjsdXLI=,yKValLaMz6J1O0ufCP6BTj6GvNo=
4,3,MYMi+Makx9DINYCJL9kGzjsdXLI=,yKValLaMz6J1O0ufCP6BTj6GvNo=
7,0,MYMi+Makx9DINYCJL9kGzjsdXLI=,yKValLaMz6J1O0ufCP6BTj6GvNo=
11,14,MYMi+Makx9DINYCJL9kGzjsdXLI=,yKValLaMz6J1O0ufCP6BTj6GvNo=
15,11,MYMi+Makx9DINYCJL9kGzjsdXLI=,yKValLaMz6J1O0ufCP6BTj6GvNo=
14,11,MYMi+Makx9DINYCJL9kGzjsdXLI=,yKValLaMz6J1O0ufCP6BTj6GvNo=
0,3,MYMi+Makx9DINYCJL9kGzjsdXLI=,yKValLaMz6J1O0ufCP6BTj6GvNo=
6,5,MYMi+Makx9DINYCJL9kGzjsdXLI=,yKValLaMz6J1O0ufCP6BTj6GvNo=
1,3,MYMi+Makx9DINYCJL9kGzjsdXLI=,yKValLaMz6J1O0ufCP6BTj6GvNo=
10,14,MYMi+Makx9DINYCJL9kGzjsdXLI=,yKValLaMz6J1O0ufCP6BTj6GvNo=
9,14,MYMi+Makx9DINYCJL9kGzjsdXLI=,yKValLaMz6J1O0ufCP6BTj6GvNo=
5,9,MYMi+Makx9DINYCJL9kGzjsdXLI=,yKValLaMz6J1O0ufCP6BTj6GvNo=
8,14,MYMi+Makx9DINYCJL9kGzjsdXLI=,yKValLaMz6J1O0ufCP6BTj6GvNo=
8,1,MYMi+Makx9DINYCJL9kGzjsdXLI=,yKValLaMz6J1O0ufCP6BTj6GvNo=
13,11,MYMi+Makx9DINYCJL9kGzjsdXLI=,yKValLaMz6J1O0ufCP6BTj6GvNo=
3,3,MYMi+Makx9DINYCJL9kGzjsdXLI=,yKValLaMz6J1O0ufCP6BTj6GvNo=
2,1,MYMi+Makx9DINYCJL9kGzjsdXLI=,yKValLaMz6J1O0ufCP6BTj6GvNo=
6,12,MYMi+Makx9DINYCJL9kGzjsdXLI=,yKValLaMz6J1O0ufCP6BTj6GvNo=
6,0,MYMi+Makx9DINYCJL9kGzjsdXLI=,yKValLaMz6J1O0ufCP6BTj6GvNo=
2,3,MYMi+Makx9DINYCJL9kGzjsdXLI=,yKValLaMz6J1O0ufCP6BTj6GvNo=
1,1,MYMi+Makx9DINYCJL9kGzjsdXLI=,yKValLaMz6J1O0ufCP6BTj6GvNo=
12,11,MYMi+Makx9DINYCJL9kGzjsdXLI=,yKValLaMz6J1O0ufCP6BTj6GvNo=
15,2,MYMi+Makx9DINYCJL9kGzjsdXLI=,yKValLaMz6J1O0ufCP6BTj6GvNo=
0,1,MYMi+Makx9DINYCJL9kGzjsdXLI=,yKValLaMz6J1O0ufCP6BTj6GvNo=
11,11,MYMi+Makx9DINYCJL9kGzjsdXLI=,yKValLaMz6J1O0ufCP6BTj6GvNo=
3,9,MYMi+Makx9DINYCJL9kGzjsdXLI=,yKValLaMz6J1O0ufCP6BTj6GvNo=
4,9,MYMi+Makx9DINYCJL9kGzjsdXLI=,yKValLaMz6J1O0ufCP6BTj6GvNo=
14,2,MYMi+Makx9DINYCJL9kGzjsdXLI=,yKValLaMz6J1O0ufCP6BTj6GvNo=
6,14,MYMi+Makx9DINYCJL9kGzjsdXLI=,yKValLaMz6J1O0ufCP6BTj6GvNo=
7,14,MYMi+Makx9DINYCJL9kGzjsdXLI=,yKValLaMz6J1O0ufCP6BTj6GvNo=
2,9,MYMi+Makx9DINYCJL9kGzjsdXLI=,yKValLaMz6J1O0ufCP6BTj6GvNo=
5,5,MYMi+Makx9DINYCJL9kGzjsdXLI=,yKValLaMz6J1O0ufCP6BTj6GvNo=
13,2,MYMi+Makx9DINYCJL9kGzjsdXLI=,yKValLaMz6J1O0ufCP6BTj6GvNo=
15,8,MYMi+Makx9DINYCJL9kGzjsdXLI=,yKValLaMz6J1O0ufCP6BTj6GvNo=
5,14,MYMi+Makx9DINYCJL9kGzjsdXLI=,yKValLaMz6J1O0ufCP6BTj6GvNo=
12,2,MYMi+Makx9DINYCJL9kGzjsdXLI=,yKValLaMz6J1O0ufCP6BTj6GvNo=
3,5,MYMi+Makx9DINYCJL9kGzjsdXLI=,yKValLaMz6J1O0ufCP6BTj6GvNo=
10,11,MYMi+Makx9DINYCJL9kGzjsdXLI=,yKValLaMz6J1O0ufCP6BTj6GvNo=
4,5,MYMi+Makx9DINYCJL9kGzjsdXLI=,yKValLaMz6J1O0ufCP6BTj6GvNo=
2,5,MYMi+Makx9DINYCJL9kGzjsdXLI=,yKValLaMz6J1O0ufCP6BTj6GvNo=
11,2,MYMi+Makx9DINYCJL9kGzjsdXLI=,yKValLaMz6J1O0ufCP6BTj6GvNo=
5,0,MYMi+Makx9DINYCJL9kGzjsdXLI=,yKValLaMz6J1O0ufCP6BTj6GvNo=
9,11,MYMi+Makx9DINYCJL9kGzjsdXLI=,yKValLaMz6J1O0ufCP6BTj6GvNo=
4,14,MYMi+Makx9DINYCJL9kGzjsdXLI=,yKValLaMz6J1O0ufCP6BTj6GvNo=
10,2,MYMi+Makx9DINYCJL9kGzjsdXLI=,yKValLaMz6J1O0ufCP6BTj6GvNo=
7,1,MYMi+Makx9DINYCJL9kGzjsdXLI=,yKValLaMz6J1O0ufCP6BTj6GvNo=
14,8,MYMi+Makx9DINYCJL9kGzjsdXLI=,yKValLaMz6J1O0ufCP6BTj6GvNo=
0,0,MYMi+Makx9DINYCJL9kGzjsdXLI=,yKValLaMz6J1O0ufCP6BTj6GvNo=
3,14,MYMi+Makx9DINYCJL9kGzjsdXLI=,yKValLaMz6J1O0ufCP6BTj6GvNo=
15,4,MYMi+Makx9DINYCJL9kGzjsdXLI=,yKValLaMz6J1O0ufCP6BTj6GvNo=
15,0,MYMi+Makx9DINYCJL9kGzjsdXLI=,yKValLaMz6J1O0ufCP6BTj6GvNo=
0,14,MYMi+Makx9DINYCJL9kGzjsdXLI=,yKValLaMz6J1O0ufCP6BTj6GvNo=
14,4,MYMi+Makx9DINYCJL9kGzjsdXLI=,yKValLaMz6J1O0ufCP6BTj6GvNo=
8,11,MYMi+Makx9DINYCJL9kGzjsdXLI=,yKValLaMz6J1O0ufCP6BTj6GvNo=
9,2,MYMi+Makx9DINYCJL9kGzjsdXLI=,yKValLaMz6J1O0ufCP6BTj6GvNo=
13,8,MYMi+Makx9DINYCJL9kGzjsdXLI=,yKValLaMz6J1O0ufCP6BTj6GvNo=
1,14,MYMi+Makx9DINYCJL9kGzjsdXLI=,yKValLaMz6J1O0ufCP6BTj6GvNo=
1,15,MYMi+Makx9DINYCJL9kGzjsdXLI=,yKValLaMz6J1O0ufCP6BTj6GvNo=
1,5,MYMi+Makx9DINYCJL9kGzjsdXLI=,yKValLaMz6J1O0ufCP6BTj6GvNo=
12,8,MYMi+Makx9DINYCJL9kGzjsdXLI=,yKValLaMz6J1O0ufCP6BTj6GvNo=
15,13,MYMi+Makx9DINYCJL9kGzjsdXLI=,yKValLaMz6J1O0ufCP6BTj6GvNo=
8,2,MYMi+Makx9DINYCJL9kGzjsdXLI=,yKValLaMz6J1O0ufCP6BTj6GvNo=
0,9,MYMi+Makx9DINYCJL9kGzjsdXLI=,yKValLaMz6J1O0ufCP6BTj6GvNo=
4,0,MYMi+Makx9DINYCJL9kGzjsdXLI=,yKValLaMz6J1O0ufCP6BTj6GvNo=
7,11,MYMi+Makx9DINYCJL9kGzjsdXLI=,yKValLaMz6J1O0ufCP6BTj6GvNo=
14,13,MYMi+Makx9DINYCJL9kGzjsdXLI=,yKValLaMz6J1O0ufCP6BTj6GvNo=
13,13,MYMi+Makx9DINYCJL9kGzjsdXLI=,yKValLaMz6J1O0ufCP6BTj6GvNo=
2,14,MYMi+Makx9DINYCJL9kGzjsdXLI=,yKValLaMz6J1O0ufCP6BTj6GvNo=
7,2,MYMi+Makx9DINYCJL9kGzjsdXLI=,yKValLaMz6J1O0ufCP6BTj6GvNo=
11,4,MYMi+Makx9DINYCJL9kGzjsdXLI=,yKValLaMz6J1O0ufCP6BTj6GvNo=
10,4,MYMi+Makx9DINYCJL9kGzjsdXLI=,yKValLaMz6J1O0ufCP6BTj6GvNo=
13,4,MYMi+Makx9DINYCJL9kGzjsdXLI=,yKValLaMz6J1O0ufCP6BTj6GvNo=
14,0,MYMi+Makx9DINYCJL9kGzjsdXLI=,yKValLaMz6J1O0ufCP6BTj6GvNo=
9,4,MYMi+Makx9DINYCJL9kGzjsdXLI=,yKValLaMz6J1O0ufCP6BTj6GvNo=
11,8,MYMi+Makx9DINYCJL9kGzjsdXLI=,yKValLaMz6J1O0ufCP6BTj6GvNo=
10,8,MYMi+Makx9DINYCJL9kGzjsdXLI=,yKValLaMz6J1O0ufCP6BTj6GvNo=
9,8,MYMi+Makx9DINYCJL9kGzjsdXLI=,yKValLaMz6J1O0ufCP6BTj6GvNo=
6,2,MYMi+Makx9DINYCJL9kGzjsdXLI=,yKValLaMz6J1O0ufCP6BTj6GvNo=
8,4,MYMi+Makx9DINYCJL9kGzjsdXLI=,yKValLaMz6J1O0ufCP6BTj6GvNo=
12,13,MYMi+Makx9DINYCJL9kGzjsdXLI=,yKValLaMz6J1O0ufCP6BTj6GvNo=
6,11,MYMi+Makx9DINYCJL9kGzjsdXLI=,yKValLaMz6J1O0ufCP6BTj6GvNo=
12,4,MYMi+Makx9DINYCJL9kGzjsdXLI=,yKValLaMz6J1O0ufCP6BTj6GvNo=
5,2,MYMi+Makx9DINYCJL9kGzjsdXLI=,yKValLaMz6J1O0ufCP6BTj6GvNo=
6,1,MYMi+Makx9DINYCJL9kGzjsdXLI=,yKValLaMz6J1O0ufCP6BTj6GvNo=
8,8,MYMi+Makx9DINYCJL9kGzjsdXLI=,yKValLaMz6J1O0ufCP6BTj6GvNo=
3,2,MYMi+Makx9DINYCJL9kGzjsdXLI=,yKValLaMz6J1O0ufCP6BTj6GvNo=
7,8,MYMi+Makx9DINYCJL9kGzjsdXLI=,yKValLaMz6J1O0ufCP6BTj6GvNo=
0,2,MYMi+Makx9DINYCJL9kGzjsdXLI=,yKValLaMz6J1O0ufCP6BTj6GvNo=
6,8,MYMi+Makx9DINYCJL9kGzjsdXLI=,yKValLaMz6J1O0ufCP6BTj6GvNo=
1,2,MYMi+Makx9DINYCJL9kGzjsdXLI=,yKValLaMz6J1O0ufCP6BTj6GvNo=
5,1,MYMi+Makx9DINYCJL9kGzjsdXLI=,yKValLaMz6J1O0ufCP6BTj6GvNo=
6,4,MYMi+Makx9DINYCJL9kGzjsdXLI=,yKValLaMz6J1O0ufCP6BTj6GvNo=
5,11,MYMi+Makx9DINYCJL9kGzjsdXLI=,yKValLaMz6J1O0ufCP6BTj6GvNo=
15,1,MYMi+Makx9DINYCJL9kGzjsdXLI=,yKValLaMz6J1O0ufCP6BTj6GvNo=
4,8,MYMi+Makx9DINYCJL9kGzjsdXLI=,yKValLaMz6J1O0ufCP6BTj6GvNo=
7,4,MYMi+Makx9DINYCJL9kGzjsdXLI=,yKValLaMz6J1O0ufCP6BTj6GvNo=
14,1,MYMi+Makx9DINYCJL9kGzjsdXLI=,yKValLaMz6J1O0ufCP6BTj6GvNo=
5,8,MYMi+Makx9DINYCJL9kGzjsdXLI=,yKValLaMz6J1O0ufCP6BTj6GvNo=
2,2,MYMi+Makx9DINYCJL9kGzjsdXLI=,yKValLaMz6J1O0ufCP6BTj6GvNo=
4,4,MYMi+Makx9DINYCJL9kGzjsdXLI=,yKValLaMz6J1O0ufCP6BTj6GvNo=
4,11,MYMi+Makx9DINYCJL9kGzjsdXLI=,yKValLaMz6J1O0ufCP6BTj6GvNo=
5,4,MYMi+Makx9DINYCJL9kGzjsdXLI=,yKValLaMz6J1O0ufCP6BTj6GvNo=
3,15,MYMi+Makx9DINYCJL9kGzjsdXLI=,yKValLaMz6J1O0ufCP6BTj6GvNo=
1,11,MYMi+Makx9DINYCJL9kGzjsdXLI=,yKValLaMz6J1O0ufCP6BTj6GvNo=
3,4,MYMi+Makx9DINYCJL9kGzjsdXLI=,yKValLaMz6J1O0ufCP6BTj6GvNo=
15,10,MYMi+Makx9DINYCJL9kGzjsdXLI=,yKValLaMz6J1O0ufCP6BTj6GvNo=
3,11,MYMi+Makx9DINYCJL9kGzjsdXLI=,yKValLaMz6J1O0ufCP6BTj6GvNo=
2,11,MYMi+Makx9DINYCJL9kGzjsdXLI=,yKValLaMz6J1O0ufCP6BTj6GvNo=
13,10,MYMi+Makx9DINYCJL9kGzjsdXLI=,yKValLaMz6J1O0ufCP6BTj6GvNo=
12,1,MYMi+Makx9DINYCJL9kGzjsdXLI=,yKValLaMz6J1O0ufCP6BTj6GvNo=
4,1,MYMi+Makx9DINYCJL9kGzjsdXLI=,yKValLaMz6J1O0ufCP6BTj6GvNo=
4,2,MYMi+Makx9DINYCJL9kGzjsdXLI=,yKValLaMz6J1O0ufCP6BTj6GvNo=
13,0,MYMi+Makx9DINYCJL9kGzjsdXLI=,yKValLaMz6J1O0ufCP6BTj6GvNo=
3,8,MYMi+Makx9DINYCJL9kGzjsdXLI=,yKValLaMz6J1O0ufCP6BTj6GvNo=
2,4,MYMi+Makx9DINYCJL9kGzjsdXLI=,yKValLaMz6J1O0ufCP6BTj6GvNo=
0,11,MYMi+Makx9DINYCJL9kGzjsdXLI=,yKValLaMz6J1O0ufCP6BTj6GvNo=
2,8,MYMi+Makx9DINYCJL9kGzjsdXLI=,yKValLaMz6J1O0ufCP6BTj6GvNo=
1,8,MYMi+Makx9DINYCJL9kGzjsdXLI=,yKValLaMz6J1O0ufCP6BTj6GvNo=
13,1,MYMi+Makx9DINYCJL9kGzjsdXLI=,yKValLaMz6J1O0ufCP6BTj6GvNo=
0,5,MYMi+Makx9DINYCJL9kGzjsdXLI=,yKValLaMz6J1O0ufCP6BTj6GvNo=
14,10,MYMi+Makx9DINYCJL9kGzjsdXLI=,yKValLaMz6J1O0ufCP6BTj6GvNo=
3,0,MYMi+Makx9DINYCJL9kGzjsdXLI=,yKValLaMz6J1O0ufCP6BTj6GvNo=
1,9,MYMi+Makx9DINYCJL9kGzjsdXLI=,yKValLaMz6J1O0ufCP6BTj6GvNo=
11,31,Fp688Ii6qZSSOltD8FKPAv3KD1U=,z8Xv6wM/3XsUhsERoDwcPzNUZkY=
9,31,Fp688Ii6qZSSOltD8FKPAv3KD1U=,z8Xv6wM/3XsUhsERoDwcPzNUZkY=
12,31,Fp688Ii6qZSSOltD8FKPAv3KD1U=,z8Xv6wM/3XsUhsERoDwcPzNUZkY=
8,31,Fp688Ii6qZSSOltD8FKPAv3KD1U=,z8Xv6wM/3XsUhsERoDwcPzNUZkY=
13,27,Fp688Ii6qZSSOltD8FKPAv3KD1U=,z8Xv6wM/3XsUhsERoDwcPzNUZkY=
15,31,Fp688Ii6qZSSOltD8FKPAv3KD1U=,z8Xv6wM/3XsUhsERoDwcPzNUZkY=
14,27,Fp688Ii6qZSSOltD8FKPAv3KD1U=,z8Xv6wM/3XsUhsERoDwcPzNUZkY=
10,31,Fp688Ii6qZSSOltD8FKPAv3KD1U=,z8Xv6wM/3XsUhsERoDwcPzNUZkY=
14,31,Fp688Ii6qZSSOltD8FKPAv3KD1U=,z8Xv6wM/3XsUhsERoDwcPzNUZkY=
13,31,Fp688Ii6qZSSOltD8FKPAv3KD1U=,z8Xv6wM/3XsUhsERoDwcPzNUZkY=
15,27,Fp688Ii6qZSSOltD8FKPAv3KD1U=,z8Xv6wM/3XsUhsERoDwcPzNUZkY=
12,27,Fp688Ii6qZSSOltD8FKPAv3KD1U=,z8Xv6wM/3XsUhsERoDwcPzNUZkY=
3,31,Fp688Ii6qZSSOltD8FKPAv3KD1U=,z8Xv6wM/3XsUhsERoDwcPzNUZkY=
11,27,Fp688Ii6qZSSOltD8FKPAv3KD1U=,z8Xv6wM/3XsUhsERoDwcPzNUZkY=
15,30,Fp688Ii6qZSSOltD8FKPAv3KD1U=,z8Xv6wM/3XsUhsERoDwcPzNUZkY=
0,31,Fp688Ii6qZSSOltD8FKPAv3KD1U=,z8Xv6wM/3XsUhsERoDwcPzNUZkY=
7,31,Fp688Ii6qZSSOltD8FKPAv3KD1U=,z8Xv6wM/3XsUhsERoDwcPzNUZkY=
13,30,Fp688Ii6qZSSOltD8FKPAv3KD1U=,z8Xv6wM/3XsUhsERoDwcPzNUZkY=
6,18,Fp688Ii6qZSSOltD8FKPAv3KD1U=,z8Xv6wM/3XsUhsERoDwcPzNUZkY=
11,30,Fp688Ii6qZSSOltD8FKPAv3KD1U=,z8Xv6wM/3XsUhsERoDwcPzNUZkY=
12,30,Fp688Ii6qZSSOltD8FKPAv3KD1U=,z8Xv6wM/3XsUhsERoDwcPzNUZkY=
2,31,Fp688Ii6qZSSOltD8FKPAv3KD1U=,z8Xv6wM/3XsUhsERoDwcPzNUZkY=
14,30,Fp688Ii6qZSSOltD8FKPAv3KD1U=,z8Xv6wM/3XsUhsERoDwcPzNUZkY=
10,30,Fp688Ii6qZSSOltD8FKPAv3KD1U=,z8Xv6wM/3XsUhsERoDwcPzNUZkY=
9,27,Fp688Ii6qZSSOltD8FKPAv3KD1U=,z8Xv6wM/3XsUhsERoDwcPzNUZkY=
9,30,Fp688Ii6qZSSOltD8FKPAv3KD1U=,z8Xv6wM/3XsUhsERoDwcPzNUZkY=
10,27,Fp688Ii6qZSSOltD8FKPAv3KD1U=,z8Xv6wM/3XsUhsERoDwcPzNUZkY=
4,31,Fp688Ii6qZSSOltD8FKPAv3KD1U=,z8Xv6wM/3XsUhsERoDwcPzNUZkY=
1,31,Fp688Ii6qZSSOltD8FKPAv3KD1U=,z8Xv6wM/3XsUhsERoDwcPzNUZkY=
7,17,Fp688Ii6qZSSOltD8FKPAv3KD1U=,z8Xv6wM/3XsUhsERoDwcPzNUZkY=
8,27,Fp688Ii6qZSSOltD8FKPAv3KD1U=,z8Xv6wM/3XsUhsERoDwcPzNUZkY=
8,30,Fp688Ii6qZSSOltD8FKPAv3KD1U=,z8Xv6wM/3XsUhsERoDwcPzNUZkY=
7,18,Fp688Ii6qZSSOltD8FKPAv3KD1U=,z8Xv6wM/3XsUhsERoDwcPzNUZkY=
6,31,Fp688Ii6qZSSOltD8FKPAv3KD1U=,z8Xv6wM/3XsUhsERoDwcPzNUZkY=
1,30,Fp688Ii6qZSSOltD8FKPAv3KD1U=,z8Xv6wM/3XsUhsERoDwcPzNUZkY=
5,31,Fp688Ii6qZSSOltD8FKPAv3KD1U=,z8Xv6wM/3XsUhsERoDwcPzNUZkY=
8,18,Fp688Ii6qZSSOltD8FKPAv3KD1U=,z8Xv6wM/3XsUhsERoDwcPzNUZkY=
7,30,Fp688Ii6qZSSOltD8FKPAv3KD1U=,z8Xv6wM/3XsUhsERoDwcPzNUZkY=
2,30,Fp688Ii6qZSSOltD8FKPAv3KD1U=,z8Xv6wM/3XsUhsERoDwcPzNUZkY=
7,27,Fp688Ii6qZSSOltD8FKPAv3KD1U=,z8Xv6wM/3XsUhsERoDwcPzNUZkY=
13,16,Fp688Ii6qZSSOltD8FKPAv3KD1U=,z8Xv6wM/3XsUhsERoDwcPzNUZkY=
6,30,Fp688Ii6qZSSOltD8FKPAv3KD1U=,z8Xv6wM/3XsUhsERoDwcPzNUZkY=
9,18,Fp688Ii6qZSSOltD8FKPAv3KD1U=,z8Xv6wM/3XsUhsERoDwcPzNUZkY=
14,29,Fp688Ii6qZSSOltD8FKPAv3KD1U=,z8Xv6wM/3XsUhsERoDwcPzNUZkY=
5,30,Fp688Ii6qZSSOltD8FKPAv3KD1U=,z8Xv6wM/3XsUhsERoDwcPzNUZkY=
4,30,Fp688Ii6qZSSOltD8FKPAv3KD1U=,z8Xv6wM/3XsUhsERoDwcPzNUZkY=
15,29,Fp688Ii6qZSSOltD8FKPAv3KD1U=,z8Xv6wM/3XsUhsERoDwcPzNUZkY=
11,29,Fp688Ii6qZSSOltD8FKPAv3KD1U=,z8Xv6wM/3XsUhsERoDwcPzNUZkY=
2,16,Fp688Ii6qZSSOltD8FKPAv3KD1U=,z8Xv6wM/3XsUhsERoDwcPzNUZkY=
9,29,Fp688Ii6qZSSOltD8FKPAv3KD1U=,z8Xv6wM/3XsUhsERoDwcPzNUZkY=
12,29,Fp688Ii6qZSSOltD8FKPAv3KD1U=,z8Xv6wM/3XsUhsERoDwcPzNUZkY=
13,29,Fp688Ii6qZSSOltD8FKPAv3KD1U=,z8Xv6wM/3XsUhsERoDwcPzNUZkY=
0,30,Fp688Ii6qZSSOltD8FKPAv3KD1U=,z8Xv6wM/3XsUhsERoDwcPzNUZkY=
10,18,Fp688Ii6qZSSOltD8FKPAv3KD1U=,z8Xv6wM/3XsUhsERoDwcPzNUZkY=
7,29,Fp688Ii6qZSSOltD8FKPAv3KD1U=,z8Xv6wM/3XsUhsERoDwcPzNUZkY=
10,29,Fp688Ii6qZSSOltD8FKPAv3KD1U=,z8Xv6wM/3XsUhsERoDwcPzNUZkY=
3,30,Fp688Ii6qZSSOltD8FKPAv3KD1U=,z8Xv6wM/3XsUhsERoDwcPzNUZkY=
11,18,Fp688Ii6qZSSOltD8FKPAv3KD1U=,z8Xv6wM/3XsUhsERoDwcPzNUZkY=
6,29,Fp688Ii6qZSSOltD8FKPAv3KD1U=,z8Xv6wM/3XsUhsERoDwcPzNUZkY=
8,29,Fp688Ii6qZSSOltD8FKPAv3KD1U=,z8Xv6wM/3XsUhsERoDwcPzNUZkY=
6,27,Fp688Ii6qZSSOltD8FKPAv3KD1U=,z8Xv6wM/3XsUhsERoDwcPzNUZkY=
12,18,Fp688Ii6qZSSOltD8FKPAv3KD1U=,z8Xv6wM/3XsUhsERoDwcPzNUZkY=
13,18,Fp688Ii6qZSSOltD8FKPAv3KD1U=,z8Xv6wM/3XsUhsERoDwcPzNUZkY=
5,27,Fp688Ii6qZSSOltD8FKPAv3KD1U=,z8Xv6wM/3XsUhsERoDwcPzNUZkY=
5,29,Fp688Ii6qZSSOltD8FKPAv3KD1U=,z8Xv6wM/3XsUhsERoDwcPzNUZkY=
4,27,Fp688Ii6qZSSOltD8FKPAv3KD1U=,z8Xv6wM/3XsUhsERoDwcPzNUZkY=
1,29,Fp688Ii6qZSSOltD8FKPAv3KD1U=,z8Xv6wM/3XsUhsERoDwcPzNUZkY=
15,28,Fp688Ii6qZSSOltD8FKPAv3KD1U=,z8Xv6wM/3XsUhsERoDwcPzNUZkY=
14,18,Fp688Ii6qZSSOltD8FKPAv3KD1U=,z8Xv6wM/3XsUhsERoDwcPzNUZkY=
14,28,Fp688Ii6qZSSOltD8FKPAv3KD1U=,z8Xv6wM/3XsUhsERoDwcPzNUZkY=
4,29,Fp688Ii6qZSSOltD8FKPAv3KD1U=,z8Xv6wM/3XsUhsERoDwcPzNUZkY=
11,28,Fp688Ii6qZSSOltD8FKPAv3KD1U=,z8Xv6wM/3XsUhsERoDwcPzNUZkY=
13,28,Fp688Ii6qZSSOltD8FKPAv3KD1U=,z8Xv6wM/3XsUhsERoDwcPzNUZkY=
15,18,Fp688Ii6qZSSOltD8FKPAv3KD1U=,z8Xv6wM/3XsUhsERoDwcPzNUZkY=
12,28,Fp688Ii6qZSSOltD8FKPAv3KD1U=,z8Xv6wM/3XsUhsERoDwcPzNUZkY=
3,29,Fp688Ii6qZSSOltD8FKPAv3KD1U=,z8Xv6wM/3XsUhsERoDwcPzNUZkY=
0,29,Fp688Ii6qZSSOltD8FKPAv3KD1U=,z8Xv6wM/3XsUhsERoDwcPzNUZkY=
9,28,Fp688Ii6qZSSOltD8FKPAv3KD1U=,z8Xv6wM/3XsUhsERoDwcPzNUZkY=
10,28,Fp688Ii6qZSSOltD8FKPAv3KD1U=,z8Xv6wM/3XsUhsERoDwcPzNUZkY=
15,26,Fp688Ii6qZSSOltD8FKPAv3KD1U=,z8Xv6wM/3XsUhsERoDwcPzNUZkY=
14,26,Fp688Ii6qZSSOltD8FKPAv3KD1U=,z8Xv6wM/3XsUhsERoDwcPzNUZkY=
6,28,Fp688Ii6qZSSOltD8FKPAv3KD1U=,z8Xv6wM/3XsUhsERoDwcPzNUZkY=
13,26,Fp688Ii6qZSSOltD8FKPAv3KD1U=,z8Xv6wM/3XsUhsERoDwcPzNUZkY=
8,28,Fp688Ii6qZSSOltD8FKPAv3KD1U=,z8Xv6wM/3XsUhsERoDwcPzNUZkY=
3,27,Fp688Ii6qZSSOltD8FKPAv3KD1U=,z8Xv6wM/3XsUhsERoDwcPzNUZkY=
2,29,Fp688Ii6qZSSOltD8FKPAv3KD1U=,z8Xv6wM/3XsUhsERoDwcPzNUZkY=
7,28,Fp688Ii6qZSSOltD8FKPAv3KD1U=,z8Xv6wM/3XsUhsERoDwcPzNUZkY=
2,27,Fp688Ii6qZSSOltD8FKPAv3KD1U=,z8Xv6wM/3XsUhsERoDwcPzNUZkY=
5,28,Fp688Ii6qZSSOltD8FKPAv3KD1U=,z8Xv6wM/3XsUhsERoDwcPzNUZkY=
1,16,Fp688Ii6qZSSOltD8FKPAv3KD1U=,z8Xv6wM/3XsUhsERoDwcPzNUZkY=
12,26,Fp688Ii6qZSSOltD8FKPAv3KD1U=,z8Xv6wM/3XsUhsERoDwcPzNUZkY=
3,28,Fp688Ii6qZSSOltD8FKPAv3KD1U=,z8Xv6wM/3XsUhsERoDwcPzNUZkY=
0,27,Fp688Ii6qZSSOltD8FKPAv3KD1U=,z8Xv6wM/3XsUhsERoDwcPzNUZkY=
1,27,Fp688Ii6qZSSOltD8FKPAv3KD1U=,z8Xv6wM/3XsUhsERoDwcPzNUZkY=
0,28,Fp688Ii6qZSSOltD8FKPAv3KD1U=,z8Xv6wM/3XsUhsERoDwcPzNUZkY=
11,26,Fp688Ii6qZSSOltD8FKPAv3KD1U=,z8Xv6wM/3XsUhsERoDwcPzNUZkY=
10,26,Fp688Ii6qZSSOltD8FKPAv3KD1U=,z8Xv6wM/3XsUhsERoDwcPzNUZkY=
12,16,Fp688Ii6qZSSOltD8FKPAv3KD1U=,z8Xv6wM/3XsUhsERoDwcPzNUZkY=
4,28,Fp688Ii6qZSSOltD8FKPAv3KD1U=,z8Xv6wM/3XsUhsERoDwcPzNUZkY=
2,18,Fp688Ii6qZSSOltD8FKPAv3KD1U=,z8Xv6wM/3XsUhsERoDwcPzNUZkY=
4,18,Fp688Ii6qZSSOltD8FKPAv3KD1U=,z8Xv6wM/3XsUhsERoDwcPzNUZkY=
1,28,Fp688Ii6qZSSOltD8FKPAv3KD1U=,z8Xv6wM/3XsUhsERoDwcPzNUZkY=
1,18,Fp688Ii6qZSSOltD8FKPAv3KD1U=,z8Xv6wM/3XsUhsERoDwcPzNUZkY=
0,19,Fp688Ii6qZSSOltD8FKPAv3KD1U=,z8Xv6wM/3XsUhsERoDwcPzNUZkY=
12,17,Fp688Ii6qZSSOltD8FKPAv3KD1U=,z8Xv6wM/3XsUhsERoDwcPzNUZkY=
11,17,Fp688Ii6qZSSOltD8FKPAv3KD1U=,z8Xv6wM/3XsUhsERoDwcPzNUZkY=
13,17,Fp688Ii6qZSSOltD8FKPAv3KD1U=,z8Xv6wM/3XsUhsERoDwcPzNUZkY=
5,18,Fp688Ii6qZSSOltD8FKPAv3KD1U=,z8Xv6wM/3XsUhsERoDwcPzNUZkY=
3,18,Fp688Ii6qZSSOltD8FKPAv3KD1U=,z8Xv6wM/3XsUhsERoDwcPzNUZkY=
10,17,Fp688Ii6qZSSOltD8FKPAv3KD1U=,z8Xv6wM/3XsUhsERoDwcPzNUZkY=
9,17,Fp688Ii6qZSSOltD8FKPAv3KD1U=,z8Xv6wM/3XsUhsERoDwcPzNUZkY=
8,26,Fp688Ii6qZSSOltD8FKPAv3KD1U=,z8Xv6wM/3XsUhsERoDwcPzNUZkY=
2,28,Fp688Ii6qZSSOltD8FKPAv3KD1U=,z8Xv6wM/3XsUhsERoDwcPzNUZkY=
9,26,Fp688Ii6qZSSOltD8FKPAv3KD1U=,z8Xv6wM/3XsUhsERoDwcPzNUZkY=
11,16,Fp688Ii6qZSSOltD8FKPAv3KD1U=,z8Xv6wM/3XsUhsERoDwcPzNUZkY=
15,17,Fp688Ii6qZSSOltD8FKPAv3KD1U=,z8Xv6wM/3XsUhsERoDwcPzNUZkY=
7,26,Fp688Ii6qZSSOltD8FKPAv3KD1U=,z8Xv6wM/3XsUhsERoDwcPzNUZkY=
14,17,Fp688Ii6qZSSOltD8FKPAv3KD1U=,z8Xv6wM/3XsUhsERoDwcPzNUZkY=
0,16,Fp688Ii6qZSSOltD8FKPAv3KD1U=,z8Xv6wM/3XsUhsERoDwcPzNUZkY=
6,17,Fp688Ii6qZSSOltD8FKPAv3KD1U=,z8Xv6wM/3XsUhsERoDwcPzNUZkY=
14,25,Fp688Ii6qZSSOltD8FKPAv3KD1U=,z8Xv6wM/3XsUhsERoDwcPzNUZkY=
0,18,Fp688Ii6qZSSOltD8FKPAv3KD1U=,z8Xv6wM/3XsUhsERoDwcPzNUZkY=
1,19,Fp688Ii6qZSSOltD8FKPAv3KD1U=,z8Xv6wM/3XsUhsERoDwcPzNUZkY=
15,25,Fp688Ii6qZSSOltD8FKPAv3KD1U=,z8Xv6wM/3XsUhsERoDwcPzNUZkY=
8,17,Fp688Ii6qZSSOltD8FKPAv3KD1U=,z8Xv6wM/3XsUhsERoDwcPzNUZkY=
2,19,Fp688Ii6qZSSOltD8FKPAv3KD1U=,z8Xv6wM/3XsUhsERoDwcPzNUZkY=
13,25,Fp688Ii6qZSSOltD8FKPAv3KD1U=,z8Xv6wM/3XsUhsERoDwcPzNUZkY=
5,17,Fp688Ii6qZSSOltD8FKPAv3KD1U=,z8Xv6wM/3XsUhsERoDwcPzNUZkY=
12,25,Fp688Ii6qZSSOltD8FKPAv3KD1U=,z8Xv6wM/3XsUhsERoDwcPzNUZkY=
10,25,Fp688Ii6qZSSOltD8FKPAv3KD1U=,z8Xv6wM/3XsUhsERoDwcPzNUZkY=
11,25,Fp688Ii6qZSSOltD8FKPAv3KD1U=,z8Xv6wM/3XsUhsERoDwcPzNUZkY=
6,26,Fp688Ii6qZSSOltD8FKPAv3KD1U=,z8Xv6wM/3XsUhsERoDwcPzNUZkY=
9,25,Fp688Ii6qZSSOltD8FKPAv3KD1U=,z8Xv6wM/3XsUhsERoDwcPzNUZkY=
10,16,Fp688Ii6qZSSOltD8FKPAv3KD1U=,z8Xv6wM/3XsUhsERoDwcPzNUZkY=
8,25,Fp688Ii6qZSSOltD8FKPAv3KD1U=,z8Xv6wM/3XsUhsERoDwcPzNUZkY=
4,26,Fp688Ii6qZSSOltD8FKPAv3KD1U=,z8Xv6wM/3XsUhsERoDwcPzNUZkY=
2,26,Fp688Ii6qZSSOltD8FKPAv3KD1U=,z8Xv6wM/3XsUhsERoDwcPzNUZkY=
3,26,Fp688Ii6qZSSOltD8FKPAv3KD1U=,z8Xv6wM/3XsUhsERoDwcPzNUZkY=
5,26,Fp688Ii6qZSSOltD8FKPAv3KD1U=,z8Xv6wM/3XsUhsERoDwcPzNUZkY=
1,26,Fp688Ii6qZSSOltD8FKPAv3KD1U=,z8Xv6wM/3XsUhsERoDwcPzNUZkY=
7,25,Fp688Ii6qZSSOltD8FKPAv3KD1U=,z8Xv6wM/3XsUhsERoDwcPzNUZkY=
0,26,Fp688Ii6qZSSOltD8FKPAv3KD1U=,z8Xv6wM/3XsUhsERoDwcPzNUZkY=
13,24,Fp688Ii6qZSSOltD8FKPAv3KD1U=,z8Xv6wM/3XsUhsERoDwcPzNUZkY=
3,19,Fp688Ii6qZSSOltD8FKPAv3KD1U=,z8Xv6wM/3XsUhsERoDwcPzNUZkY=
11,24,Fp688Ii6qZSSOltD8FKPAv3KD1U=,z8Xv6wM/3XsUhsERoDwcPzNUZkY=
14,24,Fp688Ii6qZSSOltD8FKPAv3KD1U=,z8Xv6wM/3XsUhsERoDwcPzNUZkY=
14,16,Fp688Ii6qZSSOltD8FKPAv3KD1U=,z8Xv6wM/3XsUhsERoDwcPzNUZkY=
9,24,Fp688Ii6qZSSOltD8FKPAv3KD1U=,z8Xv6wM/3XsUhsERoDwcPzNUZkY=
10,24,Fp688Ii6qZSSOltD8FKPAv3KD1U=,z8Xv6wM/3XsUhsERoDwcPzNUZkY=
4,17,Fp688Ii6qZSSOltD8FKPAv3KD1U=,z8Xv6wM/3XsUhsERoDwcPzNUZkY=
8,24,Fp688Ii6qZSSOltD8FKPAv3KD1U=,z8Xv6wM/3XsUhsERoDwcPzNUZkY=
15,24,Fp688Ii6qZSSOltD8FKPAv3KD1U=,z8Xv6wM/3XsUhsERoDwcPzNUZkY=
12,24,Fp688Ii6qZSSOltD8FKPAv3KD1U=,z8Xv6wM/3XsUhsERoDwcPzNUZkY=
6,25,Fp688Ii6qZSSOltD8FKPAv3KD1U=,z8Xv6wM/3XsUhsERoDwcPzNUZkY=
9,16,Fp688Ii6qZSSOltD8FKPAv3KD1U=,z8Xv6wM/3XsUhsERoDwcPzNUZkY=
4,25,Fp688Ii6qZSSOltD8FKPAv3KD1U=,z8Xv6wM/3XsUhsERoDwcPzNUZkY=
3,25,Fp688Ii6qZSSOltD8FKPAv3KD1U=,z8Xv6wM/3XsUhsERoDwcPzNUZkY=
5,25,Fp688Ii6qZSSOltD8FKPAv3KD1U=,z8Xv6wM/3XsUhsERoDwcPzNUZkY=
2,25,Fp688Ii6qZSSOltD8FKPAv3KD1U=,z8Xv6wM/3XsUhsERoDwcPzNUZkY=
3,17,Fp688Ii6qZSSOltD8FKPAv3KD1U=,z8Xv6wM/3XsUhsERoDwcPzNUZkY=
0,25,Fp688Ii6qZSSOltD8FKPAv3KD1U=,z8Xv6wM/3XsUhsERoDwcPzNUZkY=
1,25,Fp688Ii6qZSSOltD8FKPAv3KD1U=,z8Xv6wM/3XsUhsERoDwcPzNUZkY=
7,24,Fp688Ii6qZSSOltD8FKPAv3KD1U=,z8Xv6wM/3XsUhsERoDwcPzNUZkY=
13,23,Fp688Ii6qZSSOltD8FKPAv3KD1U=,z8Xv6wM/3XsUhsERoDwcPzNUZkY=
11,23,Fp688Ii6qZSSOltD8FKPAv3KD1U=,z8Xv6wM/3XsUhsERoDwcPzNUZkY=
10,23,Fp688Ii6qZSSOltD8FKPAv3KD1U=,z8Xv6wM/3XsUhsERoDwcPzNUZkY=
14,23,Fp688Ii6qZSSOltD8FKPAv3KD1U=,z8Xv6wM/3XsUhsERoDwcPzNUZkY=
12,23,Fp688Ii6qZSSOltD8FKPAv3KD1U=,z8Xv6wM/3XsUhsERoDwcPzNUZkY=
15,23,Fp688Ii6qZSSOltD8FKPAv3KD1U=,z8Xv6wM/3XsUhsERoDwcPzNUZkY=
9,23,Fp688Ii6qZSSOltD8FKPAv3KD1U=,z8Xv6wM/3XsUhsERoDwcPzNUZkY=
4,19,Fp688Ii6qZSSOltD8FKPAv3KD1U=,z8Xv6wM/3XsUhsERoDwcPzNUZkY=
3,24,Fp688Ii6qZSSOltD8FKPAv3KD1U=,z8Xv6wM/3XsUhsERoDwcPzNUZkY=
6,24,Fp688Ii6qZSSOltD8FKPAv3KD1U=,z8Xv6wM/3XsUhsERoDwcPzNUZkY=
5,24,Fp688Ii6qZSSOltD8FKPAv3KD1U=,z8Xv6wM/3XsUhsERoDwcPzNUZkY=
6,23,Fp688Ii6qZSSOltD8FKPAv3KD1U=,z8Xv6wM/3XsUhsERoDwcPzNUZkY=
7,23,Fp688Ii6qZSSOltD8FKPAv3KD1U=,z8Xv6wM/3XsUhsERoDwcPzNUZkY=
4,24,Fp688Ii6qZSSOltD8FKPAv3KD1U=,z8Xv6wM/3XsUhsERoDwcPzNUZkY=
15,22,Fp688Ii6qZSSOltD8FKPAv3KD1U=,z8Xv6wM/3XsUhsERoDwcPzNUZkY=
8,23,Fp688Ii6qZSSOltD8FKPAv3KD1U=,z8Xv6wM/3XsUhsERoDwcPzNUZkY=
0,24,Fp688Ii6qZSSOltD8FKPAv3KD1U=,z8Xv6wM/3XsUhsERoDwcPzNUZkY=
5,23,Fp688Ii6qZSSOltD8FKPAv3KD1U=,z8Xv6wM/3XsUhsERoDwcPzNUZkY=
12,22,Fp688Ii6qZSSOltD8FKPAv3KD1U=,z8Xv6wM/3XsUhsERoDwcPzNUZkY=
13,22,Fp688Ii6qZSSOltD8FKPAv3KD1U=,z8Xv6wM/3XsUhsERoDwcPzNUZkY=
8,16,Fp688Ii6qZSSOltD8FKPAv3KD1U=,z8Xv6wM/3XsUhsERoDwcPzNUZkY=
14,22,Fp688Ii6qZSSOltD8FKPAv3KD1U=,z8Xv6wM/3XsUhsERoDwcPzNUZkY=
11,22,Fp688Ii6qZSSOltD8FKPAv3KD1U=,z8Xv6wM/3XsUhsERoDwcPzNUZkY=
9,22,Fp688Ii6qZSSOltD8FKPAv3KD1U=,z8Xv6wM/3XsUhsERoDwcPzNUZkY=
10,22,Fp688Ii6qZSSOltD8FKPAv3KD1U=,z8Xv6wM/3XsUhsERoDwcPzNUZkY=
1,24,Fp688Ii6qZSSOltD8FKPAv3KD1U=,z8Xv6wM/3XsUhsERoDwcPzNUZkY=
2,24,Fp688Ii6qZSSOltD8FKPAv3KD1U=,z8Xv6wM/3XsUhsERoDwcPzNUZkY=
8,22,Fp688Ii6qZSSOltD8FKPAv3KD1U=,z8Xv6wM/3XsUhsERoDwcPzNUZkY=
6,22,Fp688Ii6qZSSOltD8FKPAv3KD1U=,z8Xv6wM/3XsUhsERoDwcPzNUZkY=
2,17,Fp688Ii6qZSSOltD8FKPAv3KD1U=,z8Xv6wM/3XsUhsERoDwcPzNUZkY=
7,22,Fp688Ii6qZSSOltD8FKPAv3KD1U=,z8Xv6wM/3XsUhsERoDwcPzNUZkY=
2,22,Fp688Ii6qZSSOltD8FKPAv3KD1U=,z8Xv6wM/3XsUhsERoDwcPzNUZkY=
5,19,Fp688Ii6qZSSOltD8FKPAv3KD1U=,z8Xv6wM/3XsUhsERoDwcPzNUZkY=
3,22,Fp688Ii6qZSSOltD8FKPAv3KD1U=,z8Xv6wM/3XsUhsERoDwcPzNUZkY=
4,23,Fp688Ii6qZSSOltD8FKPAv3KD1U=,z8Xv6wM/3XsUhsERoDwcPzNUZkY=
15,21,Fp688Ii6qZSSOltD8FKPAv3KD1U=,z8Xv6wM/3XsUhsERoDwcPzNUZkY=
0,23,Fp688Ii6qZSSOltD8FKPAv3KD1U=,z8Xv6wM/3XsUhsERoDwcPzNUZkY=
14,21,Fp688Ii6qZSSOltD8FKPAv3KD1U=,z8Xv6wM/3XsUhsERoDwcPzNUZkY=
5,22,Fp688Ii6qZSSOltD8FKPAv3KD1U=,z8Xv6wM/3XsUhsERoDwcPzNUZkY=
2,23,Fp688Ii6qZSSOltD8FKPAv3KD1U=,z8Xv6wM/3XsUhsERoDwcPzNUZkY=
3,23,Fp688Ii6qZSSOltD8FKPAv3KD1U=,z8Xv6wM/3XsUhsERoDwcPzNUZkY=
13,21,Fp688Ii6qZSSOltD8FKPAv3KD1U=,z8Xv6wM/3XsUhsERoDwcPzNUZkY=
10,21,Fp688Ii6qZSSOltD8FKPAv3KD1U=,z8Xv6wM/3XsUhsERoDwcPzNUZkY=
11,21,Fp688Ii6qZSSOltD8FKPAv3KD1U=,z8Xv6wM/3XsUhsERoDwcPzNUZkY=
12,21,Fp688Ii6qZSSOltD8FKPAv3KD1U=,z8Xv6wM/3XsUhsERoDwcPzNUZkY=
9,21,Fp688Ii6qZSSOltD8FKPAv3KD1U=,z8Xv6wM/3XsUhsERoDwcPzNUZkY=
7,16,Fp688Ii6qZSSOltD8FKPAv3KD1U=,z8Xv6wM/3XsUhsERoDwcPzNUZkY=
1,22,Fp688Ii6qZSSOltD8FKPAv3KD1U=,z8Xv6wM/3XsUhsERoDwcPzNUZkY=
8,21,Fp688Ii6qZSSOltD8FKPAv3KD1U=,z8Xv6wM/3XsUhsERoDwcPzNUZkY=
3,21,Fp688Ii6qZSSOltD8FKPAv3KD1U=,z8Xv6wM/3XsUhsERoDwcPzNUZkY=
6,16,Fp688Ii6qZSSOltD8FKPAv3KD1U=,z8Xv6wM/3XsUhsERoDwcPzNUZkY=
1,23,Fp688Ii6qZSSOltD8FKPAv3KD1U=,z8Xv6wM/3XsUhsERoDwcPzNUZkY=
6,19,Fp688Ii6qZSSOltD8FKPAv3KD1U=,z8Xv6wM/3XsUhsERoDwcPzNUZkY=
6,21,Fp688Ii6qZSSOltD8FKPAv3KD1U=,z8Xv6wM/3XsUhsERoDwcPzNUZkY=
7,21,Fp688Ii6qZSSOltD8FKPAv3KD1U=,z8Xv6wM/3XsUhsERoDwcPzNUZkY=
14,20,Fp688Ii6qZSSOltD8FKPAv3KD1U=,z8Xv6wM/3XsUhsERoDwcPzNUZkY=
13,20,Fp688Ii6qZSSOltD8FKPAv3KD1U=,z8Xv6wM/3XsUhsERoDwcPzNUZkY=
5,21,Fp688Ii6qZSSOltD8FKPAv3KD1U=,z8Xv6wM/3XsUhsERoDwcPzNUZkY=
0,22,Fp688Ii6qZSSOltD8FKPAv3KD1U=,z8Xv6wM/3XsUhsERoDwcPzNUZkY=
15,20,Fp688Ii6qZSSOltD8FKPAv3KD1U=,z8Xv6wM/3XsUhsERoDwcPzNUZkY=
12,20,Fp688Ii6qZSSOltD8FKPAv3KD1U=,z8Xv6wM/3XsUhsERoDwcPzNUZkY=
11,20,Fp688Ii6qZSSOltD8FKPAv3KD1U=,z8Xv6wM/3XsUhsERoDwcPzNUZkY=
10,20,Fp688Ii6qZSSOltD8FKPAv3KD1U=,z8Xv6wM/3XsUhsERoDwcPzNUZkY=
4,22,Fp688Ii6qZSSOltD8FKPAv3KD1U=,z8Xv6wM/3XsUhsERoDwcPzNUZkY=
7,19,Fp688Ii6qZSSOltD8FKPAv3KD1U=,z8Xv6wM/3XsUhsERoDwcPzNUZkY=
8,20,Fp688Ii6qZSSOltD8FKPAv3KD1U=,z8Xv6wM/3XsUhsERoDwcPzNUZkY=
6,20,Fp688Ii6qZSSOltD8FKPAv3KD1U=,z8Xv6wM/3XsUhsERoDwcPzNUZkY=
7,20,Fp688Ii6qZSSOltD8FKPAv3KD1U=,z8Xv6wM/3XsUhsERoDwcPzNUZkY=
4,21,Fp688Ii6qZSSOltD8FKPAv3KD1U=,z8Xv6wM/3XsUhsERoDwcPzNUZkY=
9,20,Fp688Ii6qZSSOltD8FKPAv3KD1U=,z8Xv6wM/3XsUhsERoDwcPzNUZkY=
8,19,Fp688Ii6qZSSOltD8FKPAv3KD1U=,z8Xv6wM/3XsUhsERoDwcPzNUZkY=
1,17,Fp688Ii6qZSSOltD8FKPAv3KD1U=,z8Xv6wM/3XsUhsERoDwcPzNUZkY=
3,20,Fp688Ii6qZSSOltD8FKPAv3KD1U=,z8Xv6wM/3XsUhsERoDwcPzNUZkY=
4,20,Fp688Ii6qZSSOltD8FKPAv3KD1U=,z8Xv6wM/3XsUhsERoDwcPzNUZkY=
9,19,Fp688Ii6qZSSOltD8FKPAv3KD1U=,z8Xv6wM/3XsUhsERoDwcPzNUZkY=
2,20,Fp688Ii6qZSSOltD8FKPAv3KD1U=,z8Xv6wM/3XsUhsERoDwcPzNUZkY=
14,19,Fp688Ii6qZSSOltD8FKPAv3KD1U=,z8Xv6wM/3XsUhsERoDwcPzNUZkY=
10,19,Fp688Ii6qZSSOltD8FKPAv3KD1U=,z8Xv6wM/3XsUhsERoDwcPzNUZkY=
15,19,Fp688Ii6qZSSOltD8FKPAv3KD1U=,z8Xv6wM/3XsUhsERoDwcPzNUZkY=
13,19,Fp688Ii6qZSSOltD8FKPAv3KD1U=,z8Xv6wM/3XsUhsERoDwcPzNUZkY=
0,21,Fp688Ii6qZSSOltD8FKPAv3KD1U=,z8Xv6wM/3XsUhsERoDwcPzNUZkY=
15,16,Fp688Ii6qZSSOltD8FKPAv3KD1U=,z8Xv6wM/3XsUhsERoDwcPzNUZkY=
5,16,Fp688Ii6qZSSOltD8FKPAv3KD1U=,z8Xv6wM/3XsUhsERoDwcPzNUZkY=
1,21,Fp688Ii6qZSSOltD8FKPAv3KD1U=,z8Xv6wM/3XsUhsERoDwcPzNUZkY=
2,21,Fp688Ii6qZSSOltD8FKPAv3KD1U=,z8Xv6wM/3XsUhsERoDwcPzNUZkY=
11,19,Fp688Ii6qZSSOltD8FKPAv3KD1U=,z8Xv6wM/3XsUhsERoDwcPzNUZkY=
12,19,Fp688Ii6qZSSOltD8FKPAv3KD1U=,z8Xv6wM/3XsUhsERoDwcPzNUZkY=
0,20,Fp688Ii6qZSSOltD8FKPAv3KD1U=,z8Xv6wM/3XsUhsERoDwcPzNUZkY=
4,16,Fp688Ii6qZSSOltD8FKPAv3KD1U=,z8Xv6wM/3XsUhsERoDwcPzNUZkY=
0,17,Fp688Ii6qZSSOltD8FKPAv3KD1U=,z8Xv6wM/3XsUhsERoDwcPzNUZkY=
5,20,Fp688Ii6qZSSOltD8FKPAv3KD1U=,z8Xv6wM/3XsUhsERoDwcPzNUZkY=
1,20,Fp688Ii6qZSSOltD8FKPAv3KD1U=,z8Xv6wM/3XsUhsERoDwcPzNUZkY=
3,16,Fp688Ii6qZSSOltD8FKPAv3KD1U=,z8Xv6wM/3XsUhsERoDwcPzNUZkY=
19,16,QznSSWm3FaSuhvs5KI88BnXiKp0=,SHM02wJvU5bNXpuEeR6xnpEIgWI=
29,18,QznSSWm3FaSuhvs5KI88BnXiKp0=,SHM02wJvU5bNXpuEeR6xnpEIgWI=
22,31,QznSSWm3FaSuhvs5KI88BnXiKp0=,SHM02wJvU5bNXpuEeR6xnpEIgWI=
21,31,QznSSWm3FaSuhvs5KI88BnXiKp0=,SHM02wJvU5bNXpuEeR6xnpEIgWI=
31,31,QznSSWm3FaSuhvs5KI88BnXiKp0=,SHM02wJvU5bNXpuEeR6xnpEIgWI=
20,31,QznSSWm3FaSuhvs5KI88BnXiKp0=,SHM02wJvU5bNXpuEeR6xnpEIgWI=
30,18,QznSSWm3FaSuhvs5KI88BnXiKp0=,SHM02wJvU5bNXpuEeR6xnpEIgWI=
19,31,QznSSWm3FaSuhvs5KI88BnXiKp0=,SHM02wJvU5bNXpuEeR6xnpEIgWI=
24,31,QznSSWm3FaSuhvs5KI88BnXiKp0=,SHM02wJvU5bNXpuEeR6xnpEIgWI=
27,31,QznSSWm3FaSuhvs5KI88BnXiKp0=,SHM02wJvU5bNXpuEeR6xnpEIgWI=
18,31,QznSSWm3FaSuhvs5KI88BnXiKp0=,SHM02wJvU5bNXpuEeR6xnpEIgWI=
31,18,QznSSWm3FaSuhvs5KI88BnXiKp0=,SHM02wJvU5bNXpuEeR6xnpEIgWI=
29,17,QznSSWm3FaSuhvs5KI88BnXiKp0=,SHM02wJvU5bNXpuEeR6xnpEIgWI=
27,17,QznSSWm3FaSuhvs5KI88BnXiKp0=,SHM02wJvU5bNXpuEeR6xnpEIgWI=
25,31,QznSSWm3FaSuhvs5KI88BnXiKp0=,SHM02wJvU5bNXpuEeR6xnpEIgWI=
17,17,QznSSWm3FaSuhvs5KI88BnXiKp0=,SHM02wJvU5bNXpuEeR6xnpEIgWI=
31,17,QznSSWm3FaSuhvs5KI88BnXiKp0=,SHM02wJvU5bNXpuEeR6xnpEIgWI=
30,17,QznSSWm3FaSuhvs5KI88BnXiKp0=,SHM02wJvU5bNXpuEeR6xnpEIgWI=
23,31,QznSSWm3FaSuhvs5KI88BnXiKp0=,SHM02wJvU5bNXpuEeR6xnpEIgWI=
17,31,QznSSWm3FaSuhvs5KI88BnXiKp0=,SHM02wJvU5bNXpuEeR6xnpEIgWI=
16,19,QznSSWm3FaSuhvs5KI88BnXiKp0=,SHM02wJvU5bNXpuEeR6xnpEIgWI=
24,17,QznSSWm3FaSuhvs5KI88BnXiKp0=,SHM02wJvU5bNXpuEeR6xnpEIgWI=
28,17,QznSSWm3FaSuhvs5KI88BnXiKp0=,SHM02wJvU5bNXpuEeR6xnpEIgWI=
23,17,QznSSWm3FaSuhvs5KI88BnXiKp0=,SHM02wJvU5bNXpuEeR6xnpEIgWI=
26,17,QznSSWm3FaSuhvs5KI88BnXiKp0=,SHM02wJvU5bNXpuEeR6xnpEIgWI=
26,31,QznSSWm3FaSuhvs5KI88BnXiKp0=,SHM02wJvU5bNXpuEeR6xnpEIgWI=
25,17,QznSSWm3FaSuhvs5KI88BnXiKp0=,SHM02wJvU5bNXpuEeR6xnpEIgWI=
20,17,QznSSWm3FaSuhvs5KI88BnXiKp0=,SHM02wJvU5bNXpuEeR6xnpEIgWI=
21,17,QznSSWm3FaSuhvs5KI88BnXiKp0=,SHM02wJvU5bNXpuEeR6xnpEIgWI=
17,19,QznSSWm3FaSuhvs5KI88BnXiKp0=,SHM02wJvU5bNXpuEeR6xnpEIgWI=
18,16,QznSSWm3FaSuhvs5KI88BnXiKp0=,SHM02wJvU5bNXpuEeR6xnpEIgWI=
18,17,QznSSWm3FaSuhvs5KI88BnXiKp0=,SHM02wJvU5bNXpuEeR6xnpEIgWI=
28,18,QznSSWm3FaSuhvs5KI88BnXiKp0=,SHM02wJvU5bNXpuEeR6xnpEIgWI=
19,17,QznSSWm3FaSuhvs5KI88BnXiKp0=,SHM02wJvU5bNXpuEeR6xnpEIgWI=
22,17,QznSSWm3FaSuhvs5KI88BnXiKp0=,SHM02wJvU5bNXpuEeR6xnpEIgWI=
16,31,QznSSWm3FaSuhvs5KI88BnXiKp0=,SHM02wJvU5bNXpuEeR6xnpEIgWI=
28,31,QznSSWm3FaSuhvs5KI88BnXiKp0=,SHM02wJvU5bNXpuEeR6xnpEIgWI=
31,30,QznSSWm3FaSuhvs5KI88BnXiKp0=,SHM02wJvU5bNXpuEeR6xnpEIgWI=
18,19,QznSSWm3FaSuhvs5KI88BnXiKp0=,SHM02wJvU5bNXpuEeR6xnpEIgWI=
30,31,QznSSWm3FaSuhvs5KI88BnXiKp0=,SHM02wJvU5bNXpuEeR6xnpEIgWI=
24,30,QznSSWm3FaSuhvs5KI88BnXiKp0=,SHM02wJvU5bNXpuEeR6xnpEIgWI=
22,30,QznSSWm3FaSuhvs5KI88BnXiKp0=,SHM02wJvU5bNXpuEeR6xnpEIgWI=
19,19,QznSSWm3FaSuhvs5KI88BnXiKp0=,SHM02wJvU5bNXpuEeR6xnpEIgWI=
23,30,QznSSWm3FaSuhvs5KI88BnXiKp0=,SHM02wJvU5bNXpuEeR6xnpEIgWI=
20,30,QznSSWm3FaSuhvs5KI88BnXiKp0=,SHM02wJvU5bNXpuEeR6xnpEIgWI=
21,30,QznSSWm3FaSuhvs5KI88BnXiKp0=,SHM02wJvU5bNXpuEeR6xnpEIgWI=
16,30,QznSSWm3FaSuhvs5KI88BnXiKp0=,SHM02wJvU5bNXpuEeR6xnpEIgWI=
29,31,QznSSWm3FaSuhvs5KI88BnXiKp0=,SHM02wJvU5bNXpuEeR6xnpEIgWI=
20,19,QznSSWm3FaSuhvs5KI88BnXiKp0=,SHM02wJvU5bNXpuEeR6xnpEIgWI=
27,30,QznSSWm3FaSuhvs5KI88BnXiKp0=,SHM02wJvU5bNXpuEeR6xnpEIgWI=
18,30,QznSSWm3FaSuhvs5KI88BnXiKp0=,SHM02wJvU5bNXpuEeR6xnpEIgWI=
31,29,QznSSWm3FaSuhvs5KI88BnXiKp0=,SHM02wJvU5bNXpuEeR6xnpEIgWI=
30,29,QznSSWm3FaSuhvs5KI88BnXiKp0=,SHM02wJvU5bNXpuEeR6xnpEIgWI=
19,30,QznSSWm3FaSuhvs5KI88BnXiKp0=,SHM02wJvU5bNXpuEeR6xnpEIgWI=
16,18,QznSSWm3FaSuhvs5KI88BnXiKp0=,SHM02wJvU5bNXpuEeR6xnpEIgWI=
16,17,QznSSWm3FaSuhvs5KI88BnXiKp0=,SHM02wJvU5bNXpuEeR6xnpEIgWI=
17,30,QznSSWm3FaSuhvs5KI88BnXiKp0=,SHM02wJvU5bNXpuEeR6xnpEIgWI=
28,30,QznSSWm3FaSuhvs5KI88BnXiKp0=,SHM02wJvU5bNXpuEeR6xnpEIgWI=
30,30,QznSSWm3FaSuhvs5KI88BnXiKp0=,SHM02wJvU5bNXpuEeR6xnpEIgWI=
27,18,QznSSWm3FaSuhvs5KI88BnXiKp0=,SHM02wJvU5bNXpuEeR6xnpEIgWI=
31,16,QznSSWm3FaSuhvs5KI88BnXiKp0=,SHM02wJvU5bNXpuEeR6xnpEIgWI=
20,16,QznSSWm3FaSuhvs5KI88BnXiKp0=,SHM02wJvU5bNXpuEeR6xnpEIgWI=
25,30,QznSSWm3FaSuhvs5KI88BnXiKp0=,SHM02wJvU5bNXpuEeR6xnpEIgWI=
29,29,QznSSWm3FaSuhvs5KI88BnXiKp0=,SHM02wJvU5bNXpuEeR6xnpEIgWI=
29,30,QznSSWm3FaSuhvs5KI88BnXiKp0=,SHM02wJvU5bNXpuEeR6xnpEIgWI=
21,29,QznSSWm3FaSuhvs5KI88BnXiKp0=,SHM02wJvU5bNXpuEeR6xnpEIgWI=
21,19,QznSSWm3FaSuhvs5KI88BnXiKp0=,SHM02wJvU5bNXpuEeR6xnpEIgWI=
22,29,QznSSWm3FaSuhvs5KI88BnXiKp0=,SHM02wJvU5bNXpuEeR6xnpEIgWI=
20,29,QznSSWm3FaSuhvs5KI88BnXiKp0=,SHM02wJvU5bNXpuEeR6xnpEIgWI=
16,29,QznSSWm3FaSuhvs5KI88BnXiKp0=,SHM02wJvU5bNXpuEeR6xnpEIgWI=
18,29,QznSSWm3FaSuhvs5KI88BnXiKp0=,SHM02wJvU5bNXpuEeR6xnpEIgWI=
22,19,QznSSWm3FaSuhvs5KI88BnXiKp0=,SHM02wJvU5bNXpuEeR6xnpEIgWI=
28,29,QznSSWm3FaSuhvs5KI88BnXiKp0=,SHM02wJvU5bNXpuEeR6xnpEIgWI=
17,29,QznSSWm3FaSuhvs5KI88BnXiKp0=,SHM02wJvU5bNXpuEeR6xnpEIgWI=
29,28,QznSSWm3FaSuhvs5KI88BnXiKp0=,SHM02wJvU5bNXpuEeR6xnpEIgWI=
24,29,QznSSWm3FaSuhvs5KI88BnXiKp0=,SHM02wJvU5bNXpuEeR6xnpEIgWI=
19,29,QznSSWm3FaSuhvs5KI88BnXiKp0=,SHM02wJvU5bNXpuEeR6xnpEIgWI=
28,28,QznSSWm3FaSuhvs5KI88BnXiKp0=,SHM02wJvU5bNXpuEeR6xnpEIgWI=
30,16,QznSSWm3FaSuhvs5KI88BnXiKp0=,SHM02wJvU5bNXpuEeR6xnpEIgWI=
17,16,QznSSWm3FaSuhvs5KI88BnXiKp0=,SHM02wJvU5bNXpuEeR6xnpEIgWI=
26,18,QznSSWm3FaSuhvs5KI88BnXiKp0=,SHM02wJvU5bNXpuEeR6xnpEIgWI=
23,19,QznSSWm3FaSuhvs5KI88BnXiKp0=,SHM02wJvU5bNXpuEeR6xnpEIgWI=
27,28,QznSSWm3FaSuhvs5KI88BnXiKp0=,SHM02wJvU5bNXpuEeR6xnpEIgWI=
23,28,QznSSWm3FaSuhvs5KI88BnXiKp0=,SHM02wJvU5bNXpuEeR6xnpEIgWI=
26,29,QznSSWm3FaSuhvs5KI88BnXiKp0=,SHM02wJvU5bNXpuEeR6xnpEIgWI=
31,28,QznSSWm3FaSuhvs5KI88BnXiKp0=,SHM02wJvU5bNXpuEeR6xnpEIgWI=
20,28,QznSSWm3FaSuhvs5KI88BnXiKp0=,SHM02wJvU5bNXpuEeR6xnpEIgWI=
19,28,QznSSWm3FaSuhvs5KI88BnXiKp0=,SHM02wJvU5bNXpuEeR6xnpEIgWI=
27,29,QznSSWm3FaSuhvs5KI88BnXiKp0=,SHM02wJvU5bNXpuEeR6xnpEIgWI=
21,28,QznSSWm3FaSuhvs5KI88BnXiKp0=,SHM02wJvU5bNXpuEeR6xnpEIgWI=
18,28,QznSSWm3FaSuhvs5KI88BnXiKp0=,SHM02wJvU5bNXpuEeR6xnpEIgWI=
22,28,QznSSWm3FaSuhvs5KI88BnXiKp0=,SHM02wJvU5bNXpuEeR6xnpEIgWI=
30,28,QznSSWm3FaSuhvs5KI88BnXiKp0=,SHM02wJvU5bNXpuEeR6xnpEIgWI=
30,27,QznSSWm3FaSuhvs5KI88BnXiKp0=,SHM02wJvU5bNXpuEeR6xnpEIgWI=
16,28,QznSSWm3FaSuhvs5KI88BnXiKp0=,SHM02wJvU5bNXpuEeR6xnpEIgWI=
17,28,QznSSWm3FaSuhvs5KI88BnXiKp0=,SHM02wJvU5bNXpuEeR6xnpEIgWI=
24,28,QznSSWm3FaSuhvs5KI88BnXiKp0=,SHM02wJvU5bNXpuEeR6xnpEIgWI=
24,19,QznSSWm3FaSuhvs5KI88BnXiKp0=,SHM02wJvU5bNXpuEeR6xnpEIgWI=
28,27,QznSSWm3FaSuhvs5KI88BnXiKp0=,SHM02wJvU5bNXpuEeR6xnpEIgWI=
31,27,QznSSWm3FaSuhvs5KI88BnXiKp0=,SHM02wJvU5bNXpuEeR6xnpEIgWI=
26,28,QznSSWm3FaSuhvs5KI88BnXiKp0=,SHM02wJvU5bNXpuEeR6xnpEIgWI=
25,27,QznSSWm3FaSuhvs5KI88BnXiKp0=,SHM02wJvU5bNXpuEeR6xnpEIgWI=
29,16,QznSSWm3FaSuhvs5KI88BnXiKp0=,SHM02wJvU5bNXpuEeR6xnpEIgWI=
29,27,QznSSWm3FaSuhvs5KI88BnXiKp0=,SHM02wJvU5bNXpuEeR6xnpEIgWI=
24,27,QznSSWm3FaSuhvs5KI88BnXiKp0=,SHM02wJvU5bNXpuEeR6xnpEIgWI=
27,27,QznSSWm3FaSuhvs5KI88BnXiKp0=,SHM02wJvU5bNXpuEeR6xnpEIgWI=
21,27,QznSSWm3FaSuhvs5KI88BnXiKp0=,SHM02wJvU5bNXpuEeR6xnpEIgWI=
26,27,QznSSWm3FaSuhvs5KI88BnXiKp0=,SHM02wJvU5bNXpuEeR6xnpEIgWI=
20,27,QznSSWm3FaSuhvs5KI88BnXiKp0=,SHM02wJvU5bNXpuEeR6xnpEIgWI=
17,27,QznSSWm3FaSuhvs5KI88BnXiKp0=,SHM02wJvU5bNXpuEeR6xnpEIgWI=
25,28,QznSSWm3FaSuhvs5KI88BnXiKp0=,SHM02wJvU5bNXpuEeR6xnpEIgWI=
16,27,QznSSWm3FaSuhvs5KI88BnXiKp0=,SHM02wJvU5bNXpuEeR6xnpEIgWI=
18,27,QznSSWm3FaSuhvs5KI88BnXiKp0=,SHM02wJvU5bNXpuEeR6xnpEIgWI=
25,18,QznSSWm3FaSuhvs5KI88BnXiKp0=,SHM02wJvU5bNXpuEeR6xnpEIgWI=
30,26,QznSSWm3FaSuhvs5KI88BnXiKp0=,SHM02wJvU5bNXpuEeR6xnpEIgWI=
23,27,QznSSWm3FaSuhvs5KI88BnXiKp0=,SHM02wJvU5bNXpuEeR6xnpEIgWI=
25,29,QznSSWm3FaSuhvs5KI88BnXiKp0=,SHM02wJvU5bNXpuEeR6xnpEIgWI=
22,27,QznSSWm3FaSuhvs5KI88BnXiKp0=,SHM02wJvU5bNXpuEeR6xnpEIgWI=
19,27,QznSSWm3FaSuhvs5KI88BnXiKp0=,SHM02wJvU5bNXpuEeR6xnpEIgWI=
27,26,QznSSWm3FaSuhvs5KI88BnXiKp0=,SHM02wJvU5bNXpuEeR6xnpEIgWI=
28,26,QznSSWm3FaSuhvs5KI88BnXiKp0=,SHM02wJvU5bNXpuEeR6xnpEIgWI=
24,18,QznSSWm3FaSuhvs5KI88BnXiKp0=,SHM02wJvU5bNXpuEeR6xnpEIgWI=
28,16,QznSSWm3FaSuhvs5KI88BnXiKp0=,SHM02wJvU5bNXpuEeR6xnpEIgWI=
29,26,QznSSWm3FaSuhvs5KI88BnXiKp0=,SHM02wJvU5bNXpuEeR6xnpEIgWI=
31,26,QznSSWm3FaSuhvs5KI88BnXiKp0=,SHM02wJvU5bNXpuEeR6xnpEIgWI=
25,19,QznSSWm3FaSuhvs5KI88BnXiKp0=,SHM02wJvU5bNXpuEeR6xnpEIgWI=
21,26,QznSSWm3FaSuhvs5KI88BnXiKp0=,SHM02wJvU5bNXpuEeR6xnpEIgWI=
23,26,QznSSWm3FaSuhvs5KI88BnXiKp0=,SHM02wJvU5bNXpuEeR6xnpEIgWI=
24,26,QznSSWm3FaSuhvs5KI88BnXiKp0=,SHM02wJvU5bNXpuEeR6xnpEIgWI=
25,26,QznSSWm3FaSuhvs5KI88BnXiKp0=,SHM02wJvU5bNXpuEeR6xnpEIgWI=
20,26,QznSSWm3FaSuhvs5KI88BnXiKp0=,SHM02wJvU5bNXpuEeR6xnpEIgWI=
17,26,QznSSWm3FaSuhvs5KI88BnXiKp0=,SHM02wJvU5bNXpuEeR6xnpEIgWI=
22,26,QznSSWm3FaSuhvs5KI88BnXiKp0=,SHM02wJvU5bNXpuEeR6xnpEIgWI=
23,29,QznSSWm3FaSuhvs5KI88BnXiKp0=,SHM02wJvU5bNXpuEeR6xnpEIgWI=
31,25,QznSSWm3FaSuhvs5KI88BnXiKp0=,SHM02wJvU5bNXpuEeR6xnpEIgWI=
28,25,QznSSWm3FaSuhvs5KI88BnXiKp0=,SHM02wJvU5bNXpuEeR6xnpEIgWI=
19,26,QznSSWm3FaSuhvs5KI88BnXiKp0=,SHM02wJvU5bNXpuEeR6xnpEIgWI=
27,25,QznSSWm3FaSuhvs5KI88BnXiKp0=,SHM02wJvU5bNXpuEeR6xnpEIgWI=
29,25,QznSSWm3FaSuhvs5KI88BnXiKp0=,SHM02wJvU5bNXpuEeR6xnpEIgWI=
23,18,QznSSWm3FaSuhvs5KI88BnXiKp0=,SHM02wJvU5bNXpuEeR6xnpEIgWI=
30,25,QznSSWm3FaSuhvs5KI88BnXiKp0=,SHM02wJvU5bNXpuEeR6xnpEIgWI=
16,26,QznSSWm3FaSuhvs5KI88BnXiKp0=,SHM02wJvU5bNXpuEeR6xnpEIgWI=
26,25,QznSSWm3FaSuhvs5KI88BnXiKp0=,SHM02wJvU5bNXpuEeR6xnpEIgWI=
18,26,QznSSWm3FaSuhvs5KI88BnXiKp0=,SHM02wJvU5bNXpuEeR6xnpEIgWI=
21,25,QznSSWm3FaSuhvs5KI88BnXiKp0=,SHM02wJvU5bNXpuEeR6xnpEIgWI=
23,25,QznSSWm3FaSuhvs5KI88BnXiKp0=,SHM02wJvU5bNXpuEeR6xnpEIgWI=
26,26,QznSSWm3FaSuhvs5KI88BnXiKp0=,SHM02wJvU5bNXpuEeR6xnpEIgWI=
25,25,QznSSWm3FaSuhvs5KI88BnXiKp0=,SHM02wJvU5bNXpuEeR6xnpEIgWI=
27,16,QznSSWm3FaSuhvs5KI88BnXiKp0=,SHM02wJvU5bNXpuEeR6xnpEIgWI=
18,25,QznSSWm3FaSuhvs5KI88BnXiKp0=,SHM02wJvU5bNXpuEeR6xnpEIgWI=
22,25,QznSSWm3FaSuhvs5KI88BnXiKp0=,SHM02wJvU5bNXpuEeR6xnpEIgWI=
19,25,QznSSWm3FaSuhvs5KI88BnXiKp0=,SHM02wJvU5bNXpuEeR6xnpEIgWI=
16,25,QznSSWm3FaSuhvs5KI88BnXiKp0=,SHM02wJvU5bNXpuEeR6xnpEIgWI=
20,25,QznSSWm3FaSuhvs5KI88BnXiKp0=,SHM02wJvU5bNXpuEeR6xnpEIgWI=
23,24,QznSSWm3FaSuhvs5KI88BnXiKp0=,SHM02wJvU5bNXpuEeR6xnpEIgWI=
31,24,QznSSWm3FaSuhvs5KI88BnXiKp0=,SHM02wJvU5bNXpuEeR6xnpEIgWI=
17,25,QznSSWm3FaSuhvs5KI88BnXiKp0=,SHM02wJvU5bNXpuEeR6xnpEIgWI=
26,16,QznSSWm3FaSuhvs5KI88BnXiKp0=,SHM02wJvU5bNXpuEeR6xnpEIgWI=
27,24,QznSSWm3FaSuhvs5KI88BnXiKp0=,SHM02wJvU5bNXpuEeR6xnpEIgWI=
22,18,QznSSWm3FaSuhvs5KI88BnXiKp0=,SHM02wJvU5bNXpuEeR6xnpEIgWI=
21,24,QznSSWm3FaSuhvs5KI88BnXiKp0=,SHM02wJvU5bNXpuEeR6xnpEIgWI=
28,24,QznSSWm3FaSuhvs5KI88BnXiKp0=,SHM02wJvU5bNXpuEeR6xnpEIgWI=
26,19,QznSSWm3FaSuhvs5KI88BnXiKp0=,SHM02wJvU5bNXpuEeR6xnpEIgWI=
26,24,QznSSWm3FaSuhvs5KI88BnXiKp0=,SHM02wJvU5bNXpuEeR6xnpEIgWI=
20,24,QznSSWm3FaSuhvs5KI88BnXiKp0=,SHM02wJvU5bNXpuEeR6xnpEIgWI=
26,30,QznSSWm3FaSuhvs5KI88BnXiKp0=,SHM02wJvU5bNXpuEeR6xnpEIgWI=
27,19,QznSSWm3FaSuhvs5KI88BnXiKp0=,SHM02wJvU5bNXpuEeR6xnpEIgWI=
19,24,QznSSWm3FaSuhvs5KI88BnXiKp0=,SHM02wJvU5bNXpuEeR6xnpEIgWI=
18,24,QznSSWm3FaSuhvs5KI88BnXiKp0=,SHM02wJvU5bNXpuEeR6xnpEIgWI=
25,24,QznSSWm3FaSuhvs5KI88BnXiKp0=,SHM02wJvU5bNXpuEeR6xnpEIgWI=
24,25,QznSSWm3FaSuhvs5KI88BnXiKp0=,SHM02wJvU5bNXpuEeR6xnpEIgWI=
17,24,QznSSWm3FaSuhvs5KI88BnXiKp0=,SHM02wJvU5bNXpuEeR6xnpEIgWI=
31,23,QznSSWm3FaSuhvs5KI88BnXiKp0=,SHM02wJvU5bNXpuEeR6xnpEIgWI=
16,24,QznSSWm3FaSuhvs5KI88BnXiKp0=,SHM02wJvU5bNXpuEeR6xnpEIgWI=
28,19,QznSSWm3FaSuhvs5KI88BnXiKp0=,SHM02wJvU5bNXpuEeR6xnpEIgWI=
22,24,QznSSWm3FaSuhvs5KI88BnXiKp0=,SHM02wJvU5bNXpuEeR6xnpEIgWI=
27,23,QznSSWm3FaSuhvs5KI88BnXiKp0=,SHM02wJvU5bNXpuEeR6xnpEIgWI=
21,18,QznSSWm3FaSuhvs5KI88BnXiKp0=,SHM02wJvU5bNXpuEeR6xnpEIgWI=
30,23,QznSSWm3FaSuhvs5KI88BnXiKp0=,SHM02wJvU5bNXpuEeR6xnpEIgWI=
25,16,QznSSWm3FaSuhvs5KI88BnXiKp0=,SHM02wJvU5bNXpuEeR6xnpEIgWI=
21,23,QznSSWm3FaSuhvs5KI88BnXiKp0=,SHM02wJvU5bNXpuEeR6xnpEIgWI=
28,23,QznSSWm3FaSuhvs5KI88BnXiKp0=,SHM02wJvU5bNXpuEeR6xnpEIgWI=
29,24,QznSSWm3FaSuhvs5KI88BnXiKp0=,SHM02wJvU5bNXpuEeR6xnpEIgWI=
20,23,QznSSWm3FaSuhvs5KI88BnXiKp0=,SHM02wJvU5bNXpuEeR6xnpEIgWI=
29,19,QznSSWm3FaSuhvs5KI88BnXiKp0=,SHM02wJvU5bNXpuEeR6xnpEIgWI=
19,23,QznSSWm3FaSuhvs5KI88BnXiKp0=,SHM02wJvU5bNXpuEeR6xnpEIgWI=
18,23,QznSSWm3FaSuhvs5KI88BnXiKp0=,SHM02wJvU5bNXpuEeR6xnpEIgWI=
22,23,QznSSWm3FaSuhvs5KI88BnXiKp0=,SHM02wJvU5bNXpuEeR6xnpEIgWI=
23,23,QznSSWm3FaSuhvs5KI88BnXiKp0=,SHM02wJvU5bNXpuEeR6xnpEIgWI=
30,19,QznSSWm3FaSuhvs5KI88BnXiKp0=,SHM02wJvU5bNXpuEeR6xnpEIgWI=
24,23,QznSSWm3FaSuhvs5KI88BnXiKp0=,SHM02wJvU5bNXpuEeR6xnpEIgWI=
17,23,QznSSWm3FaSuhvs5KI88BnXiKp0=,SHM02wJvU5bNXpuEeR6xnpEIgWI=
31,22,QznSSWm3FaSuhvs5KI88BnXiKp0=,SHM02wJvU5bNXpuEeR6xnpEIgWI=
28,22,QznSSWm3FaSuhvs5KI88BnXiKp0=,SHM02wJvU5bNXpuEeR6xnpEIgWI=
30,22,QznSSWm3FaSuhvs5KI88BnXiKp0=,SHM02wJvU5bNXpuEeR6xnpEIgWI=
31,19,QznSSWm3FaSuhvs5KI88BnXiKp0=,SHM02wJvU5bNXpuEeR6xnpEIgWI=
26,23,QznSSWm3FaSuhvs5KI88BnXiKp0=,SHM02wJvU5bNXpuEeR6xnpEIgWI=
29,23,QznSSWm3FaSuhvs5KI88BnXiKp0=,SHM02wJvU5bNXpuEeR6xnpEIgWI=
29,22,QznSSWm3FaSuhvs5KI88BnXiKp0=,SHM02wJvU5bNXpuEeR6xnpEIgWI=
24,22,QznSSWm3FaSuhvs5KI88BnXiKp0=,SHM02wJvU5bNXpuEeR6xnpEIgWI=
16,23,QznSSWm3FaSuhvs5KI88BnXiKp0=,SHM02wJvU5bNXpuEeR6xnpEIgWI=
22,22,QznSSWm3FaSuhvs5KI88BnXiKp0=,SHM02wJvU5bNXpuEeR6xnpEIgWI=
23,22,QznSSWm3FaSuhvs5KI88BnXiKp0=,SHM02wJvU5bNXpuEeR6xnpEIgWI=
21,22,QznSSWm3FaSuhvs5KI88BnXiKp0=,SHM02wJvU5bNXpuEeR6xnpEIgWI=
17,18,QznSSWm3FaSuhvs5KI88BnXiKp0=,SHM02wJvU5bNXpuEeR6xnpEIgWI=
24,16,QznSSWm3FaSuhvs5KI88BnXiKp0=,SHM02wJvU5bNXpuEeR6xnpEIgWI=
18,22,QznSSWm3FaSuhvs5KI88BnXiKp0=,SHM02wJvU5bNXpuEeR6xnpEIgWI=
19,22,QznSSWm3FaSuhvs5KI88BnXiKp0=,SHM02wJvU5bNXpuEeR6xnpEIgWI=
20,18,QznSSWm3FaSuhvs5KI88BnXiKp0=,SHM02wJvU5bNXpuEeR6xnpEIgWI=
20,22,QznSSWm3FaSuhvs5KI88BnXiKp0=,SHM02wJvU5bNXpuEeR6xnpEIgWI=
31,21,QznSSWm3FaSuhvs5KI88BnXiKp0=,SHM02wJvU5bNXpuEeR6xnpEIgWI=
17,22,QznSSWm3FaSuhvs5KI88BnXiKp0=,SHM02wJvU5bNXpuEeR6xnpEIgWI=
27,22,QznSSWm3FaSuhvs5KI88BnXiKp0=,SHM02wJvU5bNXpuEeR6xnpEIgWI=
24,21,QznSSWm3FaSuhvs5KI88BnXiKp0=,SHM02wJvU5bNXpuEeR6xnpEIgWI=
16,20,QznSSWm3FaSuhvs5KI88BnXiKp0=,SHM02wJvU5bNXpuEeR6xnpEIgWI=
29,21,QznSSWm3FaSuhvs5KI88BnXiKp0=,SHM02wJvU5bNXpuEeR6xnpEIgWI=
17,20,QznSSWm3FaSuhvs5KI88BnXiKp0=,SHM02wJvU5bNXpuEeR6xnpEIgWI=
23,21,QznSSWm3FaSuhvs5KI88BnXiKp0=,SHM02wJvU5bNXpuEeR6xnpEIgWI=
22,21,QznSSWm3FaSuhvs5KI88BnXiKp0=,SHM02wJvU5bNXpuEeR6xnpEIgWI=
18,20,QznSSWm3FaSuhvs5KI88BnXiKp0=,SHM02wJvU5bNXpuEeR6xnpEIgWI=
16,22,QznSSWm3FaSuhvs5KI88BnXiKp0=,SHM02wJvU5bNXpuEeR6xnpEIgWI=
21,21,QznSSWm3FaSuhvs5KI88BnXiKp0=,SHM02wJvU5bNXpuEeR6xnpEIgWI=
25,23,QznSSWm3FaSuhvs5KI88BnXiKp0=,SHM02wJvU5bNXpuEeR6xnpEIgWI=
30,21,QznSSWm3FaSuhvs5KI88BnXiKp0=,SHM02wJvU5bNXpuEeR6xnpEIgWI=
19,21,QznSSWm3FaSuhvs5KI88BnXiKp0=,SHM02wJvU5bNXpuEeR6xnpEIgWI=
19,18,QznSSWm3FaSuhvs5KI88BnXiKp0=,SHM02wJvU5bNXpuEeR6xnpEIgWI=
19,20,QznSSWm3FaSuhvs5KI88BnXiKp0=,SHM02wJvU5bNXpuEeR6xnpEIgWI=
17,21,QznSSWm3FaSuhvs5KI88BnXiKp0=,SHM02wJvU5bNXpuEeR6xnpEIgWI=
18,21,QznSSWm3FaSuhvs5KI88BnXiKp0=,SHM02wJvU5bNXpuEeR6xnpEIgWI=
28,21,QznSSWm3FaSuhvs5KI88BnXiKp0=,SHM02wJvU5bNXpuEeR6xnpEIgWI=
16,21,QznSSWm3FaSuhvs5KI88BnXiKp0=,SHM02wJvU5bNXpuEeR6xnpEIgWI=
25,22,QznSSWm3FaSuhvs5KI88BnXiKp0=,SHM02wJvU5bNXpuEeR6xnpEIgWI=
31,20,QznSSWm3FaSuhvs5KI88BnXiKp0=,SHM02wJvU5bNXpuEeR6xnpEIgWI=
26,22,QznSSWm3FaSuhvs5KI88BnXiKp0=,SHM02wJvU5bNXpuEeR6xnpEIgWI=
23,16,QznSSWm3FaSuhvs5KI88BnXiKp0=,SHM02wJvU5bNXpuEeR6xnpEIgWI=
20,21,QznSSWm3FaSuhvs5KI88BnXiKp0=,SHM02wJvU5bNXpuEeR6xnpEIgWI=
16,16,QznSSWm3FaSuhvs5KI88BnXiKp0=,SHM02wJvU5bNXpuEeR6xnpEIgWI=
24,20,QznSSWm3FaSuhvs5KI88BnXiKp0=,SHM02wJvU5bNXpuEeR6xnpEIgWI=
22,16,QznSSWm3FaSuhvs5KI88BnXiKp0=,SHM02wJvU5bNXpuEeR6xnpEIgWI=
30,20,QznSSWm3FaSuhvs5KI88BnXiKp0=,SHM02wJvU5bNXpuEeR6xnpEIgWI=
18,18,QznSSWm3FaSuhvs5KI88BnXiKp0=,SHM02wJvU5bNXpuEeR6xnpEIgWI=
22,20,QznSSWm3FaSuhvs5KI88BnXiKp0=,SHM02wJvU5bNXpuEeR6xnpEIgWI=
23,20,QznSSWm3FaSuhvs5KI88BnXiKp0=,SHM02wJvU5bNXpuEeR6xnpEIgWI=
29,20,QznSSWm3FaSuhvs5KI88BnXiKp0=,SHM02wJvU5bNXpuEeR6xnpEIgWI=
21,16,QznSSWm3FaSuhvs5KI88BnXiKp0=,SHM02wJvU5bNXpuEeR6xnpEIgWI=
27,21,QznSSWm3FaSuhvs5KI88BnXiKp0=,SHM02wJvU5bNXpuEeR6xnpEIgWI=
28,20,QznSSWm3FaSuhvs5KI88BnXiKp0=,SHM02wJvU5bNXpuEeR6xnpEIgWI=
26,21,QznSSWm3FaSuhvs5KI88BnXiKp0=,SHM02wJvU5bNXpuEeR6xnpEIgWI=
21,20,QznSSWm3FaSuhvs5KI88BnXiKp0=,SHM02wJvU5bNXpuEeR6xnpEIgWI=
25,20,QznSSWm3FaSuhvs5KI88BnXiKp0=,SHM02wJvU5bNXpuEeR6xnpEIgWI=
25,21,QznSSWm3FaSuhvs5KI88BnXiKp0=,SHM02wJvU5bNXpuEeR6xnpEIgWI=
27,20,QznSSWm3FaSuhvs5KI88BnXiKp0=,SHM02wJvU5bNXpuEeR6xnpEIgWI=
20,20,QznSSWm3FaSuhvs5KI88BnXiKp0=,SHM02wJvU5bNXpuEeR6xnpEIgWI=
24,24,QznSSWm3FaSuhvs5KI88BnXiKp0=,SHM02wJvU5bNXpuEeR6xnpEIgWI=
26,20,QznSSWm3FaSuhvs5KI88BnXiKp0=,SHM02wJvU5bNXpuEeR6xnpEIgWI=
30,24,QznSSWm3FaSuhvs5KI88BnXiKp0=,SHM02wJvU5bNXpuEeR6xnpEIgWI=
31,15,FtqxuVxD6S0nljH/jsQwm0MViw4=,5hZ2KsxElbM5s7kyHZTyiMFk+h0=
31,1,FtqxuVxD6S0nljH/jsQwm0MViw4=,5hZ2KsxElbM5s7kyHZTyiMFk+h0=
23,2,FtqxuVxD6S0nljH/jsQwm0MViw4=,5hZ2KsxElbM5s7kyHZTyiMFk+h0=
19,0,FtqxuVxD6S0nljH/jsQwm0MViw4=,5hZ2KsxElbM5s7kyHZTyiMFk+h0=
22,2,FtqxuVxD6S0nljH/jsQwm0MViw4=,5hZ2KsxElbM5s7kyHZTyiMFk+h0=
26,2,FtqxuVxD6S0nljH/jsQwm0MViw4=,5hZ2KsxElbM5s7kyHZTyiMFk+h0=
29,2,FtqxuVxD6S0nljH/jsQwm0MViw4=,5hZ2KsxElbM5s7kyHZTyiMFk+h0=
28,2,FtqxuVxD6S0nljH/jsQwm0MViw4=,5hZ2KsxElbM5s7kyHZTyiMFk+h0=
25,2,CxvRNHXyP8aYOyUtsZl/+w/CSxo=,5hZ2KsxElbM5s7kyHZTyiMFk+h0=
24,2,CxvRNHXyP8aYOyUtsZl/+w/CSxo=,5hZ2KsxElbM5s7kyHZTyiMFk+h0=
20,2,CxvRNHXyP8aYOyUtsZl/+w/CSxo=,5hZ2KsxElbM5s7kyHZTyiMFk+h0=
21,2,CxvRNHXyP8aYOyUtsZl/+w/CSxo=,5hZ2KsxElbM5s7kyHZTyiMFk+h0=
28,3,CxvRNHXyP8aYOyUtsZl/+w/CSxo=,5hZ2KsxElbM5s7kyHZTyiMFk+h0=
27,2,CxvRNHXyP8aYOyUtsZl/+w/CSxo=,5hZ2KsxElbM5s7kyHZTyiMFk+h0=
30,15,CxvRNHXyP8aYOyUtsZl/+w/CSxo=,5hZ2KsxElbM5s7kyHZTyiMFk+h0=
29,15,CxvRNHXyP8aYOyUtsZl/+w/CSxo=,5hZ2KsxElbM5s7kyHZTyiMFk+h0=
19,2,CxvRNHXyP8aYOyUtsZl/+w/CSxo=,5hZ2KsxElbM5s7kyHZTyiMFk+h0=
16,2,CxvRNHXyP8aYOyUtsZl/+w/CSxo=,5hZ2KsxElbM5s7kyHZTyiMFk+h0=
26,15,CxvRNHXyP8aYOyUtsZl/+w/CSxo=,5hZ2KsxElbM5s7kyHZTyiMFk+h0=
25,15,CxvRNHXyP8aYOyUtsZl/+w/CSxo=,5hZ2KsxElbM5s7kyHZTyiMFk+h0=
28,15,CxvRNHXyP8aYOyUtsZl/+w/CSxo=,5hZ2KsxElbM5s7kyHZTyiMFk+h0=
27,15,CxvRNHXyP8aYOyUtsZl/+w/CSxo=,5hZ2KsxElbM5s7kyHZTyiMFk+h0=
19,15,CxvRNHXyP8aYOyUtsZl/+w/CSxo=,5hZ2KsxElbM5s7kyHZTyiMFk+h0=
18,15,CxvRNHXyP8aYOyUtsZl/+w/CSxo=,5hZ2KsxElbM5s7kyHZTyiMFk+h0=
27,3,CxvRNHXyP8aYOyUtsZl/+w/CSxo=,5hZ2KsxElbM5s7kyHZTyiMFk+h0=
20,15,CxvRNHXyP8aYOyUtsZl/+w/CSxo=,5hZ2KsxElbM5s7kyHZTyiMFk+h0=
17,2,CxvRNHXyP8aYOyUtsZl/+w/CSxo=,5hZ2KsxElbM5s7kyHZTyiMFk+h0=
30,2,CxvRNHXyP8aYOyUtsZl/+w/CSxo=,5hZ2KsxElbM5s7kyHZTyiMFk+h0=
17,15,CxvRNHXyP8aYOyUtsZl/+w/CSxo=,5hZ2KsxElbM5s7kyHZTyiMFk+h0=
16,15,CxvRNHXyP8aYOyUtsZl/+w/CSxo=,5hZ2KsxElbM5s7kyHZTyiMFk+h0=
24,15,CxvRNHXyP8aYOyUtsZl/+w/CSxo=,5hZ2KsxElbM5s7kyHZTyiMFk+h0=
21,15,CxvRNHXyP8aYOyUtsZl/+w/CSxo=,5hZ2KsxElbM5s7kyHZTyiMFk+h0=
31,14,CxvRNHXyP8aYOyUtsZl/+w/CSxo=,5hZ2KsxElbM5s7kyHZTyiMFk+h0=
23,15,CxvRNHXyP8aYOyUtsZl/+w/CSxo=,5hZ2KsxElbM5s7kyHZTyiMFk+h0=
20,0,CxvRNHXyP8aYOyUtsZl/+w/CSxo=,5hZ2KsxElbM5s7kyHZTyiMFk+h0=
18,2,CxvRNHXyP8aYOyUtsZl/+w/CSxo=,5hZ2KsxElbM5s7kyHZTyiMFk+h0=
26,14,CxvRNHXyP8aYOyUtsZl/+w/CSxo=,5hZ2KsxElbM5s7kyHZTyiMFk+h0=
26,3,CxvRNHXyP8aYOyUtsZl/+w/CSxo=,5hZ2KsxElbM5s7kyHZTyiMFk+h0=
25,14,CxvRNHXyP8aYOyUtsZl/+w/CSxo=,5hZ2KsxElbM5s7kyHZTyiMFk+h0=
30,14,CxvRNHXyP8aYOyUtsZl/+w/CSxo=,5hZ2KsxElbM5s7kyHZTyiMFk+h0=
30,1,CxvRNHXyP8aYOyUtsZl/+w/CSxo=,5hZ2KsxElbM5s7kyHZTyiMFk+h0=
18,0,CxvRNHXyP8aYOyUtsZl/+w/CSxo=,5hZ2KsxElbM5s7kyHZTyiMFk+h0=
18,14,CxvRNHXyP8aYOyUtsZl/+w/CSxo=,5hZ2KsxElbM5s7kyHZTyiMFk+h0=
27,14,CxvRNHXyP8aYOyUtsZl/+w/CSxo=,5hZ2KsxElbM5s7kyHZTyiMFk+h0=
29,14,CxvRNHXyP8aYOyUtsZl/+w/CSxo=,5hZ2KsxElbM5s7kyHZTyiMFk+h0=
28,14,CxvRNHXyP8aYOyUtsZl/+w/CSxo=,5hZ2KsxElbM5s7kyHZTyiMFk+h0=
21,14,CxvRNHXyP8aYOyUtsZl/+w/CSxo=,5hZ2KsxElbM5s7kyHZTyiMFk+h0=
17,14,CxvRNHXyP8aYOyUtsZl/+w/CSxo=,5hZ2KsxElbM5s7kyHZTyiMFk+h0=
29,3,CxvRNHXyP8aYOyUtsZl/+w/CSxo=,5hZ2KsxElbM5s7kyHZTyiMFk+h0=
17,1,CxvRNHXyP8aYOyUtsZl/+w/CSxo=,5hZ2KsxElbM5s7kyHZTyiMFk+h0=
16,14,CxvRNHXyP8aYOyUtsZl/+w/CSxo=,5hZ2KsxElbM5s7kyHZTyiMFk+h0=
23,14,CxvRNHXyP8aYOyUtsZl/+w/CSxo=,5hZ2KsxElbM5s7kyHZTyiMFk+h0=
24,14,CxvRNHXyP8aYOyUtsZl/+w/CSxo=,5hZ2KsxElbM5s7kyHZTyiMFk+h0=
22,14,CxvRNHXyP8aYOyUtsZl/+w/CSxo=,5hZ2KsxElbM5s7kyHZTyiMFk+h0=
16,1,CxvRNHXyP8aYOyUtsZl/+w/CSxo=,5hZ2KsxElbM5s7kyHZTyiMFk+h0=
30,13,CxvRNHXyP8aYOyUtsZl/+w/CSxo=,5hZ2KsxElbM5s7kyHZTyiMFk+h0=
26,13,CxvRNHXyP8aYOyUtsZl/+w/CSxo=,5hZ2KsxElbM5s7kyHZTyiMFk+h0=
20,14,CxvRNHXyP8aYOyUtsZl/+w/CSxo=,5hZ2KsxElbM5s7kyHZTyiMFk+h0=
29,13,CxvRNHXyP8aYOyUtsZl/+w/CSxo=,5hZ2KsxElbM5s7kyHZTyiMFk+h0=
24,13,CxvRNHXyP8aYOyUtsZl/+w/CSxo=,5hZ2KsxElbM5s7kyHZTyiMFk+h0=
25,13,CxvRNHXyP8aYOyUtsZl/+w/CSxo=,5hZ2KsxElbM5s7kyHZTyiMFk+h0=
17,0,CxvRNHXyP8aYOyUtsZl/+w/CSxo=,5hZ2KsxElbM5s7kyHZTyiMFk+h0=
19,14,CxvRNHXyP8aYOyUtsZl/+w/CSxo=,5hZ2KsxElbM5s7kyHZTyiMFk+h0=
23,13,CxvRNHXyP8aYOyUtsZl/+w/CSxo=,5hZ2KsxElbM5s7kyHZTyiMFk+h0=
27,13,CxvRNHXyP8aYOyUtsZl/+w/CSxo=,5hZ2KsxElbM5s7kyHZTyiMFk+h0=
25,3,CxvRNHXyP8aYOyUtsZl/+w/CSxo=,5hZ2KsxElbM5s7kyHZTyiMFk+h0=
24,3,CxvRNHXyP8aYOyUtsZl/+w/CSxo=,5hZ2KsxElbM5s7kyHZTyiMFk+h0=
20,13,CxvRNHXyP8aYOyUtsZl/+w/CSxo=,5hZ2KsxElbM5s7kyHZTyiMFk+h0=
17,13,CxvRNHXyP8aYOyUtsZl/+w/CSxo=,5hZ2KsxElbM5s7kyHZTyiMFk+h0=
21,13,CxvRNHXyP8aYOyUtsZl/+w/CSxo=,5hZ2KsxElbM5s7kyHZTyiMFk+h0=
16,13,CxvRNHXyP8aYOyUtsZl/+w/CSxo=,5hZ2KsxElbM5s7kyHZTyiMFk+h0=
18,13,CxvRNHXyP8aYOyUtsZl/+w/CSxo=,5hZ2KsxElbM5s7kyHZTyiMFk+h0=
30,3,CxvRNHXyP8aYOyUtsZl/+w/CSxo=,5hZ2KsxElbM5s7kyHZTyiMFk+h0=
28,13,CxvRNHXyP8aYOyUtsZl/+w/CSxo=,5hZ2KsxElbM5s7kyHZTyiMFk+h0=
30,12,CxvRNHXyP8aYOyUtsZl/+w/CSxo=,5hZ2KsxElbM5s7kyHZTyiMFk+h0=
28,12,CxvRNHXyP8aYOyUtsZl/+w/CSxo=,5hZ2KsxElbM5s7kyHZTyiMFk+h0=
19,13,CxvRNHXyP8aYOyUtsZl/+w/CSxo=,5hZ2KsxElbM5s7kyHZTyiMFk+h0=
21,0,CxvRNHXyP8aYOyUtsZl/+w/CSxo=,5hZ2KsxElbM5s7kyHZTyiMFk+h0=
31,13,CxvRNHXyP8aYOyUtsZl/+w/CSxo=,5hZ2KsxElbM5s7kyHZTyiMFk+h0=
22,13,CxvRNHXyP8aYOyUtsZl/+w/CSxo=,5hZ2KsxElbM5s7kyHZTyiMFk+h0=
23,12,CxvRNHXyP8aYOyUtsZl/+w/CSxo=,5hZ2KsxElbM5s7kyHZTyiMFk+h0=
28,1,CxvRNHXyP8aYOyUtsZl/+w/CSxo=,5hZ2KsxElbM5s7kyHZTyiMFk+h0=
31,12,CxvRNHXyP8aYOyUtsZl/+w/CSxo=,5hZ2KsxElbM5s7kyHZTyiMFk+h0=
29,12,CxvRNHXyP8aYOyUtsZl/+w/CSxo=,5hZ2KsxElbM5s7kyHZTyiMFk+h0=
22,12,CxvRNHXyP8aYOyUtsZl/+w/CSxo=,5hZ2KsxElbM5s7kyHZTyiMFk+h0=
24,12,CxvRNHXyP8aYOyUtsZl/+w/CSxo=,5hZ2KsxElbM5s7kyHZTyiMFk+h0=
26,12,CxvRNHXyP8aYOyUtsZl/+w/CSxo=,5hZ2KsxElbM5s7kyHZTyiMFk+h0=
18,1,CxvRNHXyP8aYOyUtsZl/+w/CSxo=,5hZ2KsxElbM5s7kyHZTyiMFk+h0=
27,12,CxvRNHXyP8aYOyUtsZl/+w/CSxo=,5hZ2KsxElbM5s7kyHZTyiMFk+h0=
18,12,CxvRNHXyP8aYOyUtsZl/+w/CSxo=,5hZ2KsxElbM5s7kyHZTyiMFk+h0=
23,3,CxvRNHXyP8aYOyUtsZl/+w/CSxo=,5hZ2KsxElbM5s7kyHZTyiMFk+h0=
21,12,CxvRNHXyP8aYOyUtsZl/+w/CSxo=,5hZ2KsxElbM5s7kyHZTyiMFk+h0=
30,0,CxvRNHXyP8aYOyUtsZl/+w/CSxo=,5hZ2KsxElbM5s7kyHZTyiMFk+h0=
17,12,CxvRNHXyP8aYOyUtsZl/+w/CSxo=,5hZ2KsxElbM5s7kyHZTyiMFk+h0=
25,12,CxvRNHXyP8aYOyUtsZl/+w/CSxo=,5hZ2KsxElbM5s7kyHZTyiMFk+h0=
27,11,CxvRNHXyP8aYOyUtsZl/+w/CSxo=,5hZ2KsxElbM5s7kyHZTyiMFk+h0=
19,12,CxvRNHXyP8aYOyUtsZl/+w/CSxo=,5hZ2KsxElbM5s7kyHZTyiMFk+h0=
31,3,CxvRNHXyP8aYOyUtsZl/+w/CSxo=,5hZ2KsxElbM5s7kyHZTyiMFk+h0=
23,11,CxvRNHXyP8aYOyUtsZl/+w/CSxo=,5hZ2KsxElbM5s7kyHZTyiMFk+h0=
30,11,CxvRNHXyP8aYOyUtsZl/+w/CSxo=,5hZ2KsxElbM5s7kyHZTyiMFk+h0=
16,4,CxvRNHXyP8aYOyUtsZl/+w/CSxo=,5hZ2KsxElbM5s7kyHZTyiMFk+h0=
25,11,CxvRNHXyP8aYOyUtsZl/+w/CSxo=,5hZ2KsxElbM5s7kyHZTyiMFk+h0=
24,11,CxvRNHXyP8aYOyUtsZl/+w/CSxo=,5hZ2KsxElbM5s7kyHZTyiMFk+h0=
28,11,CxvRNHXyP8aYOyUtsZl/+w/CSxo=,5hZ2KsxElbM5s7kyHZTyiMFk+h0=
29,1,CxvRNHXyP8aYOyUtsZl/+w/CSxo=,5hZ2KsxElbM5s7kyHZTyiMFk+h0=
27,1,CxvRNHXyP8aYOyUtsZl/+w/CSxo=,5hZ2KsxElbM5s7kyHZTyiMFk+h0=
26,11,CxvRNHXyP8aYOyUtsZl/+w/CSxo=,5hZ2KsxElbM5s7kyHZTyiMFk+h0=
17,4,CxvRNHXyP8aYOyUtsZl/+w/CSxo=,5hZ2KsxElbM5s7kyHZTyiMFk+h0=
29,11,CxvRNHXyP8aYOyUtsZl/+w/CSxo=,5hZ2KsxElbM5s7kyHZTyiMFk+h0=
18,11,CxvRNHXyP8aYOyUtsZl/+w/CSxo=,5hZ2KsxElbM5s7kyHZTyiMFk+h0=
17,11,CxvRNHXyP8aYOyUtsZl/+w/CSxo=,5hZ2KsxElbM5s7kyHZTyiMFk+h0=
29,0,CxvRNHXyP8aYOyUtsZl/+w/CSxo=,5hZ2KsxElbM5s7kyHZTyiMFk+h0=
16,11,CxvRNHXyP8aYOyUtsZl/+w/CSxo=,5hZ2KsxElbM5s7kyHZTyiMFk+h0=
21,11,CxvRNHXyP8aYOyUtsZl/+w/CSxo=,5hZ2KsxElbM5s7kyHZTyiMFk+h0=
18,4,CxvRNHXyP8aYOyUtsZl/+w/CSxo=,5hZ2KsxElbM5s7kyHZTyiMFk+h0=
31,11,CxvRNHXyP8aYOyUtsZl/+w/CSxo=,5hZ2KsxElbM5s7kyHZTyiMFk+h0=
22,15,CxvRNHXyP8aYOyUtsZl/+w/CSxo=,5hZ2KsxElbM5s7kyHZTyiMFk+h0=
22,3,CxvRNHXyP8aYOyUtsZl/+w/CSxo=,5hZ2KsxElbM5s7kyHZTyiMFk+h0=
25,10,CxvRNHXyP8aYOyUtsZl/+w/CSxo=,5hZ2KsxElbM5s7kyHZTyiMFk+h0=
28,10,CxvRNHXyP8aYOyUtsZl/+w/CSxo=,5hZ2KsxElbM5s7kyHZTyiMFk+h0=
20,11,CxvRNHXyP8aYOyUtsZl/+w/CSxo=,5hZ2KsxElbM5s7kyHZTyiMFk+h0=
26,10,CxvRNHXyP8aYOyUtsZl/+w/CSxo=,5hZ2KsxElbM5s7kyHZTyiMFk+h0=
19,4,CxvRNHXyP8aYOyUtsZl/+w/CSxo=,5hZ2KsxElbM5s7kyHZTyiMFk+h0=
31,10,CxvRNHXyP8aYOyUtsZl/+w/CSxo=,5hZ2KsxElbM5s7kyHZTyiMFk+h0=
29,10,CxvRNHXyP8aYOyUtsZl/+w/CSxo=,5hZ2KsxElbM5s7kyHZTyiMFk+h0=
22,11,CxvRNHXyP8aYOyUtsZl/+w/CSxo=,5hZ2KsxElbM5s7kyHZTyiMFk+h0=
23,10,CxvRNHXyP8aYOyUtsZl/+w/CSxo=,5hZ2KsxElbM5s7kyHZTyiMFk+h0=
20,4,CxvRNHXyP8aYOyUtsZl/+w/CSxo=,5hZ2KsxElbM5s7kyHZTyiMFk+h0=
27,10,CxvRNHXyP8aYOyUtsZl/+w/CSxo=,5hZ2KsxElbM5s7kyHZTyiMFk+h0=
21,3,CxvRNHXyP8aYOyUtsZl/+w/CSxo=,5hZ2KsxElbM5s7kyHZTyiMFk+h0=
24,10,CxvRNHXyP8aYOyUtsZl/+w/CSxo=,5hZ2KsxElbM5s7kyHZTyiMFk+h0=
17,10,CxvRNHXyP8aYOyUtsZl/+w/CSxo=,5hZ2KsxElbM5s7kyHZTyiMFk+h0=
21,10,CxvRNHXyP8aYOyUtsZl/+w/CSxo=,5hZ2KsxElbM5s7kyHZTyiMFk+h0=
21,4,CxvRNHXyP8aYOyUtsZl/+w/CSxo=,5hZ2KsxElbM5s7kyHZTyiMFk+h0=
28,0,CxvRNHXyP8aYOyUtsZl/+w/CSxo=,5hZ2KsxElbM5s7kyHZTyiMFk+h0=
31,0,CxvRNHXyP8aYOyUtsZl/+w/CSxo=,5hZ2KsxElbM5s7kyHZTyiMFk+h0=
18,10,CxvRNHXyP8aYOyUtsZl/+w/CSxo=,5hZ2KsxElbM5s7kyHZTyiMFk+h0=
16,10,CxvRNHXyP8aYOyUtsZl/+w/CSxo=,5hZ2KsxElbM5s7kyHZTyiMFk+h0=
22,10,CxvRNHXyP8aYOyUtsZl/+w/CSxo=,5hZ2KsxElbM5s7kyHZTyiMFk+h0=
25,9,CxvRNHXyP8aYOyUtsZl/+w/CSxo=,5hZ2KsxElbM5s7kyHZTyiMFk+h0=
26,1,CxvRNHXyP8aYOyUtsZl/+w/CSxo=,5hZ2KsxElbM5s7kyHZTyiMFk+h0=
27,9,CxvRNHXyP8aYOyUtsZl/+w/CSxo=,5hZ2KsxElbM5s7kyHZTyiMFk+h0=
20,10,CxvRNHXyP8aYOyUtsZl/+w/CSxo=,5hZ2KsxElbM5s7kyHZTyiMFk+h0=
31,9,CxvRNHXyP8aYOyUtsZl/+w/CSxo=,5hZ2KsxElbM5s7kyHZTyiMFk+h0=
26,9,CxvRNHXyP8aYOyUtsZl/+w/CSxo=,5hZ2KsxElbM5s7kyHZTyiMFk+h0=
30,9,CxvRNHXyP8aYOyUtsZl/+w/CSxo=,5hZ2KsxElbM5s7kyHZTyiMFk+h0=
24,9,CxvRNHXyP8aYOyUtsZl/+w/CSxo=,5hZ2KsxElbM5s7kyHZTyiMFk+h0=
22,4,CxvRNHXyP8aYOyUtsZl/+w/CSxo=,5hZ2KsxElbM5s7kyHZTyiMFk+h0=
25,1,CxvRNHXyP8aYOyUtsZl/+w/CSxo=,5hZ2KsxElbM5s7kyHZTyiMFk+h0=
20,3,CxvRNHXyP8aYOyUtsZl/+w/CSxo=,5hZ2KsxElbM5s7kyHZTyiMFk+h0=
29,9,CxvRNHXyP8aYOyUtsZl/+w/CSxo=,5hZ2KsxElbM5s7kyHZTyiMFk+h0=
28,9,CxvRNHXyP8aYOyUtsZl/+w/CSxo=,5hZ2KsxElbM5s7kyHZTyiMFk+h0=
17,9,CxvRNHXyP8aYOyUtsZl/+w/CSxo=,5hZ2KsxElbM5s7kyHZTyiMFk+h0=
23,9,CxvRNHXyP8aYOyUtsZl/+w/CSxo=,5hZ2KsxElbM5s7kyHZTyiMFk+h0=
18,9,CxvRNHXyP8aYOyUtsZl/+w/CSxo=,5hZ2KsxElbM5s7kyHZTyiMFk+h0=
22,9,CxvRNHXyP8aYOyUtsZl/+w/CSxo=,5hZ2KsxElbM5s7kyHZTyiMFk+h0=
29,8,CxvRNHXyP8aYOyUtsZl/+w/CSxo=,5hZ2KsxElbM5s7kyHZTyiMFk+h0=
16,9,CxvRNHXyP8aYOyUtsZl/+w/CSxo=,5hZ2KsxElbM5s7kyHZTyiMFk+h0=
23,4,CxvRNHXyP8aYOyUtsZl/+w/CSxo=,5hZ2KsxElbM5s7kyHZTyiMFk+h0=
27,0,CxvRNHXyP8aYOyUtsZl/+w/CSxo=,5hZ2KsxElbM5s7kyHZTyiMFk+h0=
19,9,CxvRNHXyP8aYOyUtsZl/+w/CSxo=,5hZ2KsxElbM5s7kyHZTyiMFk+h0=
21,9,CxvRNHXyP8aYOyUtsZl/+w/CSxo=,5hZ2KsxElbM5s7kyHZTyiMFk+h0=
27,8,CxvRNHXyP8aYOyUtsZl/+w/CSxo=,5hZ2KsxElbM5s7kyHZTyiMFk+h0=
19,10,CxvRNHXyP8aYOyUtsZl/+w/CSxo=,5hZ2KsxElbM5s7kyHZTyiMFk+h0=
28,8,CxvRNHXyP8aYOyUtsZl/+w/CSxo=,5hZ2KsxElbM5s7kyHZTyiMFk+h0=
20,9,CxvRNHXyP8aYOyUtsZl/+w/CSxo=,5hZ2KsxElbM5s7kyHZTyiMFk+h0=
31,8,CxvRNHXyP8aYOyUtsZl/+w/CSxo=,5hZ2KsxElbM5s7kyHZTyiMFk+h0=
26,8,CxvRNHXyP8aYOyUtsZl/+w/CSxo=,5hZ2KsxElbM5s7kyHZTyiMFk+h0=
30,8,CxvRNHXyP8aYOyUtsZl/+w/CSxo=,5hZ2KsxElbM5s7kyHZTyiMFk+h0=
24,1,CxvRNHXyP8aYOyUtsZl/+w/CSxo=,5hZ2KsxElbM5s7kyHZTyiMFk+h0=
19,3,CxvRNHXyP8aYOyUtsZl/+w/CSxo=,5hZ2KsxElbM5s7kyHZTyiMFk+h0=
24,8,CxvRNHXyP8aYOyUtsZl/+w/CSxo=,5hZ2KsxElbM5s7kyHZTyiMFk+h0=
25,8,CxvRNHXyP8aYOyUtsZl/+w/CSxo=,5hZ2KsxElbM5s7kyHZTyiMFk+h0=
17,8,CxvRNHXyP8aYOyUtsZl/+w/CSxo=,5hZ2KsxElbM5s7kyHZTyiMFk+h0=
23,8,CxvRNHXyP8aYOyUtsZl/+w/CSxo=,5hZ2KsxElbM5s7kyHZTyiMFk+h0=
18,8,CxvRNHXyP8aYOyUtsZl/+w/CSxo=,5hZ2KsxElbM5s7kyHZTyiMFk+h0=
16,8,CxvRNHXyP8aYOyUtsZl/+w/CSxo=,5hZ2KsxElbM5s7kyHZTyiMFk+h0=
24,4,CxvRNHXyP8aYOyUtsZl/+w/CSxo=,5hZ2KsxElbM5s7kyHZTyiMFk+h0=
26,0,CxvRNHXyP8aYOyUtsZl/+w/CSxo=,5hZ2KsxElbM5s7kyHZTyiMFk+h0=
19,8,CxvRNHXyP8aYOyUtsZl/+w/CSxo=,5hZ2KsxElbM5s7kyHZTyiMFk+h0=
23,1,CxvRNHXyP8aYOyUtsZl/+w/CSxo=,5hZ2KsxElbM5s7kyHZTyiMFk+h0=
20,8,CxvRNHXyP8aYOyUtsZl/+w/CSxo=,5hZ2KsxElbM5s7kyHZTyiMFk+h0=
29,7,CxvRNHXyP8aYOyUtsZl/+w/CSxo=,5hZ2KsxElbM5s7kyHZTyiMFk+h0=
28,7,CxvRNHXyP8aYOyUtsZl/+w/CSxo=,5hZ2KsxElbM5s7kyHZTyiMFk+h0=
31,7,CxvRNHXyP8aYOyUtsZl/+w/CSxo=,5hZ2KsxElbM5s7kyHZTyiMFk+h0=
22,8,CxvRNHXyP8aYOyUtsZl/+w/CSxo=,5hZ2KsxElbM5s7kyHZTyiMFk+h0=
25,4,CxvRNHXyP8aYOyUtsZl/+w/CSxo=,5hZ2KsxElbM5s7kyHZTyiMFk+h0=
26,7,CxvRNHXyP8aYOyUtsZl/+w/CSxo=,5hZ2KsxElbM5s7kyHZTyiMFk+h0=
30,7,CxvRNHXyP8aYOyUtsZl/+w/CSxo=,5hZ2KsxElbM5s7kyHZTyiMFk+h0=
18,3,CxvRNHXyP8aYOyUtsZl/+w/CSxo=,5hZ2KsxElbM5s7kyHZTyiMFk+h0=
27,7,CxvRNHXyP8aYOyUtsZl/+w/CSxo=,5hZ2KsxElbM5s7kyHZTyiMFk+h0=
21,8,CxvRNHXyP8aYOyUtsZl/+w/CSxo=,5hZ2KsxElbM5s7kyHZTyiMFk+h0=
16,7,CxvRNHXyP8aYOyUtsZl/+w/CSxo=,5hZ2KsxElbM5s7kyHZTyiMFk+h0=
19,7,CxvRNHXyP8aYOyUtsZl/+w/CSxo=,5hZ2KsxElbM5s7kyHZTyiMFk+h0=
17,7,CxvRNHXyP8aYOyUtsZl/+w/CSxo=,5hZ2KsxElbM5s7kyHZTyiMFk+h0=
18,7,CxvRNHXyP8aYOyUtsZl/+w/CSxo=,5hZ2KsxElbM5s7kyHZTyiMFk+h0=
23,7,CxvRNHXyP8aYOyUtsZl/+w/CSxo=,5hZ2KsxElbM5s7kyHZTyiMFk+h0=
26,4,CxvRNHXyP8aYOyUtsZl/+w/CSxo=,5hZ2KsxElbM5s7kyHZTyiMFk+h0=
21,7,CxvRNHXyP8aYOyUtsZl/+w/CSxo=,5hZ2KsxElbM5s7kyHZTyiMFk+h0=
24,7,CxvRNHXyP8aYOyUtsZl/+w/CSxo=,5hZ2KsxElbM5s7kyHZTyiMFk+h0=
22,7,CxvRNHXyP8aYOyUtsZl/+w/CSxo=,5hZ2KsxElbM5s7kyHZTyiMFk+h0=
28,6,CxvRNHXyP8aYOyUtsZl/+w/CSxo=,5hZ2KsxElbM5s7kyHZTyiMFk+h0=
25,0,CxvRNHXyP8aYOyUtsZl/+w/CSxo=,5hZ2KsxElbM5s7kyHZTyiMFk+h0=
25,7,CxvRNHXyP8aYOyUtsZl/+w/CSxo=,5hZ2KsxElbM5s7kyHZTyiMFk+h0=
24,0,CxvRNHXyP8aYOyUtsZl/+w/CSxo=,5hZ2KsxElbM5s7kyHZTyiMFk+h0=
30,6,CxvRNHXyP8aYOyUtsZl/+w/CSxo=,5hZ2KsxElbM5s7kyHZTyiMFk+h0=
27,4,CxvRNHXyP8aYOyUtsZl/+w/CSxo=,5hZ2KsxElbM5s7kyHZTyiMFk+h0=
22,1,CxvRNHXyP8aYOyUtsZl/+w/CSxo=,5hZ2KsxElbM5s7kyHZTyiMFk+h0=
31,6,CxvRNHXyP8aYOyUtsZl/+w/CSxo=,5hZ2KsxElbM5s7kyHZTyiMFk+h0=
26,6,CxvRNHXyP8aYOyUtsZl/+w/CSxo=,5hZ2KsxElbM5s7kyHZTyiMFk+h0=
29,6,CxvRNHXyP8aYOyUtsZl/+w/CSxo=,5hZ2KsxElbM5s7kyHZTyiMFk+h0=
27,6,CxvRNHXyP8aYOyUtsZl/+w/CSxo=,5hZ2KsxElbM5s7kyHZTyiMFk+h0=
20,12,CxvRNHXyP8aYOyUtsZl/+w/CSxo=,5hZ2KsxElbM5s7kyHZTyiMFk+h0=
23,6,CxvRNHXyP8aYOyUtsZl/+w/CSxo=,5hZ2KsxElbM5s7kyHZTyiMFk+h0=
21,6,CxvRNHXyP8aYOyUtsZl/+w/CSxo=,5hZ2KsxElbM5s7kyHZTyiMFk+h0=
20,7,CxvRNHXyP8aYOyUtsZl/+w/CSxo=,5hZ2KsxElbM5s7kyHZTyiMFk+h0=
19,6,CxvRNHXyP8aYOyUtsZl/+w/CSxo=,5hZ2KsxElbM5s7kyHZTyiMFk+h0=
31,2,CxvRNHXyP8aYOyUtsZl/+w/CSxo=,5hZ2KsxElbM5s7kyHZTyiMFk+h0=
17,6,CxvRNHXyP8aYOyUtsZl/+w/CSxo=,5hZ2KsxElbM5s7kyHZTyiMFk+h0=
22,6,CxvRNHXyP8aYOyUtsZl/+w/CSxo=,5hZ2KsxElbM5s7kyHZTyiMFk+h0=
20,6,CxvRNHXyP8aYOyUtsZl/+w/CSxo=,5hZ2KsxElbM5s7kyHZTyiMFk+h0=
23,0,CxvRNHXyP8aYOyUtsZl/+w/CSxo=,5hZ2KsxElbM5s7kyHZTyiMFk+h0=
18,6,CxvRNHXyP8aYOyUtsZl/+w/CSxo=,5hZ2KsxElbM5s7kyHZTyiMFk+h0=
16,6,CxvRNHXyP8aYOyUtsZl/+w/CSxo=,5hZ2KsxElbM5s7kyHZTyiMFk+h0=
27,5,CxvRNHXyP8aYOyUtsZl/+w/CSxo=,5hZ2KsxElbM5s7kyHZTyiMFk+h0=
20,1,CxvRNHXyP8aYOyUtsZl/+w/CSxo=,5hZ2KsxElbM5s7kyHZTyiMFk+h0=
28,5,CxvRNHXyP8aYOyUtsZl/+w/CSxo=,5hZ2KsxElbM5s7kyHZTyiMFk+h0=
22,0,CxvRNHXyP8aYOyUtsZl/+w/CSxo=,5hZ2KsxElbM5s7kyHZTyiMFk+h0=
30,5,CxvRNHXyP8aYOyUtsZl/+w/CSxo=,5hZ2KsxElbM5s7kyHZTyiMFk+h0=
21,1,CxvRNHXyP8aYOyUtsZl/+w/CSxo=,5hZ2KsxElbM5s7kyHZTyiMFk+h0=
31,5,CxvRNHXyP8aYOyUtsZl/+w/CSxo=,5hZ2KsxElbM5s7kyHZTyiMFk+h0=
29,5,CxvRNHXyP8aYOyUtsZl/+w/CSxo=,5hZ2KsxElbM5s7kyHZTyiMFk+h0=
23,5,CxvRNHXyP8aYOyUtsZl/+w/CSxo=,5hZ2KsxElbM5s7kyHZTyiMFk+h0=
22,5,CxvRNHXyP8aYOyUtsZl/+w/CSxo=,5hZ2KsxElbM5s7kyHZTyiMFk+h0=
28,4,CxvRNHXyP8aYOyUtsZl/+w/CSxo=,5hZ2KsxElbM5s7kyHZTyiMFk+h0=
21,5,CxvRNHXyP8aYOyUtsZl/+w/CSxo=,5hZ2KsxElbM5s7kyHZTyiMFk+h0=
17,3,CxvRNHXyP8aYOyUtsZl/+w/CSxo=,5hZ2KsxElbM5s7kyHZTyiMFk+h0=
24,5,CxvRNHXyP8aYOyUtsZl/+w/CSxo=,5hZ2KsxElbM5s7kyHZTyiMFk+h0=
19,5,CxvRNHXyP8aYOyUtsZl/+w/CSxo=,5hZ2KsxElbM5s7kyHZTyiMFk+h0=
20,5,CxvRNHXyP8aYOyUtsZl/+w/CSxo=,5hZ2KsxElbM5s7kyHZTyiMFk+h0=
16,5,CxvRNHXyP8aYOyUtsZl/+w/CSxo=,5hZ2KsxElbM5s7kyHZTyiMFk+h0=
19,1,CxvRNHXyP8aYOyUtsZl/+w/CSxo=,5hZ2KsxElbM5s7kyHZTyiMFk+h0=
17,5,CxvRNHXyP8aYOyUtsZl/+w/CSxo=,5hZ2KsxElbM5s7kyHZTyiMFk+h0=
16,0,CxvRNHXyP8aYOyUtsZl/+w/CSxo=,5hZ2KsxElbM5s7kyHZTyiMFk+h0=
18,5,CxvRNHXyP8aYOyUtsZl/+w/CSxo=,5hZ2KsxElbM5s7kyHZTyiMFk+h0=
16,12,CxvRNHXyP8aYOyUtsZl/+w/CSxo=,5hZ2KsxElbM5s7kyHZTyiMFk+h0=
30,10,CxvRNHXyP8aYOyUtsZl/+w/CSxo=,5hZ2KsxElbM5s7kyHZTyiMFk+h0=
29,4,CxvRNHXyP8aYOyUtsZl/+w/CSxo=,5hZ2KsxElbM5s7kyHZTyiMFk+h0=
31,4,CxvRNHXyP8aYOyUtsZl/+w/CSxo=,5hZ2KsxElbM5s7kyHZTyiMFk+h0=
16,3,CxvRNHXyP8aYOyUtsZl/+w/CSxo=,5hZ2KsxElbM5s7kyHZTyiMFk+h0=
25,6,CxvRNHXyP8aYOyUtsZl/+w/CSxo=,5hZ2KsxElbM5s7kyHZTyiMFk+h0=
19,11,CxvRNHXyP8aYOyUtsZl/+w/CSxo=,5hZ2KsxElbM5s7kyHZTyiMFk+h0=
26,5,CxvRNHXyP8aYOyUtsZl/+w/CSxo=,5hZ2KsxElbM5s7kyHZTyiMFk+h0=
30,4,CxvRNHXyP8aYOyUtsZl/+w/CSxo=,5hZ2KsxElbM5s7kyHZTyiMFk+h0=
24,6,CxvRNHXyP8aYOyUtsZl/+w/CSxo=,5hZ2KsxElbM5s7kyHZTyiMFk+h0=
25,5,CxvRNHXyP8aYOyUtsZl/+w/CSxo=,5hZ2KsxElbM5s7kyHZTyiMFk+h0=
