182,-144,O/mqJtYjDZ77cAlz99/874HayWY=,+CADepZ53w+NuOCb3yREHC0FwJY=
178,-144,/eMvqJeH/OgRtCz30uTHVIZF3Ig=,+CADepZ53w+NuOCb3yREHC0FwJY=
183,-143,/eMvqJeH/OgRtCz30uTHVIZF3Ig=,+CADepZ53w+NuOCb3yREHC0FwJY=
177,-144,/eMvqJeH/OgRtCz30uTHVIZF3Ig=,+CADepZ53w+NuOCb3yREHC0FwJY=
181,-143,/eMvqJeH/OgRtCz30uTHVIZF3Ig=,+CADepZ53w+NuOCb3yREHC0FwJY=
182,-143,/eMvqJeH/OgRtCz30uTHVIZF3Ig=,+CADepZ53w+NuOCb3yREHC0FwJY=
180,-144,/eMvqJeH/OgRtCz30uTHVIZF3Ig=,+CADepZ53w+NuOCb3yREHC0FwJY=
184,-143,/eMvqJeH/OgRtCz30uTHVIZF3Ig=,+CADepZ53w+NuOCb3yREHC0FwJY=
176,-144,/eMvqJeH/OgRtCz30uTHVIZF3Ig=,+CADepZ53w+NuOCb3yREHC0FwJY=
179,-143,/eMvqJeH/OgRtCz30uTHVIZF3Ig=,+CADepZ53w+NuOCb3yREHC0FwJY=
178,-143,/eMvqJeH/OgRtCz30uTHVIZF3Ig=,+CADepZ53w+NuOCb3yREHC0FwJY=
176,-141,/eMvqJeH/OgRtCz30uTHVIZF3Ig=,+CADepZ53w+NuOCb3yREHC0FwJY=
186,-142,/eMvqJeH/OgRtCz30uTHVIZF3Ig=,+CADepZ53w+NuOCb3yREHC0FwJY=
177,-141,/eMvqJeH/OgRtCz30uTHVIZF3Ig=,+CADepZ53w+NuOCb3yREHC0FwJY=
177,-143,/eMvqJeH/OgRtCz30uTHVIZF3Ig=,+CADepZ53w+NuOCb3yREHC0FwJY=
180,-143,/eMvqJeH/OgRtCz30uTHVIZF3Ig=,+CADepZ53w+NuOCb3yREHC0FwJY=
179,-144,/eMvqJeH/OgRtCz30uTHVIZF3Ig=,+CADepZ53w+NuOCb3yREHC0FwJY=
184,-129,/eMvqJeH/OgRtCz30uTHVIZF3Ig=,+CADepZ53w+NuOCb3yREHC0FwJY=
178,-141,/eMvqJeH/OgRtCz30uTHVIZF3Ig=,+CADepZ53w+NuOCb3yREHC0FwJY=
182,-129,/eMvqJeH/OgRtCz30uTHVIZF3Ig=,+CADepZ53w+NuOCb3yREHC0FwJY=
181,-129,/eMvqJeH/OgRtCz30uTHVIZF3Ig=,+CADepZ53w+NuOCb3yREHC0FwJY=
185,-129,/eMvqJeH/OgRtCz30uTHVIZF3Ig=,+CADepZ53w+NuOCb3yREHC0FwJY=
180,-129,/eMvqJeH/OgRtCz30uTHVIZF3Ig=,+CADepZ53w+NuOCb3yREHC0FwJY=
183,-129,/eMvqJeH/OgRtCz30uTHVIZF3Ig=,+CADepZ53w+NuOCb3yREHC0FwJY=
178,-129,/eMvqJeH/OgRtCz30uTHVIZF3Ig=,+CADepZ53w+NuOCb3yREHC0FwJY=
179,-141,/eMvqJeH/OgRtCz30uTHVIZF3Ig=,+CADepZ53w+NuOCb3yREHC0FwJY=
179,-129,/eMvqJeH/OgRtCz30uTHVIZF3Ig=,+CADepZ53w+NuOCb3yREHC0FwJY=
181,-144,/eMvqJeH/OgRtCz30uTHVIZF3Ig=,+CADepZ53w+NuOCb3yREHC0FwJY=
180,-141,/eMvqJeH/OgRtCz30uTHVIZF3Ig=,+CADepZ53w+NuOCb3yREHC0FwJY=
185,-142,/eMvqJeH/OgRtCz30uTHVIZF3Ig=,+CADepZ53w+NuOCb3yREHC0FwJY=
181,-141,/eMvqJeH/OgRtCz30uTHVIZF3Ig=,+CADepZ53w+NuOCb3yREHC0FwJY=
177,-129,/eMvqJeH/OgRtCz30uTHVIZF3Ig=,+CADepZ53w+NuOCb3yREHC0FwJY=
176,-129,/eMvqJeH/OgRtCz30uTHVIZF3Ig=,+CADepZ53w+NuOCb3yREHC0FwJY=
182,-141,/eMvqJeH/OgRtCz30uTHVIZF3Ig=,+CADepZ53w+NuOCb3yREHC0FwJY=
176,-143,/eMvqJeH/OgRtCz30uTHVIZF3Ig=,+CADepZ53w+NuOCb3yREHC0FwJY=
186,-144,/eMvqJeH/OgRtCz30uTHVIZF3Ig=,+CADepZ53w+NuOCb3yREHC0FwJY=
183,-141,/eMvqJeH/OgRtCz30uTHVIZF3Ig=,+CADepZ53w+NuOCb3yREHC0FwJY=
185,-144,/eMvqJeH/OgRtCz30uTHVIZF3Ig=,+CADepZ53w+NuOCb3yREHC0FwJY=
184,-144,/eMvqJeH/OgRtCz30uTHVIZF3Ig=,+CADepZ53w+NuOCb3yREHC0FwJY=
184,-141,/eMvqJeH/OgRtCz30uTHVIZF3Ig=,+CADepZ53w+NuOCb3yREHC0FwJY=
185,-130,/eMvqJeH/OgRtCz30uTHVIZF3Ig=,+CADepZ53w+NuOCb3yREHC0FwJY=
182,-130,/eMvqJeH/OgRtCz30uTHVIZF3Ig=,+CADepZ53w+NuOCb3yREHC0FwJY=
185,-141,/eMvqJeH/OgRtCz30uTHVIZF3Ig=,+CADepZ53w+NuOCb3yREHC0FwJY=
183,-130,/eMvqJeH/OgRtCz30uTHVIZF3Ig=,+CADepZ53w+NuOCb3yREHC0FwJY=
184,-130,/eMvqJeH/OgRtCz30uTHVIZF3Ig=,+CADepZ53w+NuOCb3yREHC0FwJY=
180,-130,/eMvqJeH/OgRtCz30uTHVIZF3Ig=,+CADepZ53w+NuOCb3yREHC0FwJY=
178,-130,/eMvqJeH/OgRtCz30uTHVIZF3Ig=,+CADepZ53w+NuOCb3yREHC0FwJY=
181,-130,/eMvqJeH/OgRtCz30uTHVIZF3Ig=,+CADepZ53w+NuOCb3yREHC0FwJY=
179,-130,/eMvqJeH/OgRtCz30uTHVIZF3Ig=,+CADepZ53w+NuOCb3yREHC0FwJY=
177,-130,/eMvqJeH/OgRtCz30uTHVIZF3Ig=,+CADepZ53w+NuOCb3yREHC0FwJY=
184,-142,/eMvqJeH/OgRtCz30uTHVIZF3Ig=,+CADepZ53w+NuOCb3yREHC0FwJY=
176,-130,/eMvqJeH/OgRtCz30uTHVIZF3Ig=,+CADepZ53w+NuOCb3yREHC0FwJY=
185,-131,/eMvqJeH/OgRtCz30uTHVIZF3Ig=,+CADepZ53w+NuOCb3yREHC0FwJY=
186,-131,/eMvqJeH/OgRtCz30uTHVIZF3Ig=,+CADepZ53w+NuOCb3yREHC0FwJY=
183,-131,/eMvqJeH/OgRtCz30uTHVIZF3Ig=,+CADepZ53w+NuOCb3yREHC0FwJY=
184,-131,/eMvqJeH/OgRtCz30uTHVIZF3Ig=,+CADepZ53w+NuOCb3yREHC0FwJY=
180,-131,/eMvqJeH/OgRtCz30uTHVIZF3Ig=,+CADepZ53w+NuOCb3yREHC0FwJY=
181,-131,/eMvqJeH/OgRtCz30uTHVIZF3Ig=,+CADepZ53w+NuOCb3yREHC0FwJY=
183,-144,/eMvqJeH/OgRtCz30uTHVIZF3Ig=,+CADepZ53w+NuOCb3yREHC0FwJY=
178,-131,/eMvqJeH/OgRtCz30uTHVIZF3Ig=,+CADepZ53w+NuOCb3yREHC0FwJY=
182,-131,/eMvqJeH/OgRtCz30uTHVIZF3Ig=,+CADepZ53w+NuOCb3yREHC0FwJY=
179,-131,/eMvqJeH/OgRtCz30uTHVIZF3Ig=,+CADepZ53w+NuOCb3yREHC0FwJY=
176,-131,/eMvqJeH/OgRtCz30uTHVIZF3Ig=,+CADepZ53w+NuOCb3yREHC0FwJY=
177,-131,/eMvqJeH/OgRtCz30uTHVIZF3Ig=,+CADepZ53w+NuOCb3yREHC0FwJY=
185,-132,/eMvqJeH/OgRtCz30uTHVIZF3Ig=,+CADepZ53w+NuOCb3yREHC0FwJY=
184,-132,/eMvqJeH/OgRtCz30uTHVIZF3Ig=,+CADepZ53w+NuOCb3yREHC0FwJY=
183,-132,/eMvqJeH/OgRtCz30uTHVIZF3Ig=,+CADepZ53w+NuOCb3yREHC0FwJY=
182,-132,/eMvqJeH/OgRtCz30uTHVIZF3Ig=,+CADepZ53w+NuOCb3yREHC0FwJY=
181,-132,/eMvqJeH/OgRtCz30uTHVIZF3Ig=,+CADepZ53w+NuOCb3yREHC0FwJY=
179,-132,/eMvqJeH/OgRtCz30uTHVIZF3Ig=,+CADepZ53w+NuOCb3yREHC0FwJY=
180,-132,/eMvqJeH/OgRtCz30uTHVIZF3Ig=,+CADepZ53w+NuOCb3yREHC0FwJY=
178,-132,/eMvqJeH/OgRtCz30uTHVIZF3Ig=,+CADepZ53w+NuOCb3yREHC0FwJY=
177,-132,/eMvqJeH/OgRtCz30uTHVIZF3Ig=,+CADepZ53w+NuOCb3yREHC0FwJY=
182,-142,/eMvqJeH/OgRtCz30uTHVIZF3Ig=,+CADepZ53w+NuOCb3yREHC0FwJY=
183,-142,/eMvqJeH/OgRtCz30uTHVIZF3Ig=,+CADepZ53w+NuOCb3yREHC0FwJY=
176,-132,/eMvqJeH/OgRtCz30uTHVIZF3Ig=,+CADepZ53w+NuOCb3yREHC0FwJY=
185,-133,/eMvqJeH/OgRtCz30uTHVIZF3Ig=,+CADepZ53w+NuOCb3yREHC0FwJY=
183,-133,/eMvqJeH/OgRtCz30uTHVIZF3Ig=,+CADepZ53w+NuOCb3yREHC0FwJY=
184,-133,/eMvqJeH/OgRtCz30uTHVIZF3Ig=,+CADepZ53w+NuOCb3yREHC0FwJY=
182,-133,/eMvqJeH/OgRtCz30uTHVIZF3Ig=,+CADepZ53w+NuOCb3yREHC0FwJY=
181,-133,/eMvqJeH/OgRtCz30uTHVIZF3Ig=,+CADepZ53w+NuOCb3yREHC0FwJY=
180,-133,/eMvqJeH/OgRtCz30uTHVIZF3Ig=,+CADepZ53w+NuOCb3yREHC0FwJY=
179,-133,/eMvqJeH/OgRtCz30uTHVIZF3Ig=,+CADepZ53w+NuOCb3yREHC0FwJY=
178,-133,/eMvqJeH/OgRtCz30uTHVIZF3Ig=,+CADepZ53w+NuOCb3yREHC0FwJY=
177,-133,/eMvqJeH/OgRtCz30uTHVIZF3Ig=,+CADepZ53w+NuOCb3yREHC0FwJY=
181,-142,/eMvqJeH/OgRtCz30uTHVIZF3Ig=,+CADepZ53w+NuOCb3yREHC0FwJY=
176,-133,/eMvqJeH/OgRtCz30uTHVIZF3Ig=,+CADepZ53w+NuOCb3yREHC0FwJY=
186,-134,/eMvqJeH/OgRtCz30uTHVIZF3Ig=,+CADepZ53w+NuOCb3yREHC0FwJY=
185,-134,/eMvqJeH/OgRtCz30uTHVIZF3Ig=,+CADepZ53w+NuOCb3yREHC0FwJY=
184,-134,/eMvqJeH/OgRtCz30uTHVIZF3Ig=,+CADepZ53w+NuOCb3yREHC0FwJY=
183,-134,/eMvqJeH/OgRtCz30uTHVIZF3Ig=,+CADepZ53w+NuOCb3yREHC0FwJY=
182,-134,/eMvqJeH/OgRtCz30uTHVIZF3Ig=,+CADepZ53w+NuOCb3yREHC0FwJY=
181,-134,/eMvqJeH/OgRtCz30uTHVIZF3Ig=,+CADepZ53w+NuOCb3yREHC0FwJY=
180,-134,/eMvqJeH/OgRtCz30uTHVIZF3Ig=,+CADepZ53w+NuOCb3yREHC0FwJY=
179,-134,/eMvqJeH/OgRtCz30uTHVIZF3Ig=,+CADepZ53w+NuOCb3yREHC0FwJY=
178,-134,/eMvqJeH/OgRtCz30uTHVIZF3Ig=,+CADepZ53w+NuOCb3yREHC0FwJY=
177,-134,/eMvqJeH/OgRtCz30uTHVIZF3Ig=,+CADepZ53w+NuOCb3yREHC0FwJY=
180,-142,/eMvqJeH/OgRtCz30uTHVIZF3Ig=,+CADepZ53w+NuOCb3yREHC0FwJY=
176,-134,/eMvqJeH/OgRtCz30uTHVIZF3Ig=,+CADepZ53w+NuOCb3yREHC0FwJY=
186,-135,/eMvqJeH/OgRtCz30uTHVIZF3Ig=,+CADepZ53w+NuOCb3yREHC0FwJY=
185,-135,/eMvqJeH/OgRtCz30uTHVIZF3Ig=,+CADepZ53w+NuOCb3yREHC0FwJY=
184,-135,/eMvqJeH/OgRtCz30uTHVIZF3Ig=,+CADepZ53w+NuOCb3yREHC0FwJY=
183,-135,/eMvqJeH/OgRtCz30uTHVIZF3Ig=,+CADepZ53w+NuOCb3yREHC0FwJY=
182,-135,/eMvqJeH/OgRtCz30uTHVIZF3Ig=,+CADepZ53w+NuOCb3yREHC0FwJY=
181,-135,/eMvqJeH/OgRtCz30uTHVIZF3Ig=,+CADepZ53w+NuOCb3yREHC0FwJY=
180,-135,/eMvqJeH/OgRtCz30uTHVIZF3Ig=,+CADepZ53w+NuOCb3yREHC0FwJY=
179,-135,/eMvqJeH/OgRtCz30uTHVIZF3Ig=,+CADepZ53w+NuOCb3yREHC0FwJY=
178,-135,/eMvqJeH/OgRtCz30uTHVIZF3Ig=,+CADepZ53w+NuOCb3yREHC0FwJY=
177,-135,/eMvqJeH/OgRtCz30uTHVIZF3Ig=,+CADepZ53w+NuOCb3yREHC0FwJY=
176,-135,/eMvqJeH/OgRtCz30uTHVIZF3Ig=,+CADepZ53w+NuOCb3yREHC0FwJY=
179,-142,/eMvqJeH/OgRtCz30uTHVIZF3Ig=,+CADepZ53w+NuOCb3yREHC0FwJY=
183,-136,/eMvqJeH/OgRtCz30uTHVIZF3Ig=,+CADepZ53w+NuOCb3yREHC0FwJY=
184,-136,/eMvqJeH/OgRtCz30uTHVIZF3Ig=,+CADepZ53w+NuOCb3yREHC0FwJY=
185,-136,/eMvqJeH/OgRtCz30uTHVIZF3Ig=,+CADepZ53w+NuOCb3yREHC0FwJY=
182,-136,/eMvqJeH/OgRtCz30uTHVIZF3Ig=,+CADepZ53w+NuOCb3yREHC0FwJY=
181,-136,/eMvqJeH/OgRtCz30uTHVIZF3Ig=,+CADepZ53w+NuOCb3yREHC0FwJY=
180,-136,/eMvqJeH/OgRtCz30uTHVIZF3Ig=,+CADepZ53w+NuOCb3yREHC0FwJY=
179,-136,/eMvqJeH/OgRtCz30uTHVIZF3Ig=,+CADepZ53w+NuOCb3yREHC0FwJY=
178,-136,/eMvqJeH/OgRtCz30uTHVIZF3Ig=,+CADepZ53w+NuOCb3yREHC0FwJY=
177,-136,/eMvqJeH/OgRtCz30uTHVIZF3Ig=,+CADepZ53w+NuOCb3yREHC0FwJY=
176,-136,/eMvqJeH/OgRtCz30uTHVIZF3Ig=,+CADepZ53w+NuOCb3yREHC0FwJY=
178,-142,/eMvqJeH/OgRtCz30uTHVIZF3Ig=,+CADepZ53w+NuOCb3yREHC0FwJY=
186,-137,/eMvqJeH/OgRtCz30uTHVIZF3Ig=,+CADepZ53w+NuOCb3yREHC0FwJY=
185,-137,/eMvqJeH/OgRtCz30uTHVIZF3Ig=,+CADepZ53w+NuOCb3yREHC0FwJY=
184,-137,/eMvqJeH/OgRtCz30uTHVIZF3Ig=,+CADepZ53w+NuOCb3yREHC0FwJY=
183,-137,/eMvqJeH/OgRtCz30uTHVIZF3Ig=,+CADepZ53w+NuOCb3yREHC0FwJY=
182,-137,/eMvqJeH/OgRtCz30uTHVIZF3Ig=,+CADepZ53w+NuOCb3yREHC0FwJY=
181,-137,/eMvqJeH/OgRtCz30uTHVIZF3Ig=,+CADepZ53w+NuOCb3yREHC0FwJY=
180,-137,/eMvqJeH/OgRtCz30uTHVIZF3Ig=,+CADepZ53w+NuOCb3yREHC0FwJY=
179,-137,/eMvqJeH/OgRtCz30uTHVIZF3Ig=,+CADepZ53w+NuOCb3yREHC0FwJY=
178,-137,/eMvqJeH/OgRtCz30uTHVIZF3Ig=,+CADepZ53w+NuOCb3yREHC0FwJY=
177,-137,/eMvqJeH/OgRtCz30uTHVIZF3Ig=,+CADepZ53w+NuOCb3yREHC0FwJY=
177,-142,/eMvqJeH/OgRtCz30uTHVIZF3Ig=,+CADepZ53w+NuOCb3yREHC0FwJY=
176,-137,/eMvqJeH/OgRtCz30uTHVIZF3Ig=,+CADepZ53w+NuOCb3yREHC0FwJY=
176,-142,/eMvqJeH/OgRtCz30uTHVIZF3Ig=,+CADepZ53w+NuOCb3yREHC0FwJY=
186,-132,/eMvqJeH/OgRtCz30uTHVIZF3Ig=,+CADepZ53w+NuOCb3yREHC0FwJY=
186,-138,/eMvqJeH/OgRtCz30uTHVIZF3Ig=,+CADepZ53w+NuOCb3yREHC0FwJY=
185,-138,/eMvqJeH/OgRtCz30uTHVIZF3Ig=,+CADepZ53w+NuOCb3yREHC0FwJY=
184,-138,/eMvqJeH/OgRtCz30uTHVIZF3Ig=,+CADepZ53w+NuOCb3yREHC0FwJY=
183,-138,/eMvqJeH/OgRtCz30uTHVIZF3Ig=,+CADepZ53w+NuOCb3yREHC0FwJY=
182,-138,/eMvqJeH/OgRtCz30uTHVIZF3Ig=,+CADepZ53w+NuOCb3yREHC0FwJY=
181,-138,/eMvqJeH/OgRtCz30uTHVIZF3Ig=,+CADepZ53w+NuOCb3yREHC0FwJY=
180,-138,/eMvqJeH/OgRtCz30uTHVIZF3Ig=,+CADepZ53w+NuOCb3yREHC0FwJY=
179,-138,/eMvqJeH/OgRtCz30uTHVIZF3Ig=,+CADepZ53w+NuOCb3yREHC0FwJY=
178,-138,/eMvqJeH/OgRtCz30uTHVIZF3Ig=,+CADepZ53w+NuOCb3yREHC0FwJY=
177,-138,/eMvqJeH/OgRtCz30uTHVIZF3Ig=,+CADepZ53w+NuOCb3yREHC0FwJY=
176,-138,/eMvqJeH/OgRtCz30uTHVIZF3Ig=,+CADepZ53w+NuOCb3yREHC0FwJY=
186,-141,/eMvqJeH/OgRtCz30uTHVIZF3Ig=,+CADepZ53w+NuOCb3yREHC0FwJY=
186,-129,/eMvqJeH/OgRtCz30uTHVIZF3Ig=,+CADepZ53w+NuOCb3yREHC0FwJY=
187,-131,/eMvqJeH/OgRtCz30uTHVIZF3Ig=,+CADepZ53w+NuOCb3yREHC0FwJY=
186,-139,/eMvqJeH/OgRtCz30uTHVIZF3Ig=,+CADepZ53w+NuOCb3yREHC0FwJY=
185,-139,/eMvqJeH/OgRtCz30uTHVIZF3Ig=,+CADepZ53w+NuOCb3yREHC0FwJY=
184,-139,/eMvqJeH/OgRtCz30uTHVIZF3Ig=,+CADepZ53w+NuOCb3yREHC0FwJY=
183,-139,/eMvqJeH/OgRtCz30uTHVIZF3Ig=,+CADepZ53w+NuOCb3yREHC0FwJY=
182,-139,/eMvqJeH/OgRtCz30uTHVIZF3Ig=,+CADepZ53w+NuOCb3yREHC0FwJY=
181,-139,/eMvqJeH/OgRtCz30uTHVIZF3Ig=,+CADepZ53w+NuOCb3yREHC0FwJY=
180,-139,/eMvqJeH/OgRtCz30uTHVIZF3Ig=,+CADepZ53w+NuOCb3yREHC0FwJY=
179,-139,/eMvqJeH/OgRtCz30uTHVIZF3Ig=,+CADepZ53w+NuOCb3yREHC0FwJY=
178,-139,/eMvqJeH/OgRtCz30uTHVIZF3Ig=,+CADepZ53w+NuOCb3yREHC0FwJY=
177,-139,/eMvqJeH/OgRtCz30uTHVIZF3Ig=,+CADepZ53w+NuOCb3yREHC0FwJY=
176,-139,/eMvqJeH/OgRtCz30uTHVIZF3Ig=,+CADepZ53w+NuOCb3yREHC0FwJY=
186,-143,/eMvqJeH/OgRtCz30uTHVIZF3Ig=,+CADepZ53w+NuOCb3yREHC0FwJY=
187,-132,/eMvqJeH/OgRtCz30uTHVIZF3Ig=,+CADepZ53w+NuOCb3yREHC0FwJY=
185,-140,/eMvqJeH/OgRtCz30uTHVIZF3Ig=,+CADepZ53w+NuOCb3yREHC0FwJY=
184,-140,/eMvqJeH/OgRtCz30uTHVIZF3Ig=,+CADepZ53w+NuOCb3yREHC0FwJY=
183,-140,/eMvqJeH/OgRtCz30uTHVIZF3Ig=,+CADepZ53w+NuOCb3yREHC0FwJY=
182,-140,/eMvqJeH/OgRtCz30uTHVIZF3Ig=,+CADepZ53w+NuOCb3yREHC0FwJY=
181,-140,/eMvqJeH/OgRtCz30uTHVIZF3Ig=,+CADepZ53w+NuOCb3yREHC0FwJY=
180,-140,/eMvqJeH/OgRtCz30uTHVIZF3Ig=,+CADepZ53w+NuOCb3yREHC0FwJY=
179,-140,/eMvqJeH/OgRtCz30uTHVIZF3Ig=,+CADepZ53w+NuOCb3yREHC0FwJY=
178,-140,/eMvqJeH/OgRtCz30uTHVIZF3Ig=,+CADepZ53w+NuOCb3yREHC0FwJY=
177,-140,/eMvqJeH/OgRtCz30uTHVIZF3Ig=,+CADepZ53w+NuOCb3yREHC0FwJY=
176,-140,/eMvqJeH/OgRtCz30uTHVIZF3Ig=,+CADepZ53w+NuOCb3yREHC0FwJY=
185,-143,/eMvqJeH/OgRtCz30uTHVIZF3Ig=,+CADepZ53w+NuOCb3yREHC0FwJY=
186,-130,/eMvqJeH/OgRtCz30uTHVIZF3Ig=,+CADepZ53w+NuOCb3yREHC0FwJY=
187,-142,/eMvqJeH/OgRtCz30uTHVIZF3Ig=,+CADepZ53w+NuOCb3yREHC0FwJY=
187,-134,/eMvqJeH/OgRtCz30uTHVIZF3Ig=,+CADepZ53w+NuOCb3yREHC0FwJY=
187,-133,/eMvqJeH/OgRtCz30uTHVIZF3Ig=,+CADepZ53w+NuOCb3yREHC0FwJY=
186,-136,/eMvqJeH/OgRtCz30uTHVIZF3Ig=,+CADepZ53w+NuOCb3yREHC0FwJY=
187,-130,/eMvqJeH/OgRtCz30uTHVIZF3Ig=,+CADepZ53w+NuOCb3yREHC0FwJY=
187,-143,/eMvqJeH/OgRtCz30uTHVIZF3Ig=,+CADepZ53w+NuOCb3yREHC0FwJY=
187,-144,/eMvqJeH/OgRtCz30uTHVIZF3Ig=,+CADepZ53w+NuOCb3yREHC0FwJY=
187,-139,/eMvqJeH/OgRtCz30uTHVIZF3Ig=,+CADepZ53w+NuOCb3yREHC0FwJY=
186,-133,/eMvqJeH/OgRtCz30uTHVIZF3Ig=,+CADepZ53w+NuOCb3yREHC0FwJY=
186,-140,/eMvqJeH/OgRtCz30uTHVIZF3Ig=,+CADepZ53w+NuOCb3yREHC0FwJY=
187,-141,/eMvqJeH/OgRtCz30uTHVIZF3Ig=,+CADepZ53w+NuOCb3yREHC0FwJY=
187,-137,/eMvqJeH/OgRtCz30uTHVIZF3Ig=,+CADepZ53w+NuOCb3yREHC0FwJY=
187,-140,/eMvqJeH/OgRtCz30uTHVIZF3Ig=,+CADepZ53w+NuOCb3yREHC0FwJY=
187,-138,/eMvqJeH/OgRtCz30uTHVIZF3Ig=,+CADepZ53w+NuOCb3yREHC0FwJY=
187,-129,/eMvqJeH/OgRtCz30uTHVIZF3Ig=,+CADepZ53w+NuOCb3yREHC0FwJY=
187,-135,/eMvqJeH/OgRtCz30uTHVIZF3Ig=,+CADepZ53w+NuOCb3yREHC0FwJY=
187,-136,/eMvqJeH/OgRtCz30uTHVIZF3Ig=,+CADepZ53w+NuOCb3yREHC0FwJY=
183,-159,6fypKchRWm83HdXrpUamxZpsWfI=,VPLFJt5SLun33znPbaewp4XllJw=
182,-159,6fypKchRWm83HdXrpUamxZpsWfI=,VPLFJt5SLun33znPbaewp4XllJw=
178,-160,6fypKchRWm83HdXrpUamxZpsWfI=,VPLFJt5SLun33znPbaewp4XllJw=
182,-160,6fypKchRWm83HdXrpUamxZpsWfI=,VPLFJt5SLun33znPbaewp4XllJw=
177,-160,6fypKchRWm83HdXrpUamxZpsWfI=,VPLFJt5SLun33znPbaewp4XllJw=
176,-157,GQnkrgOoBrDRp6QACrsUzQl7yAY=,VPLFJt5SLun33znPbaewp4XllJw=
180,-160,6fypKchRWm83HdXrpUamxZpsWfI=,VPLFJt5SLun33znPbaewp4XllJw=
180,-159,6fypKchRWm83HdXrpUamxZpsWfI=,VPLFJt5SLun33znPbaewp4XllJw=
176,-160,6fypKchRWm83HdXrpUamxZpsWfI=,VPLFJt5SLun33znPbaewp4XllJw=
184,-159,6fypKchRWm83HdXrpUamxZpsWfI=,VPLFJt5SLun33znPbaewp4XllJw=
181,-159,6fypKchRWm83HdXrpUamxZpsWfI=,VPLFJt5SLun33znPbaewp4XllJw=
179,-159,6fypKchRWm83HdXrpUamxZpsWfI=,VPLFJt5SLun33znPbaewp4XllJw=
177,-157,6fypKchRWm83HdXrpUamxZpsWfI=,VPLFJt5SLun33znPbaewp4XllJw=
178,-157,6fypKchRWm83HdXrpUamxZpsWfI=,VPLFJt5SLun33znPbaewp4XllJw=
179,-160,GQnkrgOoBrDRp6QACrsUzQl7yAY=,VPLFJt5SLun33znPbaewp4XllJw=
178,-159,6fypKchRWm83HdXrpUamxZpsWfI=,VPLFJt5SLun33znPbaewp4XllJw=
179,-157,6fypKchRWm83HdXrpUamxZpsWfI=,VPLFJt5SLun33znPbaewp4XllJw=
177,-159,6fypKchRWm83HdXrpUamxZpsWfI=,VPLFJt5SLun33znPbaewp4XllJw=
180,-157,6fypKchRWm83HdXrpUamxZpsWfI=,VPLFJt5SLun33znPbaewp4XllJw=
185,-145,6fypKchRWm83HdXrpUamxZpsWfI=,VPLFJt5SLun33znPbaewp4XllJw=
181,-157,6fypKchRWm83HdXrpUamxZpsWfI=,VPLFJt5SLun33znPbaewp4XllJw=
184,-145,6fypKchRWm83HdXrpUamxZpsWfI=,VPLFJt5SLun33znPbaewp4XllJw=
183,-145,6fypKchRWm83HdXrpUamxZpsWfI=,VPLFJt5SLun33znPbaewp4XllJw=
183,-157,6fypKchRWm83HdXrpUamxZpsWfI=,VPLFJt5SLun33znPbaewp4XllJw=
182,-157,6fypKchRWm83HdXrpUamxZpsWfI=,VPLFJt5SLun33znPbaewp4XllJw=
179,-145,6fypKchRWm83HdXrpUamxZpsWfI=,VPLFJt5SLun33znPbaewp4XllJw=
181,-145,6fypKchRWm83HdXrpUamxZpsWfI=,VPLFJt5SLun33znPbaewp4XllJw=
182,-145,6fypKchRWm83HdXrpUamxZpsWfI=,VPLFJt5SLun33znPbaewp4XllJw=
177,-145,6fypKchRWm83HdXrpUamxZpsWfI=,VPLFJt5SLun33znPbaewp4XllJw=
178,-145,6fypKchRWm83HdXrpUamxZpsWfI=,VPLFJt5SLun33znPbaewp4XllJw=
184,-157,6fypKchRWm83HdXrpUamxZpsWfI=,VPLFJt5SLun33znPbaewp4XllJw=
185,-157,6fypKchRWm83HdXrpUamxZpsWfI=,VPLFJt5SLun33znPbaewp4XllJw=
181,-160,GQnkrgOoBrDRp6QACrsUzQl7yAY=,VPLFJt5SLun33znPbaewp4XllJw=
180,-145,6fypKchRWm83HdXrpUamxZpsWfI=,VPLFJt5SLun33znPbaewp4XllJw=
186,-160,6fypKchRWm83HdXrpUamxZpsWfI=,VPLFJt5SLun33znPbaewp4XllJw=
176,-145,6fypKchRWm83HdXrpUamxZpsWfI=,VPLFJt5SLun33znPbaewp4XllJw=
176,-159,6fypKchRWm83HdXrpUamxZpsWfI=,VPLFJt5SLun33znPbaewp4XllJw=
184,-160,6fypKchRWm83HdXrpUamxZpsWfI=,VPLFJt5SLun33znPbaewp4XllJw=
186,-146,6fypKchRWm83HdXrpUamxZpsWfI=,VPLFJt5SLun33znPbaewp4XllJw=
185,-146,6fypKchRWm83HdXrpUamxZpsWfI=,VPLFJt5SLun33znPbaewp4XllJw=
184,-146,6fypKchRWm83HdXrpUamxZpsWfI=,VPLFJt5SLun33znPbaewp4XllJw=
185,-160,6fypKchRWm83HdXrpUamxZpsWfI=,VPLFJt5SLun33znPbaewp4XllJw=
181,-146,6fypKchRWm83HdXrpUamxZpsWfI=,VPLFJt5SLun33znPbaewp4XllJw=
182,-146,6fypKchRWm83HdXrpUamxZpsWfI=,VPLFJt5SLun33znPbaewp4XllJw=
180,-146,6fypKchRWm83HdXrpUamxZpsWfI=,VPLFJt5SLun33znPbaewp4XllJw=
179,-146,6fypKchRWm83HdXrpUamxZpsWfI=,VPLFJt5SLun33znPbaewp4XllJw=
178,-146,6fypKchRWm83HdXrpUamxZpsWfI=,VPLFJt5SLun33znPbaewp4XllJw=
183,-146,6fypKchRWm83HdXrpUamxZpsWfI=,VPLFJt5SLun33znPbaewp4XllJw=
184,-158,6fypKchRWm83HdXrpUamxZpsWfI=,VPLFJt5SLun33znPbaewp4XllJw=
176,-146,6fypKchRWm83HdXrpUamxZpsWfI=,VPLFJt5SLun33znPbaewp4XllJw=
177,-146,6fypKchRWm83HdXrpUamxZpsWfI=,VPLFJt5SLun33znPbaewp4XllJw=
183,-160,6fypKchRWm83HdXrpUamxZpsWfI=,VPLFJt5SLun33znPbaewp4XllJw=
185,-147,6fypKchRWm83HdXrpUamxZpsWfI=,VPLFJt5SLun33znPbaewp4XllJw=
184,-147,6fypKchRWm83HdXrpUamxZpsWfI=,VPLFJt5SLun33znPbaewp4XllJw=
183,-147,6fypKchRWm83HdXrpUamxZpsWfI=,VPLFJt5SLun33znPbaewp4XllJw=
182,-147,6fypKchRWm83HdXrpUamxZpsWfI=,VPLFJt5SLun33znPbaewp4XllJw=
181,-147,6fypKchRWm83HdXrpUamxZpsWfI=,VPLFJt5SLun33znPbaewp4XllJw=
180,-147,6fypKchRWm83HdXrpUamxZpsWfI=,VPLFJt5SLun33znPbaewp4XllJw=
179,-147,6fypKchRWm83HdXrpUamxZpsWfI=,VPLFJt5SLun33znPbaewp4XllJw=
178,-147,6fypKchRWm83HdXrpUamxZpsWfI=,VPLFJt5SLun33znPbaewp4XllJw=
177,-147,6fypKchRWm83HdXrpUamxZpsWfI=,VPLFJt5SLun33znPbaewp4XllJw=
176,-147,6fypKchRWm83HdXrpUamxZpsWfI=,VPLFJt5SLun33znPbaewp4XllJw=
183,-158,6fypKchRWm83HdXrpUamxZpsWfI=,VPLFJt5SLun33znPbaewp4XllJw=
185,-148,6fypKchRWm83HdXrpUamxZpsWfI=,VPLFJt5SLun33znPbaewp4XllJw=
184,-148,6fypKchRWm83HdXrpUamxZpsWfI=,VPLFJt5SLun33znPbaewp4XllJw=
183,-148,6fypKchRWm83HdXrpUamxZpsWfI=,VPLFJt5SLun33znPbaewp4XllJw=
182,-148,6fypKchRWm83HdXrpUamxZpsWfI=,VPLFJt5SLun33znPbaewp4XllJw=
181,-148,6fypKchRWm83HdXrpUamxZpsWfI=,VPLFJt5SLun33znPbaewp4XllJw=
180,-148,6fypKchRWm83HdXrpUamxZpsWfI=,VPLFJt5SLun33znPbaewp4XllJw=
179,-148,6fypKchRWm83HdXrpUamxZpsWfI=,VPLFJt5SLun33znPbaewp4XllJw=
178,-148,6fypKchRWm83HdXrpUamxZpsWfI=,VPLFJt5SLun33znPbaewp4XllJw=
177,-148,6fypKchRWm83HdXrpUamxZpsWfI=,VPLFJt5SLun33znPbaewp4XllJw=
176,-148,6fypKchRWm83HdXrpUamxZpsWfI=,VPLFJt5SLun33znPbaewp4XllJw=
182,-158,6fypKchRWm83HdXrpUamxZpsWfI=,VPLFJt5SLun33znPbaewp4XllJw=
186,-149,6fypKchRWm83HdXrpUamxZpsWfI=,VPLFJt5SLun33znPbaewp4XllJw=
185,-149,6fypKchRWm83HdXrpUamxZpsWfI=,VPLFJt5SLun33znPbaewp4XllJw=
184,-149,6fypKchRWm83HdXrpUamxZpsWfI=,VPLFJt5SLun33znPbaewp4XllJw=
183,-149,6fypKchRWm83HdXrpUamxZpsWfI=,VPLFJt5SLun33znPbaewp4XllJw=
182,-149,6fypKchRWm83HdXrpUamxZpsWfI=,VPLFJt5SLun33znPbaewp4XllJw=
181,-149,6fypKchRWm83HdXrpUamxZpsWfI=,VPLFJt5SLun33znPbaewp4XllJw=
180,-149,6fypKchRWm83HdXrpUamxZpsWfI=,VPLFJt5SLun33znPbaewp4XllJw=
179,-149,6fypKchRWm83HdXrpUamxZpsWfI=,VPLFJt5SLun33znPbaewp4XllJw=
178,-149,6fypKchRWm83HdXrpUamxZpsWfI=,VPLFJt5SLun33znPbaewp4XllJw=
177,-149,6fypKchRWm83HdXrpUamxZpsWfI=,VPLFJt5SLun33znPbaewp4XllJw=
176,-149,6fypKchRWm83HdXrpUamxZpsWfI=,VPLFJt5SLun33znPbaewp4XllJw=
181,-158,6fypKchRWm83HdXrpUamxZpsWfI=,VPLFJt5SLun33znPbaewp4XllJw=
185,-158,6fypKchRWm83HdXrpUamxZpsWfI=,VPLFJt5SLun33znPbaewp4XllJw=
185,-150,6fypKchRWm83HdXrpUamxZpsWfI=,VPLFJt5SLun33znPbaewp4XllJw=
184,-150,6fypKchRWm83HdXrpUamxZpsWfI=,VPLFJt5SLun33znPbaewp4XllJw=
183,-150,6fypKchRWm83HdXrpUamxZpsWfI=,VPLFJt5SLun33znPbaewp4XllJw=
182,-150,6fypKchRWm83HdXrpUamxZpsWfI=,VPLFJt5SLun33znPbaewp4XllJw=
181,-150,6fypKchRWm83HdXrpUamxZpsWfI=,VPLFJt5SLun33znPbaewp4XllJw=
180,-150,6fypKchRWm83HdXrpUamxZpsWfI=,VPLFJt5SLun33znPbaewp4XllJw=
179,-150,6fypKchRWm83HdXrpUamxZpsWfI=,VPLFJt5SLun33znPbaewp4XllJw=
178,-150,6fypKchRWm83HdXrpUamxZpsWfI=,VPLFJt5SLun33znPbaewp4XllJw=
177,-150,6fypKchRWm83HdXrpUamxZpsWfI=,VPLFJt5SLun33znPbaewp4XllJw=
176,-150,6fypKchRWm83HdXrpUamxZpsWfI=,VPLFJt5SLun33znPbaewp4XllJw=
186,-158,6fypKchRWm83HdXrpUamxZpsWfI=,VPLFJt5SLun33znPbaewp4XllJw=
187,-146,6fypKchRWm83HdXrpUamxZpsWfI=,VPLFJt5SLun33znPbaewp4XllJw=
185,-151,6fypKchRWm83HdXrpUamxZpsWfI=,VPLFJt5SLun33znPbaewp4XllJw=
180,-158,6fypKchRWm83HdXrpUamxZpsWfI=,VPLFJt5SLun33znPbaewp4XllJw=
184,-151,6fypKchRWm83HdXrpUamxZpsWfI=,VPLFJt5SLun33znPbaewp4XllJw=
183,-151,6fypKchRWm83HdXrpUamxZpsWfI=,VPLFJt5SLun33znPbaewp4XllJw=
182,-151,6fypKchRWm83HdXrpUamxZpsWfI=,VPLFJt5SLun33znPbaewp4XllJw=
181,-151,6fypKchRWm83HdXrpUamxZpsWfI=,VPLFJt5SLun33znPbaewp4XllJw=
180,-151,6fypKchRWm83HdXrpUamxZpsWfI=,VPLFJt5SLun33znPbaewp4XllJw=
179,-151,6fypKchRWm83HdXrpUamxZpsWfI=,VPLFJt5SLun33znPbaewp4XllJw=
178,-151,6fypKchRWm83HdXrpUamxZpsWfI=,VPLFJt5SLun33znPbaewp4XllJw=
177,-151,6fypKchRWm83HdXrpUamxZpsWfI=,VPLFJt5SLun33znPbaewp4XllJw=
179,-158,6fypKchRWm83HdXrpUamxZpsWfI=,VPLFJt5SLun33znPbaewp4XllJw=
176,-151,6fypKchRWm83HdXrpUamxZpsWfI=,VPLFJt5SLun33znPbaewp4XllJw=
186,-157,6fypKchRWm83HdXrpUamxZpsWfI=,VPLFJt5SLun33znPbaewp4XllJw=
187,-160,6fypKchRWm83HdXrpUamxZpsWfI=,VPLFJt5SLun33znPbaewp4XllJw=
187,-147,6fypKchRWm83HdXrpUamxZpsWfI=,VPLFJt5SLun33znPbaewp4XllJw=
185,-152,6fypKchRWm83HdXrpUamxZpsWfI=,VPLFJt5SLun33znPbaewp4XllJw=
184,-152,6fypKchRWm83HdXrpUamxZpsWfI=,VPLFJt5SLun33znPbaewp4XllJw=
183,-152,6fypKchRWm83HdXrpUamxZpsWfI=,VPLFJt5SLun33znPbaewp4XllJw=
182,-152,6fypKchRWm83HdXrpUamxZpsWfI=,VPLFJt5SLun33znPbaewp4XllJw=
181,-152,6fypKchRWm83HdXrpUamxZpsWfI=,VPLFJt5SLun33znPbaewp4XllJw=
180,-152,6fypKchRWm83HdXrpUamxZpsWfI=,VPLFJt5SLun33znPbaewp4XllJw=
179,-152,6fypKchRWm83HdXrpUamxZpsWfI=,VPLFJt5SLun33znPbaewp4XllJw=
178,-152,6fypKchRWm83HdXrpUamxZpsWfI=,VPLFJt5SLun33znPbaewp4XllJw=
177,-152,6fypKchRWm83HdXrpUamxZpsWfI=,VPLFJt5SLun33znPbaewp4XllJw=
178,-158,6fypKchRWm83HdXrpUamxZpsWfI=,VPLFJt5SLun33znPbaewp4XllJw=
176,-152,6fypKchRWm83HdXrpUamxZpsWfI=,VPLFJt5SLun33znPbaewp4XllJw=
187,-158,6fypKchRWm83HdXrpUamxZpsWfI=,VPLFJt5SLun33znPbaewp4XllJw=
187,-157,6fypKchRWm83HdXrpUamxZpsWfI=,VPLFJt5SLun33znPbaewp4XllJw=
176,-156,6fypKchRWm83HdXrpUamxZpsWfI=,VPLFJt5SLun33znPbaewp4XllJw=
185,-159,6fypKchRWm83HdXrpUamxZpsWfI=,VPLFJt5SLun33znPbaewp4XllJw=
177,-156,6fypKchRWm83HdXrpUamxZpsWfI=,VPLFJt5SLun33znPbaewp4XllJw=
178,-156,6fypKchRWm83HdXrpUamxZpsWfI=,VPLFJt5SLun33znPbaewp4XllJw=
179,-156,6fypKchRWm83HdXrpUamxZpsWfI=,VPLFJt5SLun33znPbaewp4XllJw=
180,-156,6fypKchRWm83HdXrpUamxZpsWfI=,VPLFJt5SLun33znPbaewp4XllJw=
181,-156,GQnkrgOoBrDRp6QACrsUzQl7yAY=,VPLFJt5SLun33znPbaewp4XllJw=
182,-156,GQnkrgOoBrDRp6QACrsUzQl7yAY=,VPLFJt5SLun33znPbaewp4XllJw=
183,-156,6fypKchRWm83HdXrpUamxZpsWfI=,VPLFJt5SLun33znPbaewp4XllJw=
184,-156,6fypKchRWm83HdXrpUamxZpsWfI=,VPLFJt5SLun33znPbaewp4XllJw=
185,-156,6fypKchRWm83HdXrpUamxZpsWfI=,VPLFJt5SLun33znPbaewp4XllJw=
186,-156,6fypKchRWm83HdXrpUamxZpsWfI=,VPLFJt5SLun33znPbaewp4XllJw=
186,-145,6fypKchRWm83HdXrpUamxZpsWfI=,VPLFJt5SLun33znPbaewp4XllJw=
185,-153,6fypKchRWm83HdXrpUamxZpsWfI=,VPLFJt5SLun33znPbaewp4XllJw=
184,-153,6fypKchRWm83HdXrpUamxZpsWfI=,VPLFJt5SLun33znPbaewp4XllJw=
183,-153,6fypKchRWm83HdXrpUamxZpsWfI=,VPLFJt5SLun33znPbaewp4XllJw=
182,-153,6fypKchRWm83HdXrpUamxZpsWfI=,VPLFJt5SLun33znPbaewp4XllJw=
181,-153,6fypKchRWm83HdXrpUamxZpsWfI=,VPLFJt5SLun33znPbaewp4XllJw=
180,-153,6fypKchRWm83HdXrpUamxZpsWfI=,VPLFJt5SLun33znPbaewp4XllJw=
179,-153,6fypKchRWm83HdXrpUamxZpsWfI=,VPLFJt5SLun33znPbaewp4XllJw=
178,-153,6fypKchRWm83HdXrpUamxZpsWfI=,VPLFJt5SLun33znPbaewp4XllJw=
177,-153,6fypKchRWm83HdXrpUamxZpsWfI=,VPLFJt5SLun33znPbaewp4XllJw=
176,-153,6fypKchRWm83HdXrpUamxZpsWfI=,VPLFJt5SLun33znPbaewp4XllJw=
177,-158,6fypKchRWm83HdXrpUamxZpsWfI=,VPLFJt5SLun33znPbaewp4XllJw=
176,-158,6fypKchRWm83HdXrpUamxZpsWfI=,VPLFJt5SLun33znPbaewp4XllJw=
187,-145,6fypKchRWm83HdXrpUamxZpsWfI=,VPLFJt5SLun33znPbaewp4XllJw=
186,-148,6fypKchRWm83HdXrpUamxZpsWfI=,VPLFJt5SLun33znPbaewp4XllJw=
185,-154,6fypKchRWm83HdXrpUamxZpsWfI=,VPLFJt5SLun33znPbaewp4XllJw=
184,-154,6fypKchRWm83HdXrpUamxZpsWfI=,VPLFJt5SLun33znPbaewp4XllJw=
183,-154,6fypKchRWm83HdXrpUamxZpsWfI=,VPLFJt5SLun33znPbaewp4XllJw=
182,-154,6fypKchRWm83HdXrpUamxZpsWfI=,VPLFJt5SLun33znPbaewp4XllJw=
181,-154,6fypKchRWm83HdXrpUamxZpsWfI=,VPLFJt5SLun33znPbaewp4XllJw=
180,-154,6fypKchRWm83HdXrpUamxZpsWfI=,VPLFJt5SLun33znPbaewp4XllJw=
179,-154,6fypKchRWm83HdXrpUamxZpsWfI=,VPLFJt5SLun33znPbaewp4XllJw=
178,-154,6fypKchRWm83HdXrpUamxZpsWfI=,VPLFJt5SLun33znPbaewp4XllJw=
177,-154,6fypKchRWm83HdXrpUamxZpsWfI=,VPLFJt5SLun33znPbaewp4XllJw=
186,-147,6fypKchRWm83HdXrpUamxZpsWfI=,VPLFJt5SLun33znPbaewp4XllJw=
176,-154,GQnkrgOoBrDRp6QACrsUzQl7yAY=,VPLFJt5SLun33znPbaewp4XllJw=
186,-154,6fypKchRWm83HdXrpUamxZpsWfI=,VPLFJt5SLun33znPbaewp4XllJw=
186,-155,6fypKchRWm83HdXrpUamxZpsWfI=,VPLFJt5SLun33znPbaewp4XllJw=
185,-155,6fypKchRWm83HdXrpUamxZpsWfI=,VPLFJt5SLun33znPbaewp4XllJw=
184,-155,6fypKchRWm83HdXrpUamxZpsWfI=,VPLFJt5SLun33znPbaewp4XllJw=
183,-155,6fypKchRWm83HdXrpUamxZpsWfI=,VPLFJt5SLun33znPbaewp4XllJw=
182,-155,6fypKchRWm83HdXrpUamxZpsWfI=,VPLFJt5SLun33znPbaewp4XllJw=
181,-155,6fypKchRWm83HdXrpUamxZpsWfI=,VPLFJt5SLun33znPbaewp4XllJw=
180,-155,6fypKchRWm83HdXrpUamxZpsWfI=,VPLFJt5SLun33znPbaewp4XllJw=
179,-155,6fypKchRWm83HdXrpUamxZpsWfI=,VPLFJt5SLun33znPbaewp4XllJw=
178,-155,6fypKchRWm83HdXrpUamxZpsWfI=,VPLFJt5SLun33znPbaewp4XllJw=
177,-155,6fypKchRWm83HdXrpUamxZpsWfI=,VPLFJt5SLun33znPbaewp4XllJw=
187,-156,6fypKchRWm83HdXrpUamxZpsWfI=,VPLFJt5SLun33znPbaewp4XllJw=
176,-155,6fypKchRWm83HdXrpUamxZpsWfI=,VPLFJt5SLun33znPbaewp4XllJw=
186,-152,6fypKchRWm83HdXrpUamxZpsWfI=,VPLFJt5SLun33znPbaewp4XllJw=
187,-155,6fypKchRWm83HdXrpUamxZpsWfI=,VPLFJt5SLun33znPbaewp4XllJw=
187,-159,6fypKchRWm83HdXrpUamxZpsWfI=,VPLFJt5SLun33znPbaewp4XllJw=
186,-153,6fypKchRWm83HdXrpUamxZpsWfI=,VPLFJt5SLun33znPbaewp4XllJw=
186,-159,6fypKchRWm83HdXrpUamxZpsWfI=,VPLFJt5SLun33znPbaewp4XllJw=
187,-148,6fypKchRWm83HdXrpUamxZpsWfI=,VPLFJt5SLun33znPbaewp4XllJw=
187,-152,6fypKchRWm83HdXrpUamxZpsWfI=,VPLFJt5SLun33znPbaewp4XllJw=
186,-150,6fypKchRWm83HdXrpUamxZpsWfI=,VPLFJt5SLun33znPbaewp4XllJw=
186,-151,6fypKchRWm83HdXrpUamxZpsWfI=,VPLFJt5SLun33znPbaewp4XllJw=
187,-154,6fypKchRWm83HdXrpUamxZpsWfI=,VPLFJt5SLun33znPbaewp4XllJw=
187,-149,6fypKchRWm83HdXrpUamxZpsWfI=,VPLFJt5SLun33znPbaewp4XllJw=
187,-153,6fypKchRWm83HdXrpUamxZpsWfI=,VPLFJt5SLun33znPbaewp4XllJw=
187,-150,6fypKchRWm83HdXrpUamxZpsWfI=,VPLFJt5SLun33znPbaewp4XllJw=
187,-151,6fypKchRWm83HdXrpUamxZpsWfI=,VPLFJt5SLun33znPbaewp4XllJw=
