-11,-7,AEJqnV/7VZZoHFJzzRLo7aYt0io=,5XjIlkjpTXvAjXeY4D9mRp4o1O8=
-10,-6,yz0aVmlHHseA+h/S/Gkp+DFCokE=,5XjIlkjpTXvAjXeY4D9mRp4o1O8=
-12,-7,AEJqnV/7VZZoHFJzzRLo7aYt0io=,5XjIlkjpTXvAjXeY4D9mRp4o1O8=
-10,-7,afX8Q6NsJ01vhGIpWzScODbfjlQ=,5XjIlkjpTXvAjXeY4D9mRp4o1O8=
-11,-6,/W71L2PmDaVU4npo/oFdHdtfxGQ=,5XjIlkjpTXvAjXeY4D9mRp4o1O8=
-12,-6,Ygi5mPZlYlwZzgzLOOQ7lYFwVdo=,5XjIlkjpTXvAjXeY4D9mRp4o1O8=
-10,-5,AEJqnV/7VZZoHFJzzRLo7aYt0io=,5XjIlkjpTXvAjXeY4D9mRp4o1O8=
-12,-5,yz0aVmlHHseA+h/S/Gkp+DFCokE=,5XjIlkjpTXvAjXeY4D9mRp4o1O8=
-11,-5,HOjHH9e/sWJJ9qKij2tCPDZvxEY=,5XjIlkjpTXvAjXeY4D9mRp4o1O8=
-12,-8,AEJqnV/7VZZoHFJzzRLo7aYt0io=,5XjIlkjpTXvAjXeY4D9mRp4o1O8=
-11,-8,AEJqnV/7VZZoHFJzzRLo7aYt0io=,5XjIlkjpTXvAjXeY4D9mRp4o1O8=
-10,-8,AEJqnV/7VZZoHFJzzRLo7aYt0io=,5XjIlkjpTXvAjXeY4D9mRp4o1O8=
-9,-7,yz0aVmlHHseA+h/S/Gkp+DFCokE=,5XjIlkjpTXvAjXeY4D9mRp4o1O8=
-9,-10,AEJqnV/7VZZoHFJzzRLo7aYt0io=,xcnH5Lvo3I3cqplvg0M19hwtIck=
-8,-9,/B2pkL0SYTx+TPJivvhY+YBEbjo=,WNCxCJY7cuA7lgCQpZQDNV3T6j0=
-8,-7,/W71L2PmDaVU4npo/oFdHdtfxGQ=,9yEAiYQgO1Es5hbkBzDjk77peMU=
-9,-9,yz0aVmlHHseA+h/S/Gkp+DFCokE=,xcnH5Lvo3I3cqplvg0M19hwtIck=
-7,-12,AEJqnV/7VZZoHFJzzRLo7aYt0io=,WNCxCJY7cuA7lgCQpZQDNV3T6j0=
-8,-12,AEJqnV/7VZZoHFJzzRLo7aYt0io=,WNCxCJY7cuA7lgCQpZQDNV3T6j0=
-5,-7,/W71L2PmDaVU4npo/oFdHdtfxGQ=,9yEAiYQgO1Es5hbkBzDjk77peMU=
-9,-8,HOjHH9e/sWJJ9qKij2tCPDZvxEY=,5XjIlkjpTXvAjXeY4D9mRp4o1O8=
-12,-12,Ygi5mPZlYlwZzgzLOOQ7lYFwVdo=,xcnH5Lvo3I3cqplvg0M19hwtIck=
-5,-12,AEJqnV/7VZZoHFJzzRLo7aYt0io=,WNCxCJY7cuA7lgCQpZQDNV3T6j0=
-8,-6,yz0aVmlHHseA+h/S/Gkp+DFCokE=,9yEAiYQgO1Es5hbkBzDjk77peMU=
-9,-5,HOjHH9e/sWJJ9qKij2tCPDZvxEY=,5XjIlkjpTXvAjXeY4D9mRp4o1O8=
-6,-12,AEJqnV/7VZZoHFJzzRLo7aYt0io=,WNCxCJY7cuA7lgCQpZQDNV3T6j0=
-6,-8,/W71L2PmDaVU4npo/oFdHdtfxGQ=,9yEAiYQgO1Es5hbkBzDjk77peMU=
-7,-6,yz0aVmlHHseA+h/S/Gkp+DFCokE=,9yEAiYQgO1Es5hbkBzDjk77peMU=
-7,-9,/W71L2PmDaVU4npo/oFdHdtfxGQ=,WNCxCJY7cuA7lgCQpZQDNV3T6j0=
-6,-5,yz0aVmlHHseA+h/S/Gkp+DFCokE=,9yEAiYQgO1Es5hbkBzDjk77peMU=
-9,-6,HOjHH9e/sWJJ9qKij2tCPDZvxEY=,5XjIlkjpTXvAjXeY4D9mRp4o1O8=
-5,-5,afX8Q6NsJ01vhGIpWzScODbfjlQ=,9yEAiYQgO1Es5hbkBzDjk77peMU=
-5,-8,/W71L2PmDaVU4npo/oFdHdtfxGQ=,9yEAiYQgO1Es5hbkBzDjk77peMU=
-9,-11,AEJqnV/7VZZoHFJzzRLo7aYt0io=,xcnH5Lvo3I3cqplvg0M19hwtIck=
-7,-5,yz0aVmlHHseA+h/S/Gkp+DFCokE=,9yEAiYQgO1Es5hbkBzDjk77peMU=
-7,-8,afX8Q6NsJ01vhGIpWzScODbfjlQ=,9yEAiYQgO1Es5hbkBzDjk77peMU=
-6,-6,/W71L2PmDaVU4npo/oFdHdtfxGQ=,9yEAiYQgO1Es5hbkBzDjk77peMU=
-8,-5,yz0aVmlHHseA+h/S/Gkp+DFCokE=,9yEAiYQgO1Es5hbkBzDjk77peMU=
-6,-9,/B2pkL0SYTx+TPJivvhY+YBEbjo=,WNCxCJY7cuA7lgCQpZQDNV3T6j0=
-8,-11,AEJqnV/7VZZoHFJzzRLo7aYt0io=,WNCxCJY7cuA7lgCQpZQDNV3T6j0=
-8,-10,AEJqnV/7VZZoHFJzzRLo7aYt0io=,WNCxCJY7cuA7lgCQpZQDNV3T6j0=
-10,-12,/B2pkL0SYTx+TPJivvhY+YBEbjo=,xcnH5Lvo3I3cqplvg0M19hwtIck=
-5,-9,afX8Q6NsJ01vhGIpWzScODbfjlQ=,WNCxCJY7cuA7lgCQpZQDNV3T6j0=
-5,-6,yz0aVmlHHseA+h/S/Gkp+DFCokE=,9yEAiYQgO1Es5hbkBzDjk77peMU=
-10,-10,afX8Q6NsJ01vhGIpWzScODbfjlQ=,xcnH5Lvo3I3cqplvg0M19hwtIck=
-12,-9,AEJqnV/7VZZoHFJzzRLo7aYt0io=,xcnH5Lvo3I3cqplvg0M19hwtIck=
-5,-11,/B2pkL0SYTx+TPJivvhY+YBEbjo=,WNCxCJY7cuA7lgCQpZQDNV3T6j0=
-8,-8,/W71L2PmDaVU4npo/oFdHdtfxGQ=,9yEAiYQgO1Es5hbkBzDjk77peMU=
-5,-10,AEJqnV/7VZZoHFJzzRLo7aYt0io=,WNCxCJY7cuA7lgCQpZQDNV3T6j0=
-7,-7,/W71L2PmDaVU4npo/oFdHdtfxGQ=,9yEAiYQgO1Es5hbkBzDjk77peMU=
-12,-10,/W71L2PmDaVU4npo/oFdHdtfxGQ=,xcnH5Lvo3I3cqplvg0M19hwtIck=
-10,-11,afX8Q6NsJ01vhGIpWzScODbfjlQ=,xcnH5Lvo3I3cqplvg0M19hwtIck=
-9,-12,AEJqnV/7VZZoHFJzzRLo7aYt0io=,xcnH5Lvo3I3cqplvg0M19hwtIck=
-7,-10,/B2pkL0SYTx+TPJivvhY+YBEbjo=,WNCxCJY7cuA7lgCQpZQDNV3T6j0=
-6,-11,afX8Q6NsJ01vhGIpWzScODbfjlQ=,WNCxCJY7cuA7lgCQpZQDNV3T6j0=
-7,-11,AEJqnV/7VZZoHFJzzRLo7aYt0io=,WNCxCJY7cuA7lgCQpZQDNV3T6j0=
-11,-12,afX8Q6NsJ01vhGIpWzScODbfjlQ=,xcnH5Lvo3I3cqplvg0M19hwtIck=
-12,-11,AEJqnV/7VZZoHFJzzRLo7aYt0io=,xcnH5Lvo3I3cqplvg0M19hwtIck=
-6,-10,AEJqnV/7VZZoHFJzzRLo7aYt0io=,WNCxCJY7cuA7lgCQpZQDNV3T6j0=
-11,-10,afX8Q6NsJ01vhGIpWzScODbfjlQ=,xcnH5Lvo3I3cqplvg0M19hwtIck=
-11,-9,AEJqnV/7VZZoHFJzzRLo7aYt0io=,xcnH5Lvo3I3cqplvg0M19hwtIck=
-6,-7,/W71L2PmDaVU4npo/oFdHdtfxGQ=,9yEAiYQgO1Es5hbkBzDjk77peMU=
-11,-11,AEJqnV/7VZZoHFJzzRLo7aYt0io=,xcnH5Lvo3I3cqplvg0M19hwtIck=
-10,-9,AEJqnV/7VZZoHFJzzRLo7aYt0io=,xcnH5Lvo3I3cqplvg0M19hwtIck=
-9,-1,AEJqnV/7VZZoHFJzzRLo7aYt0io=,5XjIlkjpTXvAjXeY4D9mRp4o1O8=
-1,-10,AEJqnV/7VZZoHFJzzRLo7aYt0io=,WNCxCJY7cuA7lgCQpZQDNV3T6j0=
-4,-12,AEJqnV/7VZZoHFJzzRLo7aYt0io=,WNCxCJY7cuA7lgCQpZQDNV3T6j0=
-4,-10,AEJqnV/7VZZoHFJzzRLo7aYt0io=,WNCxCJY7cuA7lgCQpZQDNV3T6j0=
-7,-3,AEJqnV/7VZZoHFJzzRLo7aYt0io=,9yEAiYQgO1Es5hbkBzDjk77peMU=
-1,-6,AEJqnV/7VZZoHFJzzRLo7aYt0io=,9yEAiYQgO1Es5hbkBzDjk77peMU=
-10,-1,AEJqnV/7VZZoHFJzzRLo7aYt0io=,5XjIlkjpTXvAjXeY4D9mRp4o1O8=
-3,-9,AEJqnV/7VZZoHFJzzRLo7aYt0io=,WNCxCJY7cuA7lgCQpZQDNV3T6j0=
-2,-7,AEJqnV/7VZZoHFJzzRLo7aYt0io=,9yEAiYQgO1Es5hbkBzDjk77peMU=
-6,-3,AEJqnV/7VZZoHFJzzRLo7aYt0io=,9yEAiYQgO1Es5hbkBzDjk77peMU=
-2,-9,AEJqnV/7VZZoHFJzzRLo7aYt0io=,WNCxCJY7cuA7lgCQpZQDNV3T6j0=
-8,-3,AEJqnV/7VZZoHFJzzRLo7aYt0io=,9yEAiYQgO1Es5hbkBzDjk77peMU=
-5,-1,AEJqnV/7VZZoHFJzzRLo7aYt0io=,9yEAiYQgO1Es5hbkBzDjk77peMU=
-8,-4,AEJqnV/7VZZoHFJzzRLo7aYt0io=,9yEAiYQgO1Es5hbkBzDjk77peMU=
-3,-10,AEJqnV/7VZZoHFJzzRLo7aYt0io=,WNCxCJY7cuA7lgCQpZQDNV3T6j0=
-8,-1,AEJqnV/7VZZoHFJzzRLo7aYt0io=,9yEAiYQgO1Es5hbkBzDjk77peMU=
-7,-4,AEJqnV/7VZZoHFJzzRLo7aYt0io=,9yEAiYQgO1Es5hbkBzDjk77peMU=
-4,-9,AEJqnV/7VZZoHFJzzRLo7aYt0io=,WNCxCJY7cuA7lgCQpZQDNV3T6j0=
-1,-9,AEJqnV/7VZZoHFJzzRLo7aYt0io=,WNCxCJY7cuA7lgCQpZQDNV3T6j0=
-1,-12,AEJqnV/7VZZoHFJzzRLo7aYt0io=,WNCxCJY7cuA7lgCQpZQDNV3T6j0=
-2,-10,AEJqnV/7VZZoHFJzzRLo7aYt0io=,WNCxCJY7cuA7lgCQpZQDNV3T6j0=
-2,-12,AEJqnV/7VZZoHFJzzRLo7aYt0io=,WNCxCJY7cuA7lgCQpZQDNV3T6j0=
-6,-4,AEJqnV/7VZZoHFJzzRLo7aYt0io=,9yEAiYQgO1Es5hbkBzDjk77peMU=
-3,-12,AEJqnV/7VZZoHFJzzRLo7aYt0io=,WNCxCJY7cuA7lgCQpZQDNV3T6j0=
-7,-2,AEJqnV/7VZZoHFJzzRLo7aYt0io=,9yEAiYQgO1Es5hbkBzDjk77peMU=
-8,-2,AEJqnV/7VZZoHFJzzRLo7aYt0io=,9yEAiYQgO1Es5hbkBzDjk77peMU=
-1,-11,AEJqnV/7VZZoHFJzzRLo7aYt0io=,WNCxCJY7cuA7lgCQpZQDNV3T6j0=
-2,-11,AEJqnV/7VZZoHFJzzRLo7aYt0io=,WNCxCJY7cuA7lgCQpZQDNV3T6j0=
-4,-11,AEJqnV/7VZZoHFJzzRLo7aYt0io=,WNCxCJY7cuA7lgCQpZQDNV3T6j0=
-3,-11,AEJqnV/7VZZoHFJzzRLo7aYt0io=,WNCxCJY7cuA7lgCQpZQDNV3T6j0=
-1,-8,AEJqnV/7VZZoHFJzzRLo7aYt0io=,9yEAiYQgO1Es5hbkBzDjk77peMU=
-4,-6,AEJqnV/7VZZoHFJzzRLo7aYt0io=,9yEAiYQgO1Es5hbkBzDjk77peMU=
-6,-2,AEJqnV/7VZZoHFJzzRLo7aYt0io=,9yEAiYQgO1Es5hbkBzDjk77peMU=
-2,-6,AEJqnV/7VZZoHFJzzRLo7aYt0io=,9yEAiYQgO1Es5hbkBzDjk77peMU=
-2,-5,AEJqnV/7VZZoHFJzzRLo7aYt0io=,9yEAiYQgO1Es5hbkBzDjk77peMU=
-5,-4,AEJqnV/7VZZoHFJzzRLo7aYt0io=,9yEAiYQgO1Es5hbkBzDjk77peMU=
-4,-5,AEJqnV/7VZZoHFJzzRLo7aYt0io=,9yEAiYQgO1Es5hbkBzDjk77peMU=
-9,-4,AEJqnV/7VZZoHFJzzRLo7aYt0io=,5XjIlkjpTXvAjXeY4D9mRp4o1O8=
-1,-7,AEJqnV/7VZZoHFJzzRLo7aYt0io=,9yEAiYQgO1Es5hbkBzDjk77peMU=
-4,-7,AEJqnV/7VZZoHFJzzRLo7aYt0io=,9yEAiYQgO1Es5hbkBzDjk77peMU=
-1,-5,AEJqnV/7VZZoHFJzzRLo7aYt0io=,9yEAiYQgO1Es5hbkBzDjk77peMU=
-3,-6,AEJqnV/7VZZoHFJzzRLo7aYt0io=,9yEAiYQgO1Es5hbkBzDjk77peMU=
-12,-1,AEJqnV/7VZZoHFJzzRLo7aYt0io=,5XjIlkjpTXvAjXeY4D9mRp4o1O8=
-11,-1,AEJqnV/7VZZoHFJzzRLo7aYt0io=,5XjIlkjpTXvAjXeY4D9mRp4o1O8=
-9,-3,AEJqnV/7VZZoHFJzzRLo7aYt0io=,5XjIlkjpTXvAjXeY4D9mRp4o1O8=
-9,-2,AEJqnV/7VZZoHFJzzRLo7aYt0io=,5XjIlkjpTXvAjXeY4D9mRp4o1O8=
-11,-3,AEJqnV/7VZZoHFJzzRLo7aYt0io=,5XjIlkjpTXvAjXeY4D9mRp4o1O8=
-12,-2,AEJqnV/7VZZoHFJzzRLo7aYt0io=,5XjIlkjpTXvAjXeY4D9mRp4o1O8=
-10,-2,AEJqnV/7VZZoHFJzzRLo7aYt0io=,5XjIlkjpTXvAjXeY4D9mRp4o1O8=
-11,-2,AEJqnV/7VZZoHFJzzRLo7aYt0io=,5XjIlkjpTXvAjXeY4D9mRp4o1O8=
-12,-3,AEJqnV/7VZZoHFJzzRLo7aYt0io=,5XjIlkjpTXvAjXeY4D9mRp4o1O8=
-5,-2,AEJqnV/7VZZoHFJzzRLo7aYt0io=,9yEAiYQgO1Es5hbkBzDjk77peMU=
-10,-3,AEJqnV/7VZZoHFJzzRLo7aYt0io=,5XjIlkjpTXvAjXeY4D9mRp4o1O8=
-10,-4,AEJqnV/7VZZoHFJzzRLo7aYt0io=,5XjIlkjpTXvAjXeY4D9mRp4o1O8=
-3,-5,AEJqnV/7VZZoHFJzzRLo7aYt0io=,9yEAiYQgO1Es5hbkBzDjk77peMU=
-12,-4,AEJqnV/7VZZoHFJzzRLo7aYt0io=,5XjIlkjpTXvAjXeY4D9mRp4o1O8=
-4,-8,AEJqnV/7VZZoHFJzzRLo7aYt0io=,9yEAiYQgO1Es5hbkBzDjk77peMU=
-5,-3,AEJqnV/7VZZoHFJzzRLo7aYt0io=,9yEAiYQgO1Es5hbkBzDjk77peMU=
-11,-4,AEJqnV/7VZZoHFJzzRLo7aYt0io=,5XjIlkjpTXvAjXeY4D9mRp4o1O8=
-3,-7,AEJqnV/7VZZoHFJzzRLo7aYt0io=,9yEAiYQgO1Es5hbkBzDjk77peMU=
-2,-8,AEJqnV/7VZZoHFJzzRLo7aYt0io=,9yEAiYQgO1Es5hbkBzDjk77peMU=
-3,-8,AEJqnV/7VZZoHFJzzRLo7aYt0io=,9yEAiYQgO1Es5hbkBzDjk77peMU=
-7,-1,AEJqnV/7VZZoHFJzzRLo7aYt0io=,9yEAiYQgO1Es5hbkBzDjk77peMU=
-6,-1,AEJqnV/7VZZoHFJzzRLo7aYt0io=,9yEAiYQgO1Es5hbkBzDjk77peMU=
-13,-4,AEJqnV/7VZZoHFJzzRLo7aYt0io=,5XjIlkjpTXvAjXeY4D9mRp4o1O8=
-13,-3,AEJqnV/7VZZoHFJzzRLo7aYt0io=,5XjIlkjpTXvAjXeY4D9mRp4o1O8=
-15,-3,AEJqnV/7VZZoHFJzzRLo7aYt0io=,5XjIlkjpTXvAjXeY4D9mRp4o1O8=
-16,-2,AEJqnV/7VZZoHFJzzRLo7aYt0io=,5XjIlkjpTXvAjXeY4D9mRp4o1O8=
-16,-9,AEJqnV/7VZZoHFJzzRLo7aYt0io=,xcnH5Lvo3I3cqplvg0M19hwtIck=
-15,-12,AEJqnV/7VZZoHFJzzRLo7aYt0io=,xcnH5Lvo3I3cqplvg0M19hwtIck=
-14,-2,AEJqnV/7VZZoHFJzzRLo7aYt0io=,5XjIlkjpTXvAjXeY4D9mRp4o1O8=
-16,-10,AEJqnV/7VZZoHFJzzRLo7aYt0io=,xcnH5Lvo3I3cqplvg0M19hwtIck=
-14,-3,AEJqnV/7VZZoHFJzzRLo7aYt0io=,5XjIlkjpTXvAjXeY4D9mRp4o1O8=
-13,-2,AEJqnV/7VZZoHFJzzRLo7aYt0io=,5XjIlkjpTXvAjXeY4D9mRp4o1O8=
-15,-4,AEJqnV/7VZZoHFJzzRLo7aYt0io=,5XjIlkjpTXvAjXeY4D9mRp4o1O8=
-16,-8,AEJqnV/7VZZoHFJzzRLo7aYt0io=,5XjIlkjpTXvAjXeY4D9mRp4o1O8=
-15,-2,AEJqnV/7VZZoHFJzzRLo7aYt0io=,5XjIlkjpTXvAjXeY4D9mRp4o1O8=
-15,-1,AEJqnV/7VZZoHFJzzRLo7aYt0io=,5XjIlkjpTXvAjXeY4D9mRp4o1O8=
-14,-4,AEJqnV/7VZZoHFJzzRLo7aYt0io=,5XjIlkjpTXvAjXeY4D9mRp4o1O8=
-13,-1,AEJqnV/7VZZoHFJzzRLo7aYt0io=,5XjIlkjpTXvAjXeY4D9mRp4o1O8=
-14,-1,AEJqnV/7VZZoHFJzzRLo7aYt0io=,5XjIlkjpTXvAjXeY4D9mRp4o1O8=
-16,-4,AEJqnV/7VZZoHFJzzRLo7aYt0io=,5XjIlkjpTXvAjXeY4D9mRp4o1O8=
-16,-3,AEJqnV/7VZZoHFJzzRLo7aYt0io=,5XjIlkjpTXvAjXeY4D9mRp4o1O8=
-16,-1,AEJqnV/7VZZoHFJzzRLo7aYt0io=,5XjIlkjpTXvAjXeY4D9mRp4o1O8=
-14,-12,AEJqnV/7VZZoHFJzzRLo7aYt0io=,xcnH5Lvo3I3cqplvg0M19hwtIck=
-15,-11,AEJqnV/7VZZoHFJzzRLo7aYt0io=,xcnH5Lvo3I3cqplvg0M19hwtIck=
-13,-11,AEJqnV/7VZZoHFJzzRLo7aYt0io=,xcnH5Lvo3I3cqplvg0M19hwtIck=
-13,-12,AEJqnV/7VZZoHFJzzRLo7aYt0io=,xcnH5Lvo3I3cqplvg0M19hwtIck=
-13,-10,AEJqnV/7VZZoHFJzzRLo7aYt0io=,xcnH5Lvo3I3cqplvg0M19hwtIck=
-16,-11,AEJqnV/7VZZoHFJzzRLo7aYt0io=,xcnH5Lvo3I3cqplvg0M19hwtIck=
-15,-10,AEJqnV/7VZZoHFJzzRLo7aYt0io=,xcnH5Lvo3I3cqplvg0M19hwtIck=
-13,-7,AEJqnV/7VZZoHFJzzRLo7aYt0io=,5XjIlkjpTXvAjXeY4D9mRp4o1O8=
-13,-6,AEJqnV/7VZZoHFJzzRLo7aYt0io=,5XjIlkjpTXvAjXeY4D9mRp4o1O8=
-14,-9,AEJqnV/7VZZoHFJzzRLo7aYt0io=,xcnH5Lvo3I3cqplvg0M19hwtIck=
-14,-10,AEJqnV/7VZZoHFJzzRLo7aYt0io=,xcnH5Lvo3I3cqplvg0M19hwtIck=
-13,-5,AEJqnV/7VZZoHFJzzRLo7aYt0io=,5XjIlkjpTXvAjXeY4D9mRp4o1O8=
-14,-7,AEJqnV/7VZZoHFJzzRLo7aYt0io=,5XjIlkjpTXvAjXeY4D9mRp4o1O8=
-15,-5,AEJqnV/7VZZoHFJzzRLo7aYt0io=,5XjIlkjpTXvAjXeY4D9mRp4o1O8=
-15,-9,AEJqnV/7VZZoHFJzzRLo7aYt0io=,xcnH5Lvo3I3cqplvg0M19hwtIck=
-14,-11,AEJqnV/7VZZoHFJzzRLo7aYt0io=,xcnH5Lvo3I3cqplvg0M19hwtIck=
-16,-12,AEJqnV/7VZZoHFJzzRLo7aYt0io=,xcnH5Lvo3I3cqplvg0M19hwtIck=
-14,-6,AEJqnV/7VZZoHFJzzRLo7aYt0io=,5XjIlkjpTXvAjXeY4D9mRp4o1O8=
-13,-9,AEJqnV/7VZZoHFJzzRLo7aYt0io=,xcnH5Lvo3I3cqplvg0M19hwtIck=
-13,-8,AEJqnV/7VZZoHFJzzRLo7aYt0io=,5XjIlkjpTXvAjXeY4D9mRp4o1O8=
-14,-8,AEJqnV/7VZZoHFJzzRLo7aYt0io=,5XjIlkjpTXvAjXeY4D9mRp4o1O8=
-14,-5,AEJqnV/7VZZoHFJzzRLo7aYt0io=,5XjIlkjpTXvAjXeY4D9mRp4o1O8=
-15,-6,AEJqnV/7VZZoHFJzzRLo7aYt0io=,5XjIlkjpTXvAjXeY4D9mRp4o1O8=
-16,-6,AEJqnV/7VZZoHFJzzRLo7aYt0io=,5XjIlkjpTXvAjXeY4D9mRp4o1O8=
-15,-7,AEJqnV/7VZZoHFJzzRLo7aYt0io=,5XjIlkjpTXvAjXeY4D9mRp4o1O8=
-16,-5,AEJqnV/7VZZoHFJzzRLo7aYt0io=,5XjIlkjpTXvAjXeY4D9mRp4o1O8=
-15,-8,AEJqnV/7VZZoHFJzzRLo7aYt0io=,5XjIlkjpTXvAjXeY4D9mRp4o1O8=
-16,-7,AEJqnV/7VZZoHFJzzRLo7aYt0io=,5XjIlkjpTXvAjXeY4D9mRp4o1O8=
-13,-16,AEJqnV/7VZZoHFJzzRLo7aYt0io=,xcnH5Lvo3I3cqplvg0M19hwtIck=
-10,-16,AEJqnV/7VZZoHFJzzRLo7aYt0io=,xcnH5Lvo3I3cqplvg0M19hwtIck=
-10,-14,AEJqnV/7VZZoHFJzzRLo7aYt0io=,xcnH5Lvo3I3cqplvg0M19hwtIck=
-1,-3,AEJqnV/7VZZoHFJzzRLo7aYt0io=,9yEAiYQgO1Es5hbkBzDjk77peMU=
-14,-16,AEJqnV/7VZZoHFJzzRLo7aYt0io=,xcnH5Lvo3I3cqplvg0M19hwtIck=
-9,-16,AEJqnV/7VZZoHFJzzRLo7aYt0io=,xcnH5Lvo3I3cqplvg0M19hwtIck=
-1,-1,AEJqnV/7VZZoHFJzzRLo7aYt0io=,9yEAiYQgO1Es5hbkBzDjk77peMU=
-8,-16,AEJqnV/7VZZoHFJzzRLo7aYt0io=,WNCxCJY7cuA7lgCQpZQDNV3T6j0=
-12,-13,AEJqnV/7VZZoHFJzzRLo7aYt0io=,xcnH5Lvo3I3cqplvg0M19hwtIck=
-11,-14,AEJqnV/7VZZoHFJzzRLo7aYt0io=,xcnH5Lvo3I3cqplvg0M19hwtIck=
-1,-16,AEJqnV/7VZZoHFJzzRLo7aYt0io=,WNCxCJY7cuA7lgCQpZQDNV3T6j0=
-11,-16,AEJqnV/7VZZoHFJzzRLo7aYt0io=,xcnH5Lvo3I3cqplvg0M19hwtIck=
-12,-14,AEJqnV/7VZZoHFJzzRLo7aYt0io=,xcnH5Lvo3I3cqplvg0M19hwtIck=
-11,-13,AEJqnV/7VZZoHFJzzRLo7aYt0io=,xcnH5Lvo3I3cqplvg0M19hwtIck=
-15,-16,AEJqnV/7VZZoHFJzzRLo7aYt0io=,xcnH5Lvo3I3cqplvg0M19hwtIck=
-3,-16,AEJqnV/7VZZoHFJzzRLo7aYt0io=,WNCxCJY7cuA7lgCQpZQDNV3T6j0=
-3,-4,AEJqnV/7VZZoHFJzzRLo7aYt0io=,9yEAiYQgO1Es5hbkBzDjk77peMU=
-12,-16,AEJqnV/7VZZoHFJzzRLo7aYt0io=,xcnH5Lvo3I3cqplvg0M19hwtIck=
-3,-3,AEJqnV/7VZZoHFJzzRLo7aYt0io=,9yEAiYQgO1Es5hbkBzDjk77peMU=
-4,-4,AEJqnV/7VZZoHFJzzRLo7aYt0io=,9yEAiYQgO1Es5hbkBzDjk77peMU=
-6,-14,AEJqnV/7VZZoHFJzzRLo7aYt0io=,WNCxCJY7cuA7lgCQpZQDNV3T6j0=
-10,-13,AEJqnV/7VZZoHFJzzRLo7aYt0io=,xcnH5Lvo3I3cqplvg0M19hwtIck=
-3,-14,AEJqnV/7VZZoHFJzzRLo7aYt0io=,WNCxCJY7cuA7lgCQpZQDNV3T6j0=
-9,-14,AEJqnV/7VZZoHFJzzRLo7aYt0io=,xcnH5Lvo3I3cqplvg0M19hwtIck=
-4,-14,AEJqnV/7VZZoHFJzzRLo7aYt0io=,WNCxCJY7cuA7lgCQpZQDNV3T6j0=
-8,-14,AEJqnV/7VZZoHFJzzRLo7aYt0io=,WNCxCJY7cuA7lgCQpZQDNV3T6j0=
-12,-15,AEJqnV/7VZZoHFJzzRLo7aYt0io=,xcnH5Lvo3I3cqplvg0M19hwtIck=
-2,-14,AEJqnV/7VZZoHFJzzRLo7aYt0io=,WNCxCJY7cuA7lgCQpZQDNV3T6j0=
-5,-14,AEJqnV/7VZZoHFJzzRLo7aYt0io=,WNCxCJY7cuA7lgCQpZQDNV3T6j0=
-2,-2,AEJqnV/7VZZoHFJzzRLo7aYt0io=,9yEAiYQgO1Es5hbkBzDjk77peMU=
-8,-15,AEJqnV/7VZZoHFJzzRLo7aYt0io=,WNCxCJY7cuA7lgCQpZQDNV3T6j0=
-16,-15,AEJqnV/7VZZoHFJzzRLo7aYt0io=,xcnH5Lvo3I3cqplvg0M19hwtIck=
-6,-15,AEJqnV/7VZZoHFJzzRLo7aYt0io=,WNCxCJY7cuA7lgCQpZQDNV3T6j0=
-7,-16,AEJqnV/7VZZoHFJzzRLo7aYt0io=,WNCxCJY7cuA7lgCQpZQDNV3T6j0=
-4,-2,AEJqnV/7VZZoHFJzzRLo7aYt0io=,9yEAiYQgO1Es5hbkBzDjk77peMU=
-7,-15,AEJqnV/7VZZoHFJzzRLo7aYt0io=,WNCxCJY7cuA7lgCQpZQDNV3T6j0=
-15,-13,AEJqnV/7VZZoHFJzzRLo7aYt0io=,xcnH5Lvo3I3cqplvg0M19hwtIck=
-1,-15,AEJqnV/7VZZoHFJzzRLo7aYt0io=,WNCxCJY7cuA7lgCQpZQDNV3T6j0=
-2,-3,AEJqnV/7VZZoHFJzzRLo7aYt0io=,9yEAiYQgO1Es5hbkBzDjk77peMU=
-4,-3,AEJqnV/7VZZoHFJzzRLo7aYt0io=,9yEAiYQgO1Es5hbkBzDjk77peMU=
-14,-13,AEJqnV/7VZZoHFJzzRLo7aYt0io=,xcnH5Lvo3I3cqplvg0M19hwtIck=
-3,-13,AEJqnV/7VZZoHFJzzRLo7aYt0io=,WNCxCJY7cuA7lgCQpZQDNV3T6j0=
-9,-13,AEJqnV/7VZZoHFJzzRLo7aYt0io=,xcnH5Lvo3I3cqplvg0M19hwtIck=
-5,-13,AEJqnV/7VZZoHFJzzRLo7aYt0io=,WNCxCJY7cuA7lgCQpZQDNV3T6j0=
-13,-13,AEJqnV/7VZZoHFJzzRLo7aYt0io=,xcnH5Lvo3I3cqplvg0M19hwtIck=
-6,-13,AEJqnV/7VZZoHFJzzRLo7aYt0io=,WNCxCJY7cuA7lgCQpZQDNV3T6j0=
-15,-15,AEJqnV/7VZZoHFJzzRLo7aYt0io=,xcnH5Lvo3I3cqplvg0M19hwtIck=
-5,-16,AEJqnV/7VZZoHFJzzRLo7aYt0io=,WNCxCJY7cuA7lgCQpZQDNV3T6j0=
-5,-15,AEJqnV/7VZZoHFJzzRLo7aYt0io=,WNCxCJY7cuA7lgCQpZQDNV3T6j0=
-14,-15,AEJqnV/7VZZoHFJzzRLo7aYt0io=,xcnH5Lvo3I3cqplvg0M19hwtIck=
-3,-15,AEJqnV/7VZZoHFJzzRLo7aYt0io=,WNCxCJY7cuA7lgCQpZQDNV3T6j0=
-2,-4,AEJqnV/7VZZoHFJzzRLo7aYt0io=,9yEAiYQgO1Es5hbkBzDjk77peMU=
-3,-2,AEJqnV/7VZZoHFJzzRLo7aYt0io=,9yEAiYQgO1Es5hbkBzDjk77peMU=
-13,-15,AEJqnV/7VZZoHFJzzRLo7aYt0io=,xcnH5Lvo3I3cqplvg0M19hwtIck=
-15,-14,AEJqnV/7VZZoHFJzzRLo7aYt0io=,xcnH5Lvo3I3cqplvg0M19hwtIck=
-4,-15,AEJqnV/7VZZoHFJzzRLo7aYt0io=,WNCxCJY7cuA7lgCQpZQDNV3T6j0=
-14,-14,AEJqnV/7VZZoHFJzzRLo7aYt0io=,xcnH5Lvo3I3cqplvg0M19hwtIck=
-4,-16,AEJqnV/7VZZoHFJzzRLo7aYt0io=,WNCxCJY7cuA7lgCQpZQDNV3T6j0=
-2,-15,AEJqnV/7VZZoHFJzzRLo7aYt0io=,WNCxCJY7cuA7lgCQpZQDNV3T6j0=
-16,-13,AEJqnV/7VZZoHFJzzRLo7aYt0io=,xcnH5Lvo3I3cqplvg0M19hwtIck=
-1,-13,AEJqnV/7VZZoHFJzzRLo7aYt0io=,WNCxCJY7cuA7lgCQpZQDNV3T6j0=
-7,-14,AEJqnV/7VZZoHFJzzRLo7aYt0io=,WNCxCJY7cuA7lgCQpZQDNV3T6j0=
-13,-14,AEJqnV/7VZZoHFJzzRLo7aYt0io=,xcnH5Lvo3I3cqplvg0M19hwtIck=
-16,-14,AEJqnV/7VZZoHFJzzRLo7aYt0io=,xcnH5Lvo3I3cqplvg0M19hwtIck=
-2,-1,AEJqnV/7VZZoHFJzzRLo7aYt0io=,9yEAiYQgO1Es5hbkBzDjk77peMU=
-16,-16,AEJqnV/7VZZoHFJzzRLo7aYt0io=,xcnH5Lvo3I3cqplvg0M19hwtIck=
-10,-15,AEJqnV/7VZZoHFJzzRLo7aYt0io=,xcnH5Lvo3I3cqplvg0M19hwtIck=
-2,-16,AEJqnV/7VZZoHFJzzRLo7aYt0io=,WNCxCJY7cuA7lgCQpZQDNV3T6j0=
-8,-13,AEJqnV/7VZZoHFJzzRLo7aYt0io=,WNCxCJY7cuA7lgCQpZQDNV3T6j0=
-1,-2,AEJqnV/7VZZoHFJzzRLo7aYt0io=,9yEAiYQgO1Es5hbkBzDjk77peMU=
-11,-15,AEJqnV/7VZZoHFJzzRLo7aYt0io=,xcnH5Lvo3I3cqplvg0M19hwtIck=
-7,-13,AEJqnV/7VZZoHFJzzRLo7aYt0io=,WNCxCJY7cuA7lgCQpZQDNV3T6j0=
-4,-13,AEJqnV/7VZZoHFJzzRLo7aYt0io=,WNCxCJY7cuA7lgCQpZQDNV3T6j0=
-9,-15,AEJqnV/7VZZoHFJzzRLo7aYt0io=,xcnH5Lvo3I3cqplvg0M19hwtIck=
-3,-1,AEJqnV/7VZZoHFJzzRLo7aYt0io=,9yEAiYQgO1Es5hbkBzDjk77peMU=
-2,-13,AEJqnV/7VZZoHFJzzRLo7aYt0io=,WNCxCJY7cuA7lgCQpZQDNV3T6j0=
-6,-16,AEJqnV/7VZZoHFJzzRLo7aYt0io=,WNCxCJY7cuA7lgCQpZQDNV3T6j0=
-1,-4,AEJqnV/7VZZoHFJzzRLo7aYt0io=,9yEAiYQgO1Es5hbkBzDjk77peMU=
-1,-14,AEJqnV/7VZZoHFJzzRLo7aYt0io=,WNCxCJY7cuA7lgCQpZQDNV3T6j0=
-4,-1,AEJqnV/7VZZoHFJzzRLo7aYt0io=,9yEAiYQgO1Es5hbkBzDjk77peMU=
-5,-25,lXtYXEgKOYhhjljKh9lQxMJ038g=,s1Vtj8LcN4ZK4xpNc+MlQnd7P4E=
-11,-28,lXtYXEgKOYhhjljKh9lQxMJ038g=,Z2J2ikfVGBWWAcw18iBtLgxtxAw=
-12,-26,lXtYXEgKOYhhjljKh9lQxMJ038g=,Z2J2ikfVGBWWAcw18iBtLgxtxAw=
-9,-27,lXtYXEgKOYhhjljKh9lQxMJ038g=,Z2J2ikfVGBWWAcw18iBtLgxtxAw=
-11,-27,KFf47m8/CGyqrL207UAcWCaG3N8=,Z2J2ikfVGBWWAcw18iBtLgxtxAw=
-11,-26,KFf47m8/CGyqrL207UAcWCaG3N8=,Z2J2ikfVGBWWAcw18iBtLgxtxAw=
-9,-28,owJjbs/kfxLEngQH59qn74MTnpg=,Z2J2ikfVGBWWAcw18iBtLgxtxAw=
-12,-27,owJjbs/kfxLEngQH59qn74MTnpg=,Z2J2ikfVGBWWAcw18iBtLgxtxAw=
-8,-25,c4or1fpjl6yakPryld8hJ+EDdCY=,s1Vtj8LcN4ZK4xpNc+MlQnd7P4E=
-10,-26,c4or1fpjl6yakPryld8hJ+EDdCY=,Z2J2ikfVGBWWAcw18iBtLgxtxAw=
-9,-26,c4or1fpjl6yakPryld8hJ+EDdCY=,Z2J2ikfVGBWWAcw18iBtLgxtxAw=
-9,-25,c4or1fpjl6yakPryld8hJ+EDdCY=,Z2J2ikfVGBWWAcw18iBtLgxtxAw=
-10,-28,c4or1fpjl6yakPryld8hJ+EDdCY=,Z2J2ikfVGBWWAcw18iBtLgxtxAw=
-12,-28,c4or1fpjl6yakPryld8hJ+EDdCY=,Z2J2ikfVGBWWAcw18iBtLgxtxAw=
-10,-27,c4or1fpjl6yakPryld8hJ+EDdCY=,Z2J2ikfVGBWWAcw18iBtLgxtxAw=
-10,-25,c4or1fpjl6yakPryld8hJ+EDdCY=,Z2J2ikfVGBWWAcw18iBtLgxtxAw=
-12,-25,c4or1fpjl6yakPryld8hJ+EDdCY=,Z2J2ikfVGBWWAcw18iBtLgxtxAw=
-6,-21,I5mzej765WC4B3S33+tog2MJZ/Q=,1ipzAkeUkBoEAWXTghCGEkuSVVs=
-7,-28,c4or1fpjl6yakPryld8hJ+EDdCY=,s1Vtj8LcN4ZK4xpNc+MlQnd7P4E=
-6,-24,I5mzej765WC4B3S33+tog2MJZ/Q=,1ipzAkeUkBoEAWXTghCGEkuSVVs=
-11,-25,c4or1fpjl6yakPryld8hJ+EDdCY=,Z2J2ikfVGBWWAcw18iBtLgxtxAw=
-7,-24,I5mzej765WC4B3S33+tog2MJZ/Q=,1ipzAkeUkBoEAWXTghCGEkuSVVs=
-6,-28,c4or1fpjl6yakPryld8hJ+EDdCY=,s1Vtj8LcN4ZK4xpNc+MlQnd7P4E=
-12,-22,F9DWfEPJzU19Q0RTC7cjc9nGgLo=,/NI2ZrAKdnykla9xilrn2JDJEc0=
-5,-21,I5mzej765WC4B3S33+tog2MJZ/Q=,1ipzAkeUkBoEAWXTghCGEkuSVVs=
-9,-23,F9DWfEPJzU19Q0RTC7cjc9nGgLo=,/NI2ZrAKdnykla9xilrn2JDJEc0=
-6,-23,I5mzej765WC4B3S33+tog2MJZ/Q=,1ipzAkeUkBoEAWXTghCGEkuSVVs=
-5,-24,I5mzej765WC4B3S33+tog2MJZ/Q=,1ipzAkeUkBoEAWXTghCGEkuSVVs=
-7,-22,I5mzej765WC4B3S33+tog2MJZ/Q=,1ipzAkeUkBoEAWXTghCGEkuSVVs=
-7,-23,I5mzej765WC4B3S33+tog2MJZ/Q=,1ipzAkeUkBoEAWXTghCGEkuSVVs=
-10,-23,F9DWfEPJzU19Q0RTC7cjc9nGgLo=,/NI2ZrAKdnykla9xilrn2JDJEc0=
-6,-22,I5mzej765WC4B3S33+tog2MJZ/Q=,1ipzAkeUkBoEAWXTghCGEkuSVVs=
-5,-23,I5mzej765WC4B3S33+tog2MJZ/Q=,1ipzAkeUkBoEAWXTghCGEkuSVVs=
-6,-27,d2lU7IL/Kb0e/EWMprZ/VeDY9AM=,s1Vtj8LcN4ZK4xpNc+MlQnd7P4E=
-11,-23,F9DWfEPJzU19Q0RTC7cjc9nGgLo=,/NI2ZrAKdnykla9xilrn2JDJEc0=
-9,-24,vNC9/ssYTZewkM0PZC70H5Ty2y4=,/NI2ZrAKdnykla9xilrn2JDJEc0=
-5,-22,I5mzej765WC4B3S33+tog2MJZ/Q=,1ipzAkeUkBoEAWXTghCGEkuSVVs=
-7,-27,JmK91/KQKmvwmG2LMgfsPG0Pf2E=,s1Vtj8LcN4ZK4xpNc+MlQnd7P4E=
-5,-27,JmK91/KQKmvwmG2LMgfsPG0Pf2E=,s1Vtj8LcN4ZK4xpNc+MlQnd7P4E=
-8,-21,I5mzej765WC4B3S33+tog2MJZ/Q=,1ipzAkeUkBoEAWXTghCGEkuSVVs=
-11,-22,F9DWfEPJzU19Q0RTC7cjc9nGgLo=,/NI2ZrAKdnykla9xilrn2JDJEc0=
-5,-28,kbELgZnembk2nnGG9Xqek2j02jE=,s1Vtj8LcN4ZK4xpNc+MlQnd7P4E=
-11,-24,vNC9/ssYTZewkM0PZC70H5Ty2y4=,/NI2ZrAKdnykla9xilrn2JDJEc0=
-7,-21,I5mzej765WC4B3S33+tog2MJZ/Q=,1ipzAkeUkBoEAWXTghCGEkuSVVs=
-8,-28,Q723ab87SSY+1u7B8IAiEfeE5nI=,s1Vtj8LcN4ZK4xpNc+MlQnd7P4E=
-8,-27,k8hROps3RsSXuupVigZ88w4HD74=,s1Vtj8LcN4ZK4xpNc+MlQnd7P4E=
-5,-26,k8hROps3RsSXuupVigZ88w4HD74=,s1Vtj8LcN4ZK4xpNc+MlQnd7P4E=
-10,-21,F9DWfEPJzU19Q0RTC7cjc9nGgLo=,/NI2ZrAKdnykla9xilrn2JDJEc0=
-12,-23,F9DWfEPJzU19Q0RTC7cjc9nGgLo=,/NI2ZrAKdnykla9xilrn2JDJEc0=
-7,-26,tnfFkxgJcVfTd8JK4keWkO/XHW4=,s1Vtj8LcN4ZK4xpNc+MlQnd7P4E=
-9,-21,F9DWfEPJzU19Q0RTC7cjc9nGgLo=,/NI2ZrAKdnykla9xilrn2JDJEc0=
-10,-24,vNC9/ssYTZewkM0PZC70H5Ty2y4=,/NI2ZrAKdnykla9xilrn2JDJEc0=
-6,-26,tnfFkxgJcVfTd8JK4keWkO/XHW4=,s1Vtj8LcN4ZK4xpNc+MlQnd7P4E=
-11,-21,F9DWfEPJzU19Q0RTC7cjc9nGgLo=,/NI2ZrAKdnykla9xilrn2JDJEc0=
-8,-22,I5mzej765WC4B3S33+tog2MJZ/Q=,1ipzAkeUkBoEAWXTghCGEkuSVVs=
-8,-23,I5mzej765WC4B3S33+tog2MJZ/Q=,1ipzAkeUkBoEAWXTghCGEkuSVVs=
-12,-21,F9DWfEPJzU19Q0RTC7cjc9nGgLo=,/NI2ZrAKdnykla9xilrn2JDJEc0=
-7,-25,tnfFkxgJcVfTd8JK4keWkO/XHW4=,s1Vtj8LcN4ZK4xpNc+MlQnd7P4E=
-12,-24,F9DWfEPJzU19Q0RTC7cjc9nGgLo=,/NI2ZrAKdnykla9xilrn2JDJEc0=
-8,-26,tnfFkxgJcVfTd8JK4keWkO/XHW4=,s1Vtj8LcN4ZK4xpNc+MlQnd7P4E=
-9,-22,F9DWfEPJzU19Q0RTC7cjc9nGgLo=,/NI2ZrAKdnykla9xilrn2JDJEc0=
-6,-25,tnfFkxgJcVfTd8JK4keWkO/XHW4=,s1Vtj8LcN4ZK4xpNc+MlQnd7P4E=
-8,-24,I5mzej765WC4B3S33+tog2MJZ/Q=,1ipzAkeUkBoEAWXTghCGEkuSVVs=
-10,-22,F9DWfEPJzU19Q0RTC7cjc9nGgLo=,/NI2ZrAKdnykla9xilrn2JDJEc0=
-1,-26,tnfFkxgJcVfTd8JK4keWkO/XHW4=,s1Vtj8LcN4ZK4xpNc+MlQnd7P4E=
-1,-25,tnfFkxgJcVfTd8JK4keWkO/XHW4=,s1Vtj8LcN4ZK4xpNc+MlQnd7P4E=
-2,-28,tnfFkxgJcVfTd8JK4keWkO/XHW4=,s1Vtj8LcN4ZK4xpNc+MlQnd7P4E=
-3,-28,tnfFkxgJcVfTd8JK4keWkO/XHW4=,s1Vtj8LcN4ZK4xpNc+MlQnd7P4E=
-4,-28,tnfFkxgJcVfTd8JK4keWkO/XHW4=,s1Vtj8LcN4ZK4xpNc+MlQnd7P4E=
-3,-27,tnfFkxgJcVfTd8JK4keWkO/XHW4=,s1Vtj8LcN4ZK4xpNc+MlQnd7P4E=
-4,-27,tnfFkxgJcVfTd8JK4keWkO/XHW4=,s1Vtj8LcN4ZK4xpNc+MlQnd7P4E=
-1,-27,tnfFkxgJcVfTd8JK4keWkO/XHW4=,s1Vtj8LcN4ZK4xpNc+MlQnd7P4E=
-4,-26,tnfFkxgJcVfTd8JK4keWkO/XHW4=,s1Vtj8LcN4ZK4xpNc+MlQnd7P4E=
-2,-27,tnfFkxgJcVfTd8JK4keWkO/XHW4=,s1Vtj8LcN4ZK4xpNc+MlQnd7P4E=
-1,-28,tnfFkxgJcVfTd8JK4keWkO/XHW4=,s1Vtj8LcN4ZK4xpNc+MlQnd7P4E=
-3,-26,tnfFkxgJcVfTd8JK4keWkO/XHW4=,s1Vtj8LcN4ZK4xpNc+MlQnd7P4E=
-1,-24,I5mzej765WC4B3S33+tog2MJZ/Q=,1ipzAkeUkBoEAWXTghCGEkuSVVs=
-4,-21,I5mzej765WC4B3S33+tog2MJZ/Q=,1ipzAkeUkBoEAWXTghCGEkuSVVs=
-4,-23,I5mzej765WC4B3S33+tog2MJZ/Q=,1ipzAkeUkBoEAWXTghCGEkuSVVs=
-2,-25,tnfFkxgJcVfTd8JK4keWkO/XHW4=,s1Vtj8LcN4ZK4xpNc+MlQnd7P4E=
-3,-23,I5mzej765WC4B3S33+tog2MJZ/Q=,1ipzAkeUkBoEAWXTghCGEkuSVVs=
-3,-25,tnfFkxgJcVfTd8JK4keWkO/XHW4=,s1Vtj8LcN4ZK4xpNc+MlQnd7P4E=
-2,-23,I5mzej765WC4B3S33+tog2MJZ/Q=,1ipzAkeUkBoEAWXTghCGEkuSVVs=
-2,-21,I5mzej765WC4B3S33+tog2MJZ/Q=,1ipzAkeUkBoEAWXTghCGEkuSVVs=
-4,-24,Dd4UosaLWvAKbIu7DKOmvVdF/Nk=,1ipzAkeUkBoEAWXTghCGEkuSVVs=
-3,-24,I5mzej765WC4B3S33+tog2MJZ/Q=,1ipzAkeUkBoEAWXTghCGEkuSVVs=
-4,-25,tnfFkxgJcVfTd8JK4keWkO/XHW4=,s1Vtj8LcN4ZK4xpNc+MlQnd7P4E=
-2,-26,tnfFkxgJcVfTd8JK4keWkO/XHW4=,s1Vtj8LcN4ZK4xpNc+MlQnd7P4E=
-2,-24,I5mzej765WC4B3S33+tog2MJZ/Q=,1ipzAkeUkBoEAWXTghCGEkuSVVs=
-2,-22,I5mzej765WC4B3S33+tog2MJZ/Q=,1ipzAkeUkBoEAWXTghCGEkuSVVs=
-3,-21,I5mzej765WC4B3S33+tog2MJZ/Q=,1ipzAkeUkBoEAWXTghCGEkuSVVs=
-1,-21,I5mzej765WC4B3S33+tog2MJZ/Q=,1ipzAkeUkBoEAWXTghCGEkuSVVs=
-4,-22,I5mzej765WC4B3S33+tog2MJZ/Q=,1ipzAkeUkBoEAWXTghCGEkuSVVs=
-3,-22,I5mzej765WC4B3S33+tog2MJZ/Q=,1ipzAkeUkBoEAWXTghCGEkuSVVs=
-1,-23,I5mzej765WC4B3S33+tog2MJZ/Q=,1ipzAkeUkBoEAWXTghCGEkuSVVs=
-1,-22,I5mzej765WC4B3S33+tog2MJZ/Q=,1ipzAkeUkBoEAWXTghCGEkuSVVs=
-15,-27,tnfFkxgJcVfTd8JK4keWkO/XHW4=,Z2J2ikfVGBWWAcw18iBtLgxtxAw=
-15,-28,tnfFkxgJcVfTd8JK4keWkO/XHW4=,Z2J2ikfVGBWWAcw18iBtLgxtxAw=
-13,-26,tnfFkxgJcVfTd8JK4keWkO/XHW4=,Z2J2ikfVGBWWAcw18iBtLgxtxAw=
-15,-26,tnfFkxgJcVfTd8JK4keWkO/XHW4=,Z2J2ikfVGBWWAcw18iBtLgxtxAw=
-13,-27,tnfFkxgJcVfTd8JK4keWkO/XHW4=,Z2J2ikfVGBWWAcw18iBtLgxtxAw=
-14,-27,tnfFkxgJcVfTd8JK4keWkO/XHW4=,Z2J2ikfVGBWWAcw18iBtLgxtxAw=
-15,-23,F9DWfEPJzU19Q0RTC7cjc9nGgLo=,/NI2ZrAKdnykla9xilrn2JDJEc0=
-14,-28,tnfFkxgJcVfTd8JK4keWkO/XHW4=,Z2J2ikfVGBWWAcw18iBtLgxtxAw=
-13,-25,tnfFkxgJcVfTd8JK4keWkO/XHW4=,Z2J2ikfVGBWWAcw18iBtLgxtxAw=
-14,-26,tnfFkxgJcVfTd8JK4keWkO/XHW4=,Z2J2ikfVGBWWAcw18iBtLgxtxAw=
-5,-17,I5mzej765WC4B3S33+tog2MJZ/Q=,1ipzAkeUkBoEAWXTghCGEkuSVVs=
-13,-28,tnfFkxgJcVfTd8JK4keWkO/XHW4=,Z2J2ikfVGBWWAcw18iBtLgxtxAw=
-11,-18,F9DWfEPJzU19Q0RTC7cjc9nGgLo=,/NI2ZrAKdnykla9xilrn2JDJEc0=
-9,-19,F9DWfEPJzU19Q0RTC7cjc9nGgLo=,/NI2ZrAKdnykla9xilrn2JDJEc0=
-12,-18,F9DWfEPJzU19Q0RTC7cjc9nGgLo=,/NI2ZrAKdnykla9xilrn2JDJEc0=
-3,-19,I5mzej765WC4B3S33+tog2MJZ/Q=,1ipzAkeUkBoEAWXTghCGEkuSVVs=
-11,-19,F9DWfEPJzU19Q0RTC7cjc9nGgLo=,/NI2ZrAKdnykla9xilrn2JDJEc0=
-10,-18,F9DWfEPJzU19Q0RTC7cjc9nGgLo=,/NI2ZrAKdnykla9xilrn2JDJEc0=
-15,-24,F9DWfEPJzU19Q0RTC7cjc9nGgLo=,/NI2ZrAKdnykla9xilrn2JDJEc0=
-13,-24,F9DWfEPJzU19Q0RTC7cjc9nGgLo=,/NI2ZrAKdnykla9xilrn2JDJEc0=
-4,-19,I5mzej765WC4B3S33+tog2MJZ/Q=,1ipzAkeUkBoEAWXTghCGEkuSVVs=
-9,-18,F9DWfEPJzU19Q0RTC7cjc9nGgLo=,/NI2ZrAKdnykla9xilrn2JDJEc0=
-16,-24,F9DWfEPJzU19Q0RTC7cjc9nGgLo=,/NI2ZrAKdnykla9xilrn2JDJEc0=
-14,-23,F9DWfEPJzU19Q0RTC7cjc9nGgLo=,/NI2ZrAKdnykla9xilrn2JDJEc0=
-4,-20,I5mzej765WC4B3S33+tog2MJZ/Q=,1ipzAkeUkBoEAWXTghCGEkuSVVs=
-9,-20,F9DWfEPJzU19Q0RTC7cjc9nGgLo=,/NI2ZrAKdnykla9xilrn2JDJEc0=
-13,-21,F9DWfEPJzU19Q0RTC7cjc9nGgLo=,/NI2ZrAKdnykla9xilrn2JDJEc0=
-14,-25,tnfFkxgJcVfTd8JK4keWkO/XHW4=,Z2J2ikfVGBWWAcw18iBtLgxtxAw=
-16,-25,tnfFkxgJcVfTd8JK4keWkO/XHW4=,Z2J2ikfVGBWWAcw18iBtLgxtxAw=
-2,-18,I5mzej765WC4B3S33+tog2MJZ/Q=,1ipzAkeUkBoEAWXTghCGEkuSVVs=
-9,-17,y1Iok70muCnA4xArX+vqfHuqaUs=,/NI2ZrAKdnykla9xilrn2JDJEc0=
-10,-19,F9DWfEPJzU19Q0RTC7cjc9nGgLo=,/NI2ZrAKdnykla9xilrn2JDJEc0=
-14,-24,F9DWfEPJzU19Q0RTC7cjc9nGgLo=,/NI2ZrAKdnykla9xilrn2JDJEc0=
-2,-20,I5mzej765WC4B3S33+tog2MJZ/Q=,1ipzAkeUkBoEAWXTghCGEkuSVVs=
-2,-19,I5mzej765WC4B3S33+tog2MJZ/Q=,1ipzAkeUkBoEAWXTghCGEkuSVVs=
-11,-20,F9DWfEPJzU19Q0RTC7cjc9nGgLo=,/NI2ZrAKdnykla9xilrn2JDJEc0=
-12,-19,F9DWfEPJzU19Q0RTC7cjc9nGgLo=,/NI2ZrAKdnykla9xilrn2JDJEc0=
-16,-26,tnfFkxgJcVfTd8JK4keWkO/XHW4=,Z2J2ikfVGBWWAcw18iBtLgxtxAw=
-10,-20,F9DWfEPJzU19Q0RTC7cjc9nGgLo=,/NI2ZrAKdnykla9xilrn2JDJEc0=
-4,-17,I5mzej765WC4B3S33+tog2MJZ/Q=,1ipzAkeUkBoEAWXTghCGEkuSVVs=
-3,-17,I5mzej765WC4B3S33+tog2MJZ/Q=,1ipzAkeUkBoEAWXTghCGEkuSVVs=
-3,-20,I5mzej765WC4B3S33+tog2MJZ/Q=,1ipzAkeUkBoEAWXTghCGEkuSVVs=
-1,-17,I5mzej765WC4B3S33+tog2MJZ/Q=,1ipzAkeUkBoEAWXTghCGEkuSVVs=
-16,-27,tnfFkxgJcVfTd8JK4keWkO/XHW4=,Z2J2ikfVGBWWAcw18iBtLgxtxAw=
-16,-28,tnfFkxgJcVfTd8JK4keWkO/XHW4=,Z2J2ikfVGBWWAcw18iBtLgxtxAw=
-6,-17,I5mzej765WC4B3S33+tog2MJZ/Q=,1ipzAkeUkBoEAWXTghCGEkuSVVs=
-10,-17,F9DWfEPJzU19Q0RTC7cjc9nGgLo=,/NI2ZrAKdnykla9xilrn2JDJEc0=
-2,-17,I5mzej765WC4B3S33+tog2MJZ/Q=,1ipzAkeUkBoEAWXTghCGEkuSVVs=
-8,-17,I5mzej765WC4B3S33+tog2MJZ/Q=,1ipzAkeUkBoEAWXTghCGEkuSVVs=
-5,-20,I5mzej765WC4B3S33+tog2MJZ/Q=,1ipzAkeUkBoEAWXTghCGEkuSVVs=
-7,-17,I5mzej765WC4B3S33+tog2MJZ/Q=,1ipzAkeUkBoEAWXTghCGEkuSVVs=
-5,-19,I5mzej765WC4B3S33+tog2MJZ/Q=,1ipzAkeUkBoEAWXTghCGEkuSVVs=
-1,-20,I5mzej765WC4B3S33+tog2MJZ/Q=,1ipzAkeUkBoEAWXTghCGEkuSVVs=
-3,-18,I5mzej765WC4B3S33+tog2MJZ/Q=,1ipzAkeUkBoEAWXTghCGEkuSVVs=
-8,-19,I5mzej765WC4B3S33+tog2MJZ/Q=,1ipzAkeUkBoEAWXTghCGEkuSVVs=
-8,-20,I5mzej765WC4B3S33+tog2MJZ/Q=,1ipzAkeUkBoEAWXTghCGEkuSVVs=
-1,-19,I5mzej765WC4B3S33+tog2MJZ/Q=,1ipzAkeUkBoEAWXTghCGEkuSVVs=
-8,-18,I5mzej765WC4B3S33+tog2MJZ/Q=,1ipzAkeUkBoEAWXTghCGEkuSVVs=
-1,-18,I5mzej765WC4B3S33+tog2MJZ/Q=,1ipzAkeUkBoEAWXTghCGEkuSVVs=
-7,-18,I5mzej765WC4B3S33+tog2MJZ/Q=,1ipzAkeUkBoEAWXTghCGEkuSVVs=
-12,-17,F9DWfEPJzU19Q0RTC7cjc9nGgLo=,/NI2ZrAKdnykla9xilrn2JDJEc0=
-6,-18,I5mzej765WC4B3S33+tog2MJZ/Q=,1ipzAkeUkBoEAWXTghCGEkuSVVs=
-12,-20,F9DWfEPJzU19Q0RTC7cjc9nGgLo=,/NI2ZrAKdnykla9xilrn2JDJEc0=
-5,-18,I5mzej765WC4B3S33+tog2MJZ/Q=,1ipzAkeUkBoEAWXTghCGEkuSVVs=
-16,-21,F9DWfEPJzU19Q0RTC7cjc9nGgLo=,/NI2ZrAKdnykla9xilrn2JDJEc0=
-15,-25,tnfFkxgJcVfTd8JK4keWkO/XHW4=,Z2J2ikfVGBWWAcw18iBtLgxtxAw=
-15,-22,F9DWfEPJzU19Q0RTC7cjc9nGgLo=,/NI2ZrAKdnykla9xilrn2JDJEc0=
-13,-22,F9DWfEPJzU19Q0RTC7cjc9nGgLo=,/NI2ZrAKdnykla9xilrn2JDJEc0=
-7,-19,I5mzej765WC4B3S33+tog2MJZ/Q=,1ipzAkeUkBoEAWXTghCGEkuSVVs=
-13,-23,F9DWfEPJzU19Q0RTC7cjc9nGgLo=,/NI2ZrAKdnykla9xilrn2JDJEc0=
-14,-21,F9DWfEPJzU19Q0RTC7cjc9nGgLo=,/NI2ZrAKdnykla9xilrn2JDJEc0=
-6,-19,I5mzej765WC4B3S33+tog2MJZ/Q=,1ipzAkeUkBoEAWXTghCGEkuSVVs=
-14,-22,F9DWfEPJzU19Q0RTC7cjc9nGgLo=,/NI2ZrAKdnykla9xilrn2JDJEc0=
-7,-20,I5mzej765WC4B3S33+tog2MJZ/Q=,1ipzAkeUkBoEAWXTghCGEkuSVVs=
-4,-18,I5mzej765WC4B3S33+tog2MJZ/Q=,1ipzAkeUkBoEAWXTghCGEkuSVVs=
-6,-20,I5mzej765WC4B3S33+tog2MJZ/Q=,1ipzAkeUkBoEAWXTghCGEkuSVVs=
-11,-17,F9DWfEPJzU19Q0RTC7cjc9nGgLo=,/NI2ZrAKdnykla9xilrn2JDJEc0=
-16,-23,F9DWfEPJzU19Q0RTC7cjc9nGgLo=,/NI2ZrAKdnykla9xilrn2JDJEc0=
-14,-30,tnfFkxgJcVfTd8JK4keWkO/XHW4=,Z2J2ikfVGBWWAcw18iBtLgxtxAw=
-14,-29,tnfFkxgJcVfTd8JK4keWkO/XHW4=,Z2J2ikfVGBWWAcw18iBtLgxtxAw=
-13,-31,tnfFkxgJcVfTd8JK4keWkO/XHW4=,Z2J2ikfVGBWWAcw18iBtLgxtxAw=
-13,-29,tnfFkxgJcVfTd8JK4keWkO/XHW4=,Z2J2ikfVGBWWAcw18iBtLgxtxAw=
-15,-21,F9DWfEPJzU19Q0RTC7cjc9nGgLo=,/NI2ZrAKdnykla9xilrn2JDJEc0=
-16,-29,tnfFkxgJcVfTd8JK4keWkO/XHW4=,Z2J2ikfVGBWWAcw18iBtLgxtxAw=
-16,-31,tnfFkxgJcVfTd8JK4keWkO/XHW4=,Z2J2ikfVGBWWAcw18iBtLgxtxAw=
-13,-32,tnfFkxgJcVfTd8JK4keWkO/XHW4=,Z2J2ikfVGBWWAcw18iBtLgxtxAw=
-16,-32,tnfFkxgJcVfTd8JK4keWkO/XHW4=,Z2J2ikfVGBWWAcw18iBtLgxtxAw=
-1,-32,tnfFkxgJcVfTd8JK4keWkO/XHW4=,s1Vtj8LcN4ZK4xpNc+MlQnd7P4E=
-12,-30,tnfFkxgJcVfTd8JK4keWkO/XHW4=,Z2J2ikfVGBWWAcw18iBtLgxtxAw=
-9,-32,tnfFkxgJcVfTd8JK4keWkO/XHW4=,Z2J2ikfVGBWWAcw18iBtLgxtxAw=
-7,-30,tnfFkxgJcVfTd8JK4keWkO/XHW4=,s1Vtj8LcN4ZK4xpNc+MlQnd7P4E=
-6,-30,tnfFkxgJcVfTd8JK4keWkO/XHW4=,s1Vtj8LcN4ZK4xpNc+MlQnd7P4E=
-7,-31,tnfFkxgJcVfTd8JK4keWkO/XHW4=,s1Vtj8LcN4ZK4xpNc+MlQnd7P4E=
-16,-22,F9DWfEPJzU19Q0RTC7cjc9nGgLo=,/NI2ZrAKdnykla9xilrn2JDJEc0=
-14,-31,tnfFkxgJcVfTd8JK4keWkO/XHW4=,Z2J2ikfVGBWWAcw18iBtLgxtxAw=
-5,-30,tnfFkxgJcVfTd8JK4keWkO/XHW4=,s1Vtj8LcN4ZK4xpNc+MlQnd7P4E=
-13,-30,tnfFkxgJcVfTd8JK4keWkO/XHW4=,Z2J2ikfVGBWWAcw18iBtLgxtxAw=
-15,-29,tnfFkxgJcVfTd8JK4keWkO/XHW4=,Z2J2ikfVGBWWAcw18iBtLgxtxAw=
-15,-31,tnfFkxgJcVfTd8JK4keWkO/XHW4=,Z2J2ikfVGBWWAcw18iBtLgxtxAw=
-6,-31,tnfFkxgJcVfTd8JK4keWkO/XHW4=,s1Vtj8LcN4ZK4xpNc+MlQnd7P4E=
-16,-30,tnfFkxgJcVfTd8JK4keWkO/XHW4=,Z2J2ikfVGBWWAcw18iBtLgxtxAw=
-7,-29,tnfFkxgJcVfTd8JK4keWkO/XHW4=,s1Vtj8LcN4ZK4xpNc+MlQnd7P4E=
-4,-30,tnfFkxgJcVfTd8JK4keWkO/XHW4=,s1Vtj8LcN4ZK4xpNc+MlQnd7P4E=
-11,-30,tnfFkxgJcVfTd8JK4keWkO/XHW4=,Z2J2ikfVGBWWAcw18iBtLgxtxAw=
-3,-32,tnfFkxgJcVfTd8JK4keWkO/XHW4=,s1Vtj8LcN4ZK4xpNc+MlQnd7P4E=
-10,-30,tnfFkxgJcVfTd8JK4keWkO/XHW4=,Z2J2ikfVGBWWAcw18iBtLgxtxAw=
-15,-30,tnfFkxgJcVfTd8JK4keWkO/XHW4=,Z2J2ikfVGBWWAcw18iBtLgxtxAw=
-4,-32,tnfFkxgJcVfTd8JK4keWkO/XHW4=,s1Vtj8LcN4ZK4xpNc+MlQnd7P4E=
-10,-32,tnfFkxgJcVfTd8JK4keWkO/XHW4=,Z2J2ikfVGBWWAcw18iBtLgxtxAw=
-14,-32,tnfFkxgJcVfTd8JK4keWkO/XHW4=,Z2J2ikfVGBWWAcw18iBtLgxtxAw=
-2,-32,tnfFkxgJcVfTd8JK4keWkO/XHW4=,s1Vtj8LcN4ZK4xpNc+MlQnd7P4E=
-3,-30,tnfFkxgJcVfTd8JK4keWkO/XHW4=,s1Vtj8LcN4ZK4xpNc+MlQnd7P4E=
-7,-32,tnfFkxgJcVfTd8JK4keWkO/XHW4=,s1Vtj8LcN4ZK4xpNc+MlQnd7P4E=
-8,-32,tnfFkxgJcVfTd8JK4keWkO/XHW4=,s1Vtj8LcN4ZK4xpNc+MlQnd7P4E=
-2,-30,tnfFkxgJcVfTd8JK4keWkO/XHW4=,s1Vtj8LcN4ZK4xpNc+MlQnd7P4E=
-6,-32,tnfFkxgJcVfTd8JK4keWkO/XHW4=,s1Vtj8LcN4ZK4xpNc+MlQnd7P4E=
-15,-32,tnfFkxgJcVfTd8JK4keWkO/XHW4=,Z2J2ikfVGBWWAcw18iBtLgxtxAw=
-5,-32,tnfFkxgJcVfTd8JK4keWkO/XHW4=,s1Vtj8LcN4ZK4xpNc+MlQnd7P4E=
-1,-29,tnfFkxgJcVfTd8JK4keWkO/XHW4=,s1Vtj8LcN4ZK4xpNc+MlQnd7P4E=
-8,-30,tnfFkxgJcVfTd8JK4keWkO/XHW4=,s1Vtj8LcN4ZK4xpNc+MlQnd7P4E=
-16,-18,F9DWfEPJzU19Q0RTC7cjc9nGgLo=,/NI2ZrAKdnykla9xilrn2JDJEc0=
-1,-31,tnfFkxgJcVfTd8JK4keWkO/XHW4=,s1Vtj8LcN4ZK4xpNc+MlQnd7P4E=
-8,-31,tnfFkxgJcVfTd8JK4keWkO/XHW4=,s1Vtj8LcN4ZK4xpNc+MlQnd7P4E=
-4,-31,tnfFkxgJcVfTd8JK4keWkO/XHW4=,s1Vtj8LcN4ZK4xpNc+MlQnd7P4E=
-8,-29,tnfFkxgJcVfTd8JK4keWkO/XHW4=,s1Vtj8LcN4ZK4xpNc+MlQnd7P4E=
-5,-31,tnfFkxgJcVfTd8JK4keWkO/XHW4=,s1Vtj8LcN4ZK4xpNc+MlQnd7P4E=
-2,-29,tnfFkxgJcVfTd8JK4keWkO/XHW4=,s1Vtj8LcN4ZK4xpNc+MlQnd7P4E=
-3,-31,tnfFkxgJcVfTd8JK4keWkO/XHW4=,s1Vtj8LcN4ZK4xpNc+MlQnd7P4E=
-5,-29,tnfFkxgJcVfTd8JK4keWkO/XHW4=,s1Vtj8LcN4ZK4xpNc+MlQnd7P4E=
-6,-29,tnfFkxgJcVfTd8JK4keWkO/XHW4=,s1Vtj8LcN4ZK4xpNc+MlQnd7P4E=
-1,-30,tnfFkxgJcVfTd8JK4keWkO/XHW4=,s1Vtj8LcN4ZK4xpNc+MlQnd7P4E=
-9,-30,tnfFkxgJcVfTd8JK4keWkO/XHW4=,Z2J2ikfVGBWWAcw18iBtLgxtxAw=
-12,-29,tnfFkxgJcVfTd8JK4keWkO/XHW4=,Z2J2ikfVGBWWAcw18iBtLgxtxAw=
-4,-29,tnfFkxgJcVfTd8JK4keWkO/XHW4=,s1Vtj8LcN4ZK4xpNc+MlQnd7P4E=
-3,-29,tnfFkxgJcVfTd8JK4keWkO/XHW4=,s1Vtj8LcN4ZK4xpNc+MlQnd7P4E=
-16,-19,F9DWfEPJzU19Q0RTC7cjc9nGgLo=,/NI2ZrAKdnykla9xilrn2JDJEc0=
-11,-29,tnfFkxgJcVfTd8JK4keWkO/XHW4=,Z2J2ikfVGBWWAcw18iBtLgxtxAw=
-11,-32,tnfFkxgJcVfTd8JK4keWkO/XHW4=,Z2J2ikfVGBWWAcw18iBtLgxtxAw=
-2,-31,tnfFkxgJcVfTd8JK4keWkO/XHW4=,s1Vtj8LcN4ZK4xpNc+MlQnd7P4E=
-9,-29,tnfFkxgJcVfTd8JK4keWkO/XHW4=,Z2J2ikfVGBWWAcw18iBtLgxtxAw=
-10,-29,tnfFkxgJcVfTd8JK4keWkO/XHW4=,Z2J2ikfVGBWWAcw18iBtLgxtxAw=
-13,-18,F9DWfEPJzU19Q0RTC7cjc9nGgLo=,/NI2ZrAKdnykla9xilrn2JDJEc0=
-12,-31,tnfFkxgJcVfTd8JK4keWkO/XHW4=,Z2J2ikfVGBWWAcw18iBtLgxtxAw=
-14,-18,F9DWfEPJzU19Q0RTC7cjc9nGgLo=,/NI2ZrAKdnykla9xilrn2JDJEc0=
-9,-31,tnfFkxgJcVfTd8JK4keWkO/XHW4=,Z2J2ikfVGBWWAcw18iBtLgxtxAw=
-13,-19,F9DWfEPJzU19Q0RTC7cjc9nGgLo=,/NI2ZrAKdnykla9xilrn2JDJEc0=
-10,-31,tnfFkxgJcVfTd8JK4keWkO/XHW4=,Z2J2ikfVGBWWAcw18iBtLgxtxAw=
-11,-31,tnfFkxgJcVfTd8JK4keWkO/XHW4=,Z2J2ikfVGBWWAcw18iBtLgxtxAw=
-16,-17,F9DWfEPJzU19Q0RTC7cjc9nGgLo=,/NI2ZrAKdnykla9xilrn2JDJEc0=
-12,-32,tnfFkxgJcVfTd8JK4keWkO/XHW4=,Z2J2ikfVGBWWAcw18iBtLgxtxAw=
-15,-17,F9DWfEPJzU19Q0RTC7cjc9nGgLo=,/NI2ZrAKdnykla9xilrn2JDJEc0=
-16,-20,F9DWfEPJzU19Q0RTC7cjc9nGgLo=,/NI2ZrAKdnykla9xilrn2JDJEc0=
-13,-20,F9DWfEPJzU19Q0RTC7cjc9nGgLo=,/NI2ZrAKdnykla9xilrn2JDJEc0=
-13,-17,F9DWfEPJzU19Q0RTC7cjc9nGgLo=,/NI2ZrAKdnykla9xilrn2JDJEc0=
-14,-17,F9DWfEPJzU19Q0RTC7cjc9nGgLo=,/NI2ZrAKdnykla9xilrn2JDJEc0=
-15,-19,F9DWfEPJzU19Q0RTC7cjc9nGgLo=,/NI2ZrAKdnykla9xilrn2JDJEc0=
-14,-20,F9DWfEPJzU19Q0RTC7cjc9nGgLo=,/NI2ZrAKdnykla9xilrn2JDJEc0=
-14,-19,F9DWfEPJzU19Q0RTC7cjc9nGgLo=,/NI2ZrAKdnykla9xilrn2JDJEc0=
-15,-18,F9DWfEPJzU19Q0RTC7cjc9nGgLo=,/NI2ZrAKdnykla9xilrn2JDJEc0=
-15,-20,F9DWfEPJzU19Q0RTC7cjc9nGgLo=,/NI2ZrAKdnykla9xilrn2JDJEc0=
-25,-26,IyDiKYA9jXLpvLTqKN1NJSjHL/A=,bX/0xy7nRc9+2Y96ZtIcewB3YnE=
-23,-28,zImBAPvu/ApwZCIPZ7yciq+6M0Q=,E7mwtfM15tNLsM/MzAgklvTqJG0=
-24,-28,zImBAPvu/ApwZCIPZ7yciq+6M0Q=,E7mwtfM15tNLsM/MzAgklvTqJG0=
-25,-25,WTA15b5dcXSvHcTbtboopmh0apE=,bX/0xy7nRc9+2Y96ZtIcewB3YnE=
-23,-25,yye+smcv4ctRu/W65bsj2edRRYc=,E7mwtfM15tNLsM/MzAgklvTqJG0=
-27,-24,BC+et8yinKUMwZMlXWMo8/R5DpQ=,bc8h4bzUfNt2coo777XXnKIHzlg=
-26,-24,BC+et8yinKUMwZMlXWMo8/R5DpQ=,bc8h4bzUfNt2coo777XXnKIHzlg=
-24,-21,QdLzFSm5uSz+hK2xMePgV3hf/hI=,1G/E0WCwCs6jn08B5aRs3tLvJZs=
-28,-23,BC+et8yinKUMwZMlXWMo8/R5DpQ=,bc8h4bzUfNt2coo777XXnKIHzlg=
-26,-23,BC+et8yinKUMwZMlXWMo8/R5DpQ=,bc8h4bzUfNt2coo777XXnKIHzlg=
-23,-21,BC+et8yinKUMwZMlXWMo8/R5DpQ=,1G/E0WCwCs6jn08B5aRs3tLvJZs=
-28,-22,BC+et8yinKUMwZMlXWMo8/R5DpQ=,bc8h4bzUfNt2coo777XXnKIHzlg=
-27,-23,BC+et8yinKUMwZMlXWMo8/R5DpQ=,bc8h4bzUfNt2coo777XXnKIHzlg=
-28,-24,BC+et8yinKUMwZMlXWMo8/R5DpQ=,bc8h4bzUfNt2coo777XXnKIHzlg=
-27,-22,BC+et8yinKUMwZMlXWMo8/R5DpQ=,bc8h4bzUfNt2coo777XXnKIHzlg=
-22,-22,BC+et8yinKUMwZMlXWMo8/R5DpQ=,1G/E0WCwCs6jn08B5aRs3tLvJZs=
-28,-21,BC+et8yinKUMwZMlXWMo8/R5DpQ=,bc8h4bzUfNt2coo777XXnKIHzlg=
-24,-27,161xGFjQabbYPinVHMeCk6Ny1wA=,E7mwtfM15tNLsM/MzAgklvTqJG0=
-27,-21,BC+et8yinKUMwZMlXWMo8/R5DpQ=,bc8h4bzUfNt2coo777XXnKIHzlg=
-21,-28,161xGFjQabbYPinVHMeCk6Ny1wA=,E7mwtfM15tNLsM/MzAgklvTqJG0=
-23,-27,161xGFjQabbYPinVHMeCk6Ny1wA=,E7mwtfM15tNLsM/MzAgklvTqJG0=
-22,-25,161xGFjQabbYPinVHMeCk6Ny1wA=,E7mwtfM15tNLsM/MzAgklvTqJG0=
-22,-28,a55lLDwFB7HPeMWMFVJiZ7fCSos=,E7mwtfM15tNLsM/MzAgklvTqJG0=
-26,-22,BC+et8yinKUMwZMlXWMo8/R5DpQ=,bc8h4bzUfNt2coo777XXnKIHzlg=
-22,-27,a55lLDwFB7HPeMWMFVJiZ7fCSos=,E7mwtfM15tNLsM/MzAgklvTqJG0=
-21,-27,a55lLDwFB7HPeMWMFVJiZ7fCSos=,E7mwtfM15tNLsM/MzAgklvTqJG0=
-23,-26,a55lLDwFB7HPeMWMFVJiZ7fCSos=,E7mwtfM15tNLsM/MzAgklvTqJG0=
-25,-22,QdLzFSm5uSz+hK2xMePgV3hf/hI=,bc8h4bzUfNt2coo777XXnKIHzlg=
-22,-26,Svz7DRKA55p5XZRqFRFixYrOYdg=,E7mwtfM15tNLsM/MzAgklvTqJG0=
-24,-26,Svz7DRKA55p5XZRqFRFixYrOYdg=,E7mwtfM15tNLsM/MzAgklvTqJG0=
-21,-22,BC+et8yinKUMwZMlXWMo8/R5DpQ=,1G/E0WCwCs6jn08B5aRs3tLvJZs=
-22,-24,ErWIbs5A6dmOeUEMxeE8Ubxtep0=,1G/E0WCwCs6jn08B5aRs3tLvJZs=
-20,-25,Svz7DRKA55p5XZRqFRFixYrOYdg=,E7mwtfM15tNLsM/MzAgklvTqJG0=
-21,-25,Svz7DRKA55p5XZRqFRFixYrOYdg=,E7mwtfM15tNLsM/MzAgklvTqJG0=
-21,-26,Svz7DRKA55p5XZRqFRFixYrOYdg=,E7mwtfM15tNLsM/MzAgklvTqJG0=
-24,-24,QdLzFSm5uSz+hK2xMePgV3hf/hI=,1G/E0WCwCs6jn08B5aRs3tLvJZs=
-28,-28,IyDiKYA9jXLpvLTqKN1NJSjHL/A=,bX/0xy7nRc9+2Y96ZtIcewB3YnE=
-27,-28,IyDiKYA9jXLpvLTqKN1NJSjHL/A=,bX/0xy7nRc9+2Y96ZtIcewB3YnE=
-24,-25,NaBaGACHj9832rxMv0qH6ZyHt6M=,E7mwtfM15tNLsM/MzAgklvTqJG0=
-22,-21,BC+et8yinKUMwZMlXWMo8/R5DpQ=,1G/E0WCwCs6jn08B5aRs3tLvJZs=
-25,-24,QdLzFSm5uSz+hK2xMePgV3hf/hI=,bc8h4bzUfNt2coo777XXnKIHzlg=
-26,-21,BC+et8yinKUMwZMlXWMo8/R5DpQ=,bc8h4bzUfNt2coo777XXnKIHzlg=
-26,-28,IyDiKYA9jXLpvLTqKN1NJSjHL/A=,bX/0xy7nRc9+2Y96ZtIcewB3YnE=
-21,-24,BC+et8yinKUMwZMlXWMo8/R5DpQ=,1G/E0WCwCs6jn08B5aRs3tLvJZs=
-28,-27,IyDiKYA9jXLpvLTqKN1NJSjHL/A=,bX/0xy7nRc9+2Y96ZtIcewB3YnE=
-25,-23,ZSQiLITo029sr+VAIVa6veR6+GY=,bc8h4bzUfNt2coo777XXnKIHzlg=
-19,-25,7gQK+GfKHKIMnwgHDo0lb9gJh4M=,E7mwtfM15tNLsM/MzAgklvTqJG0=
-27,-27,IyDiKYA9jXLpvLTqKN1NJSjHL/A=,bX/0xy7nRc9+2Y96ZtIcewB3YnE=
-24,-22,ErWIbs5A6dmOeUEMxeE8Ubxtep0=,1G/E0WCwCs6jn08B5aRs3tLvJZs=
-21,-23,ErWIbs5A6dmOeUEMxeE8Ubxtep0=,1G/E0WCwCs6jn08B5aRs3tLvJZs=
-23,-22,BC+et8yinKUMwZMlXWMo8/R5DpQ=,1G/E0WCwCs6jn08B5aRs3tLvJZs=
-23,-24,BC+et8yinKUMwZMlXWMo8/R5DpQ=,1G/E0WCwCs6jn08B5aRs3tLvJZs=
-26,-26,IyDiKYA9jXLpvLTqKN1NJSjHL/A=,bX/0xy7nRc9+2Y96ZtIcewB3YnE=
-23,-23,QdLzFSm5uSz+hK2xMePgV3hf/hI=,1G/E0WCwCs6jn08B5aRs3tLvJZs=
-22,-23,QdLzFSm5uSz+hK2xMePgV3hf/hI=,1G/E0WCwCs6jn08B5aRs3tLvJZs=
-28,-25,WTA15b5dcXSvHcTbtboopmh0apE=,bX/0xy7nRc9+2Y96ZtIcewB3YnE=
-27,-26,IyDiKYA9jXLpvLTqKN1NJSjHL/A=,bX/0xy7nRc9+2Y96ZtIcewB3YnE=
-26,-27,WTA15b5dcXSvHcTbtboopmh0apE=,bX/0xy7nRc9+2Y96ZtIcewB3YnE=
-25,-28,T1Wdy9zEy7QkleWZ3XDlvxNklvk=,bX/0xy7nRc9+2Y96ZtIcewB3YnE=
-21,-21,BC+et8yinKUMwZMlXWMo8/R5DpQ=,1G/E0WCwCs6jn08B5aRs3tLvJZs=
-18,-25,7gQK+GfKHKIMnwgHDo0lb9gJh4M=,E7mwtfM15tNLsM/MzAgklvTqJG0=
-28,-26,IyDiKYA9jXLpvLTqKN1NJSjHL/A=,bX/0xy7nRc9+2Y96ZtIcewB3YnE=
-26,-25,T1Wdy9zEy7QkleWZ3XDlvxNklvk=,bX/0xy7nRc9+2Y96ZtIcewB3YnE=
-24,-23,BC+et8yinKUMwZMlXWMo8/R5DpQ=,1G/E0WCwCs6jn08B5aRs3tLvJZs=
-27,-25,WTA15b5dcXSvHcTbtboopmh0apE=,bX/0xy7nRc9+2Y96ZtIcewB3YnE=
-25,-21,QdLzFSm5uSz+hK2xMePgV3hf/hI=,bc8h4bzUfNt2coo777XXnKIHzlg=
-25,-27,IyDiKYA9jXLpvLTqKN1NJSjHL/A=,bX/0xy7nRc9+2Y96ZtIcewB3YnE=
-20,-28,7gQK+GfKHKIMnwgHDo0lb9gJh4M=,E7mwtfM15tNLsM/MzAgklvTqJG0=
-17,-26,7gQK+GfKHKIMnwgHDo0lb9gJh4M=,E7mwtfM15tNLsM/MzAgklvTqJG0=
-18,-28,7gQK+GfKHKIMnwgHDo0lb9gJh4M=,E7mwtfM15tNLsM/MzAgklvTqJG0=
-19,-28,7gQK+GfKHKIMnwgHDo0lb9gJh4M=,E7mwtfM15tNLsM/MzAgklvTqJG0=
-17,-25,7gQK+GfKHKIMnwgHDo0lb9gJh4M=,E7mwtfM15tNLsM/MzAgklvTqJG0=
-20,-27,7gQK+GfKHKIMnwgHDo0lb9gJh4M=,E7mwtfM15tNLsM/MzAgklvTqJG0=
-19,-27,7gQK+GfKHKIMnwgHDo0lb9gJh4M=,E7mwtfM15tNLsM/MzAgklvTqJG0=
-19,-21,BC+et8yinKUMwZMlXWMo8/R5DpQ=,1G/E0WCwCs6jn08B5aRs3tLvJZs=
-20,-21,BC+et8yinKUMwZMlXWMo8/R5DpQ=,1G/E0WCwCs6jn08B5aRs3tLvJZs=
-20,-26,7gQK+GfKHKIMnwgHDo0lb9gJh4M=,E7mwtfM15tNLsM/MzAgklvTqJG0=
-20,-22,BC+et8yinKUMwZMlXWMo8/R5DpQ=,1G/E0WCwCs6jn08B5aRs3tLvJZs=
-19,-26,7gQK+GfKHKIMnwgHDo0lb9gJh4M=,E7mwtfM15tNLsM/MzAgklvTqJG0=
-17,-28,7gQK+GfKHKIMnwgHDo0lb9gJh4M=,E7mwtfM15tNLsM/MzAgklvTqJG0=
-17,-27,7gQK+GfKHKIMnwgHDo0lb9gJh4M=,E7mwtfM15tNLsM/MzAgklvTqJG0=
-18,-27,7gQK+GfKHKIMnwgHDo0lb9gJh4M=,E7mwtfM15tNLsM/MzAgklvTqJG0=
-18,-26,7gQK+GfKHKIMnwgHDo0lb9gJh4M=,E7mwtfM15tNLsM/MzAgklvTqJG0=
-19,-22,BC+et8yinKUMwZMlXWMo8/R5DpQ=,1G/E0WCwCs6jn08B5aRs3tLvJZs=
-17,-24,BC+et8yinKUMwZMlXWMo8/R5DpQ=,1G/E0WCwCs6jn08B5aRs3tLvJZs=
-18,-23,BC+et8yinKUMwZMlXWMo8/R5DpQ=,1G/E0WCwCs6jn08B5aRs3tLvJZs=
-19,-23,BC+et8yinKUMwZMlXWMo8/R5DpQ=,1G/E0WCwCs6jn08B5aRs3tLvJZs=
-18,-21,BC+et8yinKUMwZMlXWMo8/R5DpQ=,1G/E0WCwCs6jn08B5aRs3tLvJZs=
-20,-23,BC+et8yinKUMwZMlXWMo8/R5DpQ=,1G/E0WCwCs6jn08B5aRs3tLvJZs=
-18,-22,BC+et8yinKUMwZMlXWMo8/R5DpQ=,1G/E0WCwCs6jn08B5aRs3tLvJZs=
-19,-24,BC+et8yinKUMwZMlXWMo8/R5DpQ=,1G/E0WCwCs6jn08B5aRs3tLvJZs=
-18,-24,BC+et8yinKUMwZMlXWMo8/R5DpQ=,1G/E0WCwCs6jn08B5aRs3tLvJZs=
-20,-24,BC+et8yinKUMwZMlXWMo8/R5DpQ=,1G/E0WCwCs6jn08B5aRs3tLvJZs=
-17,-23,BC+et8yinKUMwZMlXWMo8/R5DpQ=,1G/E0WCwCs6jn08B5aRs3tLvJZs=
-17,-21,BC+et8yinKUMwZMlXWMo8/R5DpQ=,1G/E0WCwCs6jn08B5aRs3tLvJZs=
-17,-22,BC+et8yinKUMwZMlXWMo8/R5DpQ=,1G/E0WCwCs6jn08B5aRs3tLvJZs=
-28,-32,IyDiKYA9jXLpvLTqKN1NJSjHL/A=,bX/0xy7nRc9+2Y96ZtIcewB3YnE=
-27,-31,IyDiKYA9jXLpvLTqKN1NJSjHL/A=,bX/0xy7nRc9+2Y96ZtIcewB3YnE=
-26,-30,IyDiKYA9jXLpvLTqKN1NJSjHL/A=,bX/0xy7nRc9+2Y96ZtIcewB3YnE=
-28,-29,IyDiKYA9jXLpvLTqKN1NJSjHL/A=,bX/0xy7nRc9+2Y96ZtIcewB3YnE=
-28,-31,IyDiKYA9jXLpvLTqKN1NJSjHL/A=,bX/0xy7nRc9+2Y96ZtIcewB3YnE=
-28,-30,IyDiKYA9jXLpvLTqKN1NJSjHL/A=,bX/0xy7nRc9+2Y96ZtIcewB3YnE=
-22,-31,7gQK+GfKHKIMnwgHDo0lb9gJh4M=,E7mwtfM15tNLsM/MzAgklvTqJG0=
-27,-30,IyDiKYA9jXLpvLTqKN1NJSjHL/A=,bX/0xy7nRc9+2Y96ZtIcewB3YnE=
-26,-31,IyDiKYA9jXLpvLTqKN1NJSjHL/A=,bX/0xy7nRc9+2Y96ZtIcewB3YnE=
-24,-31,7gQK+GfKHKIMnwgHDo0lb9gJh4M=,E7mwtfM15tNLsM/MzAgklvTqJG0=
-24,-32,7gQK+GfKHKIMnwgHDo0lb9gJh4M=,E7mwtfM15tNLsM/MzAgklvTqJG0=
-21,-31,7gQK+GfKHKIMnwgHDo0lb9gJh4M=,E7mwtfM15tNLsM/MzAgklvTqJG0=
-23,-31,7gQK+GfKHKIMnwgHDo0lb9gJh4M=,E7mwtfM15tNLsM/MzAgklvTqJG0=
-27,-29,IyDiKYA9jXLpvLTqKN1NJSjHL/A=,bX/0xy7nRc9+2Y96ZtIcewB3YnE=
-21,-32,7gQK+GfKHKIMnwgHDo0lb9gJh4M=,E7mwtfM15tNLsM/MzAgklvTqJG0=
-22,-30,7gQK+GfKHKIMnwgHDo0lb9gJh4M=,E7mwtfM15tNLsM/MzAgklvTqJG0=
-23,-30,7gQK+GfKHKIMnwgHDo0lb9gJh4M=,E7mwtfM15tNLsM/MzAgklvTqJG0=
-27,-32,IyDiKYA9jXLpvLTqKN1NJSjHL/A=,bX/0xy7nRc9+2Y96ZtIcewB3YnE=
-25,-31,IyDiKYA9jXLpvLTqKN1NJSjHL/A=,bX/0xy7nRc9+2Y96ZtIcewB3YnE=
-25,-30,IyDiKYA9jXLpvLTqKN1NJSjHL/A=,bX/0xy7nRc9+2Y96ZtIcewB3YnE=
-24,-30,7gQK+GfKHKIMnwgHDo0lb9gJh4M=,E7mwtfM15tNLsM/MzAgklvTqJG0=
-21,-30,7gQK+GfKHKIMnwgHDo0lb9gJh4M=,E7mwtfM15tNLsM/MzAgklvTqJG0=
-26,-29,IyDiKYA9jXLpvLTqKN1NJSjHL/A=,bX/0xy7nRc9+2Y96ZtIcewB3YnE=
-26,-32,IyDiKYA9jXLpvLTqKN1NJSjHL/A=,bX/0xy7nRc9+2Y96ZtIcewB3YnE=
-25,-29,IyDiKYA9jXLpvLTqKN1NJSjHL/A=,bX/0xy7nRc9+2Y96ZtIcewB3YnE=
-25,-32,IyDiKYA9jXLpvLTqKN1NJSjHL/A=,bX/0xy7nRc9+2Y96ZtIcewB3YnE=
-22,-29,7gQK+GfKHKIMnwgHDo0lb9gJh4M=,E7mwtfM15tNLsM/MzAgklvTqJG0=
-22,-32,7gQK+GfKHKIMnwgHDo0lb9gJh4M=,E7mwtfM15tNLsM/MzAgklvTqJG0=
-23,-32,7gQK+GfKHKIMnwgHDo0lb9gJh4M=,E7mwtfM15tNLsM/MzAgklvTqJG0=
-24,-29,7gQK+GfKHKIMnwgHDo0lb9gJh4M=,E7mwtfM15tNLsM/MzAgklvTqJG0=
-23,-29,7gQK+GfKHKIMnwgHDo0lb9gJh4M=,E7mwtfM15tNLsM/MzAgklvTqJG0=
-21,-29,7gQK+GfKHKIMnwgHDo0lb9gJh4M=,E7mwtfM15tNLsM/MzAgklvTqJG0=
-18,-20,BC+et8yinKUMwZMlXWMo8/R5DpQ=,1G/E0WCwCs6jn08B5aRs3tLvJZs=
-25,-17,BC+et8yinKUMwZMlXWMo8/R5DpQ=,bc8h4bzUfNt2coo777XXnKIHzlg=
-22,-17,BC+et8yinKUMwZMlXWMo8/R5DpQ=,1G/E0WCwCs6jn08B5aRs3tLvJZs=
-27,-18,BC+et8yinKUMwZMlXWMo8/R5DpQ=,bc8h4bzUfNt2coo777XXnKIHzlg=
-21,-17,BC+et8yinKUMwZMlXWMo8/R5DpQ=,1G/E0WCwCs6jn08B5aRs3tLvJZs=
-23,-19,ErWIbs5A6dmOeUEMxeE8Ubxtep0=,1G/E0WCwCs6jn08B5aRs3tLvJZs=
-22,-19,BC+et8yinKUMwZMlXWMo8/R5DpQ=,1G/E0WCwCs6jn08B5aRs3tLvJZs=
-24,-18,BC+et8yinKUMwZMlXWMo8/R5DpQ=,1G/E0WCwCs6jn08B5aRs3tLvJZs=
-22,-18,BC+et8yinKUMwZMlXWMo8/R5DpQ=,1G/E0WCwCs6jn08B5aRs3tLvJZs=
-24,-19,BC+et8yinKUMwZMlXWMo8/R5DpQ=,1G/E0WCwCs6jn08B5aRs3tLvJZs=
-23,-18,BC+et8yinKUMwZMlXWMo8/R5DpQ=,1G/E0WCwCs6jn08B5aRs3tLvJZs=
-28,-18,QdLzFSm5uSz+hK2xMePgV3hf/hI=,bc8h4bzUfNt2coo777XXnKIHzlg=
-21,-18,BC+et8yinKUMwZMlXWMo8/R5DpQ=,1G/E0WCwCs6jn08B5aRs3tLvJZs=
-21,-19,ErWIbs5A6dmOeUEMxeE8Ubxtep0=,1G/E0WCwCs6jn08B5aRs3tLvJZs=
-26,-18,BC+et8yinKUMwZMlXWMo8/R5DpQ=,bc8h4bzUfNt2coo777XXnKIHzlg=
-24,-20,BC+et8yinKUMwZMlXWMo8/R5DpQ=,1G/E0WCwCs6jn08B5aRs3tLvJZs=
-22,-20,ZSQiLITo029sr+VAIVa6veR6+GY=,1G/E0WCwCs6jn08B5aRs3tLvJZs=
-28,-17,BC+et8yinKUMwZMlXWMo8/R5DpQ=,bc8h4bzUfNt2coo777XXnKIHzlg=
-25,-20,ErWIbs5A6dmOeUEMxeE8Ubxtep0=,bc8h4bzUfNt2coo777XXnKIHzlg=
-27,-17,BC+et8yinKUMwZMlXWMo8/R5DpQ=,bc8h4bzUfNt2coo777XXnKIHzlg=
-20,-17,BC+et8yinKUMwZMlXWMo8/R5DpQ=,1G/E0WCwCs6jn08B5aRs3tLvJZs=
-19,-20,BC+et8yinKUMwZMlXWMo8/R5DpQ=,1G/E0WCwCs6jn08B5aRs3tLvJZs=
-21,-20,BC+et8yinKUMwZMlXWMo8/R5DpQ=,1G/E0WCwCs6jn08B5aRs3tLvJZs=
-26,-17,BC+et8yinKUMwZMlXWMo8/R5DpQ=,bc8h4bzUfNt2coo777XXnKIHzlg=
-23,-20,BC+et8yinKUMwZMlXWMo8/R5DpQ=,1G/E0WCwCs6jn08B5aRs3tLvJZs=
-18,-19,BC+et8yinKUMwZMlXWMo8/R5DpQ=,1G/E0WCwCs6jn08B5aRs3tLvJZs=
-20,-19,BC+et8yinKUMwZMlXWMo8/R5DpQ=,1G/E0WCwCs6jn08B5aRs3tLvJZs=
-27,-20,BC+et8yinKUMwZMlXWMo8/R5DpQ=,bc8h4bzUfNt2coo777XXnKIHzlg=
-19,-19,BC+et8yinKUMwZMlXWMo8/R5DpQ=,1G/E0WCwCs6jn08B5aRs3tLvJZs=
-25,-19,ErWIbs5A6dmOeUEMxeE8Ubxtep0=,bc8h4bzUfNt2coo777XXnKIHzlg=
-20,-20,BC+et8yinKUMwZMlXWMo8/R5DpQ=,1G/E0WCwCs6jn08B5aRs3tLvJZs=
-18,-18,BC+et8yinKUMwZMlXWMo8/R5DpQ=,1G/E0WCwCs6jn08B5aRs3tLvJZs=
-26,-20,BC+et8yinKUMwZMlXWMo8/R5DpQ=,bc8h4bzUfNt2coo777XXnKIHzlg=
-28,-19,BC+et8yinKUMwZMlXWMo8/R5DpQ=,bc8h4bzUfNt2coo777XXnKIHzlg=
-26,-19,BC+et8yinKUMwZMlXWMo8/R5DpQ=,bc8h4bzUfNt2coo777XXnKIHzlg=
-28,-20,BC+et8yinKUMwZMlXWMo8/R5DpQ=,bc8h4bzUfNt2coo777XXnKIHzlg=
-25,-18,BC+et8yinKUMwZMlXWMo8/R5DpQ=,bc8h4bzUfNt2coo777XXnKIHzlg=
-27,-19,BC+et8yinKUMwZMlXWMo8/R5DpQ=,bc8h4bzUfNt2coo777XXnKIHzlg=
-17,-20,BC+et8yinKUMwZMlXWMo8/R5DpQ=,1G/E0WCwCs6jn08B5aRs3tLvJZs=
-20,-18,BC+et8yinKUMwZMlXWMo8/R5DpQ=,1G/E0WCwCs6jn08B5aRs3tLvJZs=
-17,-18,BC+et8yinKUMwZMlXWMo8/R5DpQ=,1G/E0WCwCs6jn08B5aRs3tLvJZs=
-19,-18,BC+et8yinKUMwZMlXWMo8/R5DpQ=,1G/E0WCwCs6jn08B5aRs3tLvJZs=
-24,-17,BC+et8yinKUMwZMlXWMo8/R5DpQ=,1G/E0WCwCs6jn08B5aRs3tLvJZs=
-19,-17,BC+et8yinKUMwZMlXWMo8/R5DpQ=,1G/E0WCwCs6jn08B5aRs3tLvJZs=
-18,-17,BC+et8yinKUMwZMlXWMo8/R5DpQ=,1G/E0WCwCs6jn08B5aRs3tLvJZs=
-23,-17,BC+et8yinKUMwZMlXWMo8/R5DpQ=,1G/E0WCwCs6jn08B5aRs3tLvJZs=
-17,-19,BC+et8yinKUMwZMlXWMo8/R5DpQ=,1G/E0WCwCs6jn08B5aRs3tLvJZs=
-17,-17,BC+et8yinKUMwZMlXWMo8/R5DpQ=,1G/E0WCwCs6jn08B5aRs3tLvJZs=
-29,-31,IyDiKYA9jXLpvLTqKN1NJSjHL/A=,bX/0xy7nRc9+2Y96ZtIcewB3YnE=
-30,-31,IyDiKYA9jXLpvLTqKN1NJSjHL/A=,bX/0xy7nRc9+2Y96ZtIcewB3YnE=
-30,-30,IyDiKYA9jXLpvLTqKN1NJSjHL/A=,bX/0xy7nRc9+2Y96ZtIcewB3YnE=
-29,-30,IyDiKYA9jXLpvLTqKN1NJSjHL/A=,bX/0xy7nRc9+2Y96ZtIcewB3YnE=
-30,-32,IyDiKYA9jXLpvLTqKN1NJSjHL/A=,bX/0xy7nRc9+2Y96ZtIcewB3YnE=
-32,-32,IyDiKYA9jXLpvLTqKN1NJSjHL/A=,bX/0xy7nRc9+2Y96ZtIcewB3YnE=
-29,-29,IyDiKYA9jXLpvLTqKN1NJSjHL/A=,bX/0xy7nRc9+2Y96ZtIcewB3YnE=
-30,-29,IyDiKYA9jXLpvLTqKN1NJSjHL/A=,bX/0xy7nRc9+2Y96ZtIcewB3YnE=
-29,-32,IyDiKYA9jXLpvLTqKN1NJSjHL/A=,bX/0xy7nRc9+2Y96ZtIcewB3YnE=
-32,-25,/VUQREG39bHII4IXxNmsqt6Vd+w=,bX/0xy7nRc9+2Y96ZtIcewB3YnE=
-32,-31,IyDiKYA9jXLpvLTqKN1NJSjHL/A=,bX/0xy7nRc9+2Y96ZtIcewB3YnE=
-18,-32,7gQK+GfKHKIMnwgHDo0lb9gJh4M=,E7mwtfM15tNLsM/MzAgklvTqJG0=
-31,-32,IyDiKYA9jXLpvLTqKN1NJSjHL/A=,bX/0xy7nRc9+2Y96ZtIcewB3YnE=
-31,-29,IyDiKYA9jXLpvLTqKN1NJSjHL/A=,bX/0xy7nRc9+2Y96ZtIcewB3YnE=
-32,-29,IyDiKYA9jXLpvLTqKN1NJSjHL/A=,bX/0xy7nRc9+2Y96ZtIcewB3YnE=
-31,-30,IyDiKYA9jXLpvLTqKN1NJSjHL/A=,bX/0xy7nRc9+2Y96ZtIcewB3YnE=
-32,-18,BC+et8yinKUMwZMlXWMo8/R5DpQ=,bc8h4bzUfNt2coo777XXnKIHzlg=
-30,-28,IyDiKYA9jXLpvLTqKN1NJSjHL/A=,bX/0xy7nRc9+2Y96ZtIcewB3YnE=
-31,-28,IyDiKYA9jXLpvLTqKN1NJSjHL/A=,bX/0xy7nRc9+2Y96ZtIcewB3YnE=
-31,-31,IyDiKYA9jXLpvLTqKN1NJSjHL/A=,bX/0xy7nRc9+2Y96ZtIcewB3YnE=
-19,-32,7gQK+GfKHKIMnwgHDo0lb9gJh4M=,E7mwtfM15tNLsM/MzAgklvTqJG0=
-32,-30,IyDiKYA9jXLpvLTqKN1NJSjHL/A=,bX/0xy7nRc9+2Y96ZtIcewB3YnE=
-31,-27,IyDiKYA9jXLpvLTqKN1NJSjHL/A=,bX/0xy7nRc9+2Y96ZtIcewB3YnE=
-29,-26,T1Wdy9zEy7QkleWZ3XDlvxNklvk=,bX/0xy7nRc9+2Y96ZtIcewB3YnE=
-31,-24,BC+et8yinKUMwZMlXWMo8/R5DpQ=,bc8h4bzUfNt2coo777XXnKIHzlg=
-20,-32,7gQK+GfKHKIMnwgHDo0lb9gJh4M=,E7mwtfM15tNLsM/MzAgklvTqJG0=
-30,-26,T1Wdy9zEy7QkleWZ3XDlvxNklvk=,bX/0xy7nRc9+2Y96ZtIcewB3YnE=
-30,-27,IyDiKYA9jXLpvLTqKN1NJSjHL/A=,bX/0xy7nRc9+2Y96ZtIcewB3YnE=
-32,-26,T1Wdy9zEy7QkleWZ3XDlvxNklvk=,bX/0xy7nRc9+2Y96ZtIcewB3YnE=
-29,-28,IyDiKYA9jXLpvLTqKN1NJSjHL/A=,bX/0xy7nRc9+2Y96ZtIcewB3YnE=
-29,-27,IyDiKYA9jXLpvLTqKN1NJSjHL/A=,bX/0xy7nRc9+2Y96ZtIcewB3YnE=
-30,-25,T1Wdy9zEy7QkleWZ3XDlvxNklvk=,bX/0xy7nRc9+2Y96ZtIcewB3YnE=
-17,-32,7gQK+GfKHKIMnwgHDo0lb9gJh4M=,E7mwtfM15tNLsM/MzAgklvTqJG0=
-31,-25,T1Wdy9zEy7QkleWZ3XDlvxNklvk=,bX/0xy7nRc9+2Y96ZtIcewB3YnE=
-30,-24,BC+et8yinKUMwZMlXWMo8/R5DpQ=,bc8h4bzUfNt2coo777XXnKIHzlg=
-32,-19,BC+et8yinKUMwZMlXWMo8/R5DpQ=,bc8h4bzUfNt2coo777XXnKIHzlg=
-20,-31,7gQK+GfKHKIMnwgHDo0lb9gJh4M=,E7mwtfM15tNLsM/MzAgklvTqJG0=
-31,-26,IyDiKYA9jXLpvLTqKN1NJSjHL/A=,bX/0xy7nRc9+2Y96ZtIcewB3YnE=
-31,-17,BC+et8yinKUMwZMlXWMo8/R5DpQ=,bc8h4bzUfNt2coo777XXnKIHzlg=
-29,-25,T1Wdy9zEy7QkleWZ3XDlvxNklvk=,bX/0xy7nRc9+2Y96ZtIcewB3YnE=
-30,-17,BC+et8yinKUMwZMlXWMo8/R5DpQ=,bc8h4bzUfNt2coo777XXnKIHzlg=
-17,-29,7gQK+GfKHKIMnwgHDo0lb9gJh4M=,E7mwtfM15tNLsM/MzAgklvTqJG0=
-30,-23,BC+et8yinKUMwZMlXWMo8/R5DpQ=,bc8h4bzUfNt2coo777XXnKIHzlg=
-30,-22,BC+et8yinKUMwZMlXWMo8/R5DpQ=,bc8h4bzUfNt2coo777XXnKIHzlg=
-29,-24,BC+et8yinKUMwZMlXWMo8/R5DpQ=,bc8h4bzUfNt2coo777XXnKIHzlg=
-31,-22,BC+et8yinKUMwZMlXWMo8/R5DpQ=,bc8h4bzUfNt2coo777XXnKIHzlg=
-19,-31,7gQK+GfKHKIMnwgHDo0lb9gJh4M=,E7mwtfM15tNLsM/MzAgklvTqJG0=
-29,-23,BC+et8yinKUMwZMlXWMo8/R5DpQ=,bc8h4bzUfNt2coo777XXnKIHzlg=
-29,-22,BC+et8yinKUMwZMlXWMo8/R5DpQ=,bc8h4bzUfNt2coo777XXnKIHzlg=
-32,-20,BC+et8yinKUMwZMlXWMo8/R5DpQ=,bc8h4bzUfNt2coo777XXnKIHzlg=
-32,-28,IyDiKYA9jXLpvLTqKN1NJSjHL/A=,bX/0xy7nRc9+2Y96ZtIcewB3YnE=
-18,-31,7gQK+GfKHKIMnwgHDo0lb9gJh4M=,E7mwtfM15tNLsM/MzAgklvTqJG0=
-29,-17,BC+et8yinKUMwZMlXWMo8/R5DpQ=,bc8h4bzUfNt2coo777XXnKIHzlg=
-30,-21,BC+et8yinKUMwZMlXWMo8/R5DpQ=,bc8h4bzUfNt2coo777XXnKIHzlg=
-17,-30,7gQK+GfKHKIMnwgHDo0lb9gJh4M=,E7mwtfM15tNLsM/MzAgklvTqJG0=
-31,-21,BC+et8yinKUMwZMlXWMo8/R5DpQ=,bc8h4bzUfNt2coo777XXnKIHzlg=
-29,-21,BC+et8yinKUMwZMlXWMo8/R5DpQ=,bc8h4bzUfNt2coo777XXnKIHzlg=
-32,-27,IyDiKYA9jXLpvLTqKN1NJSjHL/A=,bX/0xy7nRc9+2Y96ZtIcewB3YnE=
-20,-30,7gQK+GfKHKIMnwgHDo0lb9gJh4M=,E7mwtfM15tNLsM/MzAgklvTqJG0=
-31,-23,BC+et8yinKUMwZMlXWMo8/R5DpQ=,bc8h4bzUfNt2coo777XXnKIHzlg=
-19,-30,7gQK+GfKHKIMnwgHDo0lb9gJh4M=,E7mwtfM15tNLsM/MzAgklvTqJG0=
-30,-20,BC+et8yinKUMwZMlXWMo8/R5DpQ=,bc8h4bzUfNt2coo777XXnKIHzlg=
-30,-19,BC+et8yinKUMwZMlXWMo8/R5DpQ=,bc8h4bzUfNt2coo777XXnKIHzlg=
-31,-20,BC+et8yinKUMwZMlXWMo8/R5DpQ=,bc8h4bzUfNt2coo777XXnKIHzlg=
-18,-30,7gQK+GfKHKIMnwgHDo0lb9gJh4M=,E7mwtfM15tNLsM/MzAgklvTqJG0=
-20,-29,7gQK+GfKHKIMnwgHDo0lb9gJh4M=,E7mwtfM15tNLsM/MzAgklvTqJG0=
-17,-31,7gQK+GfKHKIMnwgHDo0lb9gJh4M=,E7mwtfM15tNLsM/MzAgklvTqJG0=
-19,-29,7gQK+GfKHKIMnwgHDo0lb9gJh4M=,E7mwtfM15tNLsM/MzAgklvTqJG0=
-18,-29,7gQK+GfKHKIMnwgHDo0lb9gJh4M=,E7mwtfM15tNLsM/MzAgklvTqJG0=
-32,-21,BC+et8yinKUMwZMlXWMo8/R5DpQ=,bc8h4bzUfNt2coo777XXnKIHzlg=
-29,-20,BC+et8yinKUMwZMlXWMo8/R5DpQ=,bc8h4bzUfNt2coo777XXnKIHzlg=
-31,-19,BC+et8yinKUMwZMlXWMo8/R5DpQ=,bc8h4bzUfNt2coo777XXnKIHzlg=
-30,-18,BC+et8yinKUMwZMlXWMo8/R5DpQ=,bc8h4bzUfNt2coo777XXnKIHzlg=
-32,-24,BC+et8yinKUMwZMlXWMo8/R5DpQ=,bc8h4bzUfNt2coo777XXnKIHzlg=
-31,-18,BC+et8yinKUMwZMlXWMo8/R5DpQ=,bc8h4bzUfNt2coo777XXnKIHzlg=
-29,-19,BC+et8yinKUMwZMlXWMo8/R5DpQ=,bc8h4bzUfNt2coo777XXnKIHzlg=
-29,-18,BC+et8yinKUMwZMlXWMo8/R5DpQ=,bc8h4bzUfNt2coo777XXnKIHzlg=
-32,-22,BC+et8yinKUMwZMlXWMo8/R5DpQ=,bc8h4bzUfNt2coo777XXnKIHzlg=
-32,-17,BC+et8yinKUMwZMlXWMo8/R5DpQ=,bc8h4bzUfNt2coo777XXnKIHzlg=
-32,-23,BC+et8yinKUMwZMlXWMo8/R5DpQ=,bc8h4bzUfNt2coo777XXnKIHzlg=
-27,-7,CWYYs6qWAimUDJtj9wD69NFWOBw=,A7YUWL6TPvcLYETuF7eHvpIUPQw=
-23,-8,CWYYs6qWAimUDJtj9wD69NFWOBw=,DA39uMR8S70F6vadlifS0eAhTOM=
-28,-7,CWYYs6qWAimUDJtj9wD69NFWOBw=,A7YUWL6TPvcLYETuF7eHvpIUPQw=
-25,-8,CWYYs6qWAimUDJtj9wD69NFWOBw=,A7YUWL6TPvcLYETuF7eHvpIUPQw=
-26,-5,CWYYs6qWAimUDJtj9wD69NFWOBw=,A7YUWL6TPvcLYETuF7eHvpIUPQw=
-25,-7,CWYYs6qWAimUDJtj9wD69NFWOBw=,A7YUWL6TPvcLYETuF7eHvpIUPQw=
-27,-6,CWYYs6qWAimUDJtj9wD69NFWOBw=,A7YUWL6TPvcLYETuF7eHvpIUPQw=
-27,-5,CWYYs6qWAimUDJtj9wD69NFWOBw=,A7YUWL6TPvcLYETuF7eHvpIUPQw=
-28,-6,CWYYs6qWAimUDJtj9wD69NFWOBw=,A7YUWL6TPvcLYETuF7eHvpIUPQw=
-26,-7,CWYYs6qWAimUDJtj9wD69NFWOBw=,A7YUWL6TPvcLYETuF7eHvpIUPQw=
-24,-10,LxV86LPrA4ktDnVge12TgBVGIEg=,HJvKF7LAcMGg5J41J7pqRiQ3rm4=
-24,-8,CWYYs6qWAimUDJtj9wD69NFWOBw=,DA39uMR8S70F6vadlifS0eAhTOM=
-28,-5,CWYYs6qWAimUDJtj9wD69NFWOBw=,A7YUWL6TPvcLYETuF7eHvpIUPQw=
-25,-6,CWYYs6qWAimUDJtj9wD69NFWOBw=,A7YUWL6TPvcLYETuF7eHvpIUPQw=
-27,-9,lzApqgkSGtoV0EySe0yCmFvn39w=,JCPgK/e4W2QAwyY+Gmjaux+MNkE=
-26,-6,CWYYs6qWAimUDJtj9wD69NFWOBw=,A7YUWL6TPvcLYETuF7eHvpIUPQw=
-23,-5,lzApqgkSGtoV0EySe0yCmFvn39w=,DA39uMR8S70F6vadlifS0eAhTOM=
-22,-11,wIdsf+P+MrxT+wX2XGiaQ6zGHMM=,HJvKF7LAcMGg5J41J7pqRiQ3rm4=
-21,-10,LxV86LPrA4ktDnVge12TgBVGIEg=,HJvKF7LAcMGg5J41J7pqRiQ3rm4=
-25,-5,CWYYs6qWAimUDJtj9wD69NFWOBw=,A7YUWL6TPvcLYETuF7eHvpIUPQw=
-24,-9,rMlbhfau4xNcCfvEB9oe3paCvdY=,HJvKF7LAcMGg5J41J7pqRiQ3rm4=
-22,-10,ykHxMA6328xYxQm2kVOr9NAeWq4=,HJvKF7LAcMGg5J41J7pqRiQ3rm4=
-27,-8,CWYYs6qWAimUDJtj9wD69NFWOBw=,A7YUWL6TPvcLYETuF7eHvpIUPQw=
-28,-8,CWYYs6qWAimUDJtj9wD69NFWOBw=,A7YUWL6TPvcLYETuF7eHvpIUPQw=
-23,-6,ykHxMA6328xYxQm2kVOr9NAeWq4=,DA39uMR8S70F6vadlifS0eAhTOM=
-24,-11,wIdsf+P+MrxT+wX2XGiaQ6zGHMM=,HJvKF7LAcMGg5J41J7pqRiQ3rm4=
-23,-11,wIdsf+P+MrxT+wX2XGiaQ6zGHMM=,HJvKF7LAcMGg5J41J7pqRiQ3rm4=
-24,-7,LxV86LPrA4ktDnVge12TgBVGIEg=,DA39uMR8S70F6vadlifS0eAhTOM=
-21,-11,wIdsf+P+MrxT+wX2XGiaQ6zGHMM=,HJvKF7LAcMGg5J41J7pqRiQ3rm4=
-21,-8,lzApqgkSGtoV0EySe0yCmFvn39w=,DA39uMR8S70F6vadlifS0eAhTOM=
-24,-12,lzApqgkSGtoV0EySe0yCmFvn39w=,HJvKF7LAcMGg5J41J7pqRiQ3rm4=
-21,-5,CWYYs6qWAimUDJtj9wD69NFWOBw=,DA39uMR8S70F6vadlifS0eAhTOM=
-24,-6,lzApqgkSGtoV0EySe0yCmFvn39w=,DA39uMR8S70F6vadlifS0eAhTOM=
-28,-9,RcBtVfPM8JjvtZtJXzyoCf0BBIU=,JCPgK/e4W2QAwyY+Gmjaux+MNkE=
-23,-7,wIdsf+P+MrxT+wX2XGiaQ6zGHMM=,DA39uMR8S70F6vadlifS0eAhTOM=
-22,-6,wIdsf+P+MrxT+wX2XGiaQ6zGHMM=,DA39uMR8S70F6vadlifS0eAhTOM=
-21,-9,rMlbhfau4xNcCfvEB9oe3paCvdY=,HJvKF7LAcMGg5J41J7pqRiQ3rm4=
-21,-12,RcBtVfPM8JjvtZtJXzyoCf0BBIU=,HJvKF7LAcMGg5J41J7pqRiQ3rm4=
-26,-8,CWYYs6qWAimUDJtj9wD69NFWOBw=,A7YUWL6TPvcLYETuF7eHvpIUPQw=
-22,-5,LxV86LPrA4ktDnVge12TgBVGIEg=,DA39uMR8S70F6vadlifS0eAhTOM=
-23,-9,ykHxMA6328xYxQm2kVOr9NAeWq4=,HJvKF7LAcMGg5J41J7pqRiQ3rm4=
-23,-12,lzApqgkSGtoV0EySe0yCmFvn39w=,HJvKF7LAcMGg5J41J7pqRiQ3rm4=
-22,-8,LxV86LPrA4ktDnVge12TgBVGIEg=,DA39uMR8S70F6vadlifS0eAhTOM=
-23,-10,LxV86LPrA4ktDnVge12TgBVGIEg=,HJvKF7LAcMGg5J41J7pqRiQ3rm4=
-22,-7,wIdsf+P+MrxT+wX2XGiaQ6zGHMM=,DA39uMR8S70F6vadlifS0eAhTOM=
-22,-9,CWYYs6qWAimUDJtj9wD69NFWOBw=,HJvKF7LAcMGg5J41J7pqRiQ3rm4=
-22,-12,RcBtVfPM8JjvtZtJXzyoCf0BBIU=,HJvKF7LAcMGg5J41J7pqRiQ3rm4=
-21,-7,lzApqgkSGtoV0EySe0yCmFvn39w=,DA39uMR8S70F6vadlifS0eAhTOM=
-24,-5,CWYYs6qWAimUDJtj9wD69NFWOBw=,DA39uMR8S70F6vadlifS0eAhTOM=
-28,-12,RcBtVfPM8JjvtZtJXzyoCf0BBIU=,JCPgK/e4W2QAwyY+Gmjaux+MNkE=
-26,-12,RcBtVfPM8JjvtZtJXzyoCf0BBIU=,JCPgK/e4W2QAwyY+Gmjaux+MNkE=
-21,-6,wIdsf+P+MrxT+wX2XGiaQ6zGHMM=,DA39uMR8S70F6vadlifS0eAhTOM=
-28,-11,rMlbhfau4xNcCfvEB9oe3paCvdY=,JCPgK/e4W2QAwyY+Gmjaux+MNkE=
-26,-9,lzApqgkSGtoV0EySe0yCmFvn39w=,JCPgK/e4W2QAwyY+Gmjaux+MNkE=
-27,-12,RcBtVfPM8JjvtZtJXzyoCf0BBIU=,JCPgK/e4W2QAwyY+Gmjaux+MNkE=
-26,-11,pNoZUHfqMocPLOHic7cR4iDT81E=,JCPgK/e4W2QAwyY+Gmjaux+MNkE=
-25,-11,RcBtVfPM8JjvtZtJXzyoCf0BBIU=,JCPgK/e4W2QAwyY+Gmjaux+MNkE=
-25,-12,RcBtVfPM8JjvtZtJXzyoCf0BBIU=,JCPgK/e4W2QAwyY+Gmjaux+MNkE=
-28,-10,rMlbhfau4xNcCfvEB9oe3paCvdY=,JCPgK/e4W2QAwyY+Gmjaux+MNkE=
-26,-10,pNoZUHfqMocPLOHic7cR4iDT81E=,JCPgK/e4W2QAwyY+Gmjaux+MNkE=
-27,-11,RcBtVfPM8JjvtZtJXzyoCf0BBIU=,JCPgK/e4W2QAwyY+Gmjaux+MNkE=
-27,-10,RcBtVfPM8JjvtZtJXzyoCf0BBIU=,JCPgK/e4W2QAwyY+Gmjaux+MNkE=
-25,-10,RcBtVfPM8JjvtZtJXzyoCf0BBIU=,JCPgK/e4W2QAwyY+Gmjaux+MNkE=
-25,-9,RcBtVfPM8JjvtZtJXzyoCf0BBIU=,JCPgK/e4W2QAwyY+Gmjaux+MNkE=
-31,-14,CWYYs6qWAimUDJtj9wD69NFWOBw=,JCPgK/e4W2QAwyY+Gmjaux+MNkE=
-32,-15,CWYYs6qWAimUDJtj9wD69NFWOBw=,JCPgK/e4W2QAwyY+Gmjaux+MNkE=
-29,-6,CWYYs6qWAimUDJtj9wD69NFWOBw=,A7YUWL6TPvcLYETuF7eHvpIUPQw=
-30,-5,CWYYs6qWAimUDJtj9wD69NFWOBw=,A7YUWL6TPvcLYETuF7eHvpIUPQw=
-31,-6,CWYYs6qWAimUDJtj9wD69NFWOBw=,A7YUWL6TPvcLYETuF7eHvpIUPQw=
-31,-7,CWYYs6qWAimUDJtj9wD69NFWOBw=,A7YUWL6TPvcLYETuF7eHvpIUPQw=
-32,-16,CWYYs6qWAimUDJtj9wD69NFWOBw=,JCPgK/e4W2QAwyY+Gmjaux+MNkE=
-30,-6,CWYYs6qWAimUDJtj9wD69NFWOBw=,A7YUWL6TPvcLYETuF7eHvpIUPQw=
-29,-7,CWYYs6qWAimUDJtj9wD69NFWOBw=,A7YUWL6TPvcLYETuF7eHvpIUPQw=
-29,-8,CWYYs6qWAimUDJtj9wD69NFWOBw=,A7YUWL6TPvcLYETuF7eHvpIUPQw=
-30,-8,CWYYs6qWAimUDJtj9wD69NFWOBw=,A7YUWL6TPvcLYETuF7eHvpIUPQw=
-31,-8,CWYYs6qWAimUDJtj9wD69NFWOBw=,A7YUWL6TPvcLYETuF7eHvpIUPQw=
-31,-5,CWYYs6qWAimUDJtj9wD69NFWOBw=,A7YUWL6TPvcLYETuF7eHvpIUPQw=
-30,-7,CWYYs6qWAimUDJtj9wD69NFWOBw=,A7YUWL6TPvcLYETuF7eHvpIUPQw=
-29,-5,CWYYs6qWAimUDJtj9wD69NFWOBw=,A7YUWL6TPvcLYETuF7eHvpIUPQw=
-30,-14,CWYYs6qWAimUDJtj9wD69NFWOBw=,JCPgK/e4W2QAwyY+Gmjaux+MNkE=
-29,-14,CWYYs6qWAimUDJtj9wD69NFWOBw=,JCPgK/e4W2QAwyY+Gmjaux+MNkE=
-30,-13,CWYYs6qWAimUDJtj9wD69NFWOBw=,JCPgK/e4W2QAwyY+Gmjaux+MNkE=
-26,-16,CWYYs6qWAimUDJtj9wD69NFWOBw=,JCPgK/e4W2QAwyY+Gmjaux+MNkE=
-29,-13,CWYYs6qWAimUDJtj9wD69NFWOBw=,JCPgK/e4W2QAwyY+Gmjaux+MNkE=
-31,-12,CWYYs6qWAimUDJtj9wD69NFWOBw=,JCPgK/e4W2QAwyY+Gmjaux+MNkE=
-31,-13,CWYYs6qWAimUDJtj9wD69NFWOBw=,JCPgK/e4W2QAwyY+Gmjaux+MNkE=
-17,-8,CWYYs6qWAimUDJtj9wD69NFWOBw=,DA39uMR8S70F6vadlifS0eAhTOM=
-29,-12,CWYYs6qWAimUDJtj9wD69NFWOBw=,JCPgK/e4W2QAwyY+Gmjaux+MNkE=
-27,-16,CWYYs6qWAimUDJtj9wD69NFWOBw=,JCPgK/e4W2QAwyY+Gmjaux+MNkE=
-32,-9,CWYYs6qWAimUDJtj9wD69NFWOBw=,JCPgK/e4W2QAwyY+Gmjaux+MNkE=
-30,-12,CWYYs6qWAimUDJtj9wD69NFWOBw=,JCPgK/e4W2QAwyY+Gmjaux+MNkE=
-30,-11,CWYYs6qWAimUDJtj9wD69NFWOBw=,JCPgK/e4W2QAwyY+Gmjaux+MNkE=
-30,-10,CWYYs6qWAimUDJtj9wD69NFWOBw=,JCPgK/e4W2QAwyY+Gmjaux+MNkE=
-29,-11,CWYYs6qWAimUDJtj9wD69NFWOBw=,JCPgK/e4W2QAwyY+Gmjaux+MNkE=
-31,-11,CWYYs6qWAimUDJtj9wD69NFWOBw=,JCPgK/e4W2QAwyY+Gmjaux+MNkE=
-31,-15,CWYYs6qWAimUDJtj9wD69NFWOBw=,JCPgK/e4W2QAwyY+Gmjaux+MNkE=
-30,-16,CWYYs6qWAimUDJtj9wD69NFWOBw=,JCPgK/e4W2QAwyY+Gmjaux+MNkE=
-29,-15,CWYYs6qWAimUDJtj9wD69NFWOBw=,JCPgK/e4W2QAwyY+Gmjaux+MNkE=
-31,-16,CWYYs6qWAimUDJtj9wD69NFWOBw=,JCPgK/e4W2QAwyY+Gmjaux+MNkE=
-28,-16,CWYYs6qWAimUDJtj9wD69NFWOBw=,JCPgK/e4W2QAwyY+Gmjaux+MNkE=
-18,-9,CWYYs6qWAimUDJtj9wD69NFWOBw=,HJvKF7LAcMGg5J41J7pqRiQ3rm4=
-30,-15,CWYYs6qWAimUDJtj9wD69NFWOBw=,JCPgK/e4W2QAwyY+Gmjaux+MNkE=
-17,-7,CWYYs6qWAimUDJtj9wD69NFWOBw=,DA39uMR8S70F6vadlifS0eAhTOM=
-31,-10,CWYYs6qWAimUDJtj9wD69NFWOBw=,JCPgK/e4W2QAwyY+Gmjaux+MNkE=
-29,-10,CWYYs6qWAimUDJtj9wD69NFWOBw=,JCPgK/e4W2QAwyY+Gmjaux+MNkE=
-29,-16,CWYYs6qWAimUDJtj9wD69NFWOBw=,JCPgK/e4W2QAwyY+Gmjaux+MNkE=
-32,-10,CWYYs6qWAimUDJtj9wD69NFWOBw=,JCPgK/e4W2QAwyY+Gmjaux+MNkE=
-17,-9,CWYYs6qWAimUDJtj9wD69NFWOBw=,HJvKF7LAcMGg5J41J7pqRiQ3rm4=
-19,-9,CWYYs6qWAimUDJtj9wD69NFWOBw=,HJvKF7LAcMGg5J41J7pqRiQ3rm4=
-32,-5,CWYYs6qWAimUDJtj9wD69NFWOBw=,A7YUWL6TPvcLYETuF7eHvpIUPQw=
-17,-10,CWYYs6qWAimUDJtj9wD69NFWOBw=,HJvKF7LAcMGg5J41J7pqRiQ3rm4=
-32,-6,CWYYs6qWAimUDJtj9wD69NFWOBw=,A7YUWL6TPvcLYETuF7eHvpIUPQw=
-25,-13,CWYYs6qWAimUDJtj9wD69NFWOBw=,JCPgK/e4W2QAwyY+Gmjaux+MNkE=
-32,-7,CWYYs6qWAimUDJtj9wD69NFWOBw=,A7YUWL6TPvcLYETuF7eHvpIUPQw=
-17,-6,CWYYs6qWAimUDJtj9wD69NFWOBw=,DA39uMR8S70F6vadlifS0eAhTOM=
-20,-9,CWYYs6qWAimUDJtj9wD69NFWOBw=,HJvKF7LAcMGg5J41J7pqRiQ3rm4=
-30,-9,CWYYs6qWAimUDJtj9wD69NFWOBw=,JCPgK/e4W2QAwyY+Gmjaux+MNkE=
-32,-11,CWYYs6qWAimUDJtj9wD69NFWOBw=,JCPgK/e4W2QAwyY+Gmjaux+MNkE=
-32,-12,CWYYs6qWAimUDJtj9wD69NFWOBw=,JCPgK/e4W2QAwyY+Gmjaux+MNkE=
-29,-9,CWYYs6qWAimUDJtj9wD69NFWOBw=,JCPgK/e4W2QAwyY+Gmjaux+MNkE=
-18,-10,CWYYs6qWAimUDJtj9wD69NFWOBw=,HJvKF7LAcMGg5J41J7pqRiQ3rm4=
-32,-8,CWYYs6qWAimUDJtj9wD69NFWOBw=,A7YUWL6TPvcLYETuF7eHvpIUPQw=
-32,-14,CWYYs6qWAimUDJtj9wD69NFWOBw=,JCPgK/e4W2QAwyY+Gmjaux+MNkE=
-31,-9,CWYYs6qWAimUDJtj9wD69NFWOBw=,JCPgK/e4W2QAwyY+Gmjaux+MNkE=
-17,-12,CWYYs6qWAimUDJtj9wD69NFWOBw=,HJvKF7LAcMGg5J41J7pqRiQ3rm4=
-32,-13,CWYYs6qWAimUDJtj9wD69NFWOBw=,JCPgK/e4W2QAwyY+Gmjaux+MNkE=
-17,-11,CWYYs6qWAimUDJtj9wD69NFWOBw=,HJvKF7LAcMGg5J41J7pqRiQ3rm4=
-17,-13,CWYYs6qWAimUDJtj9wD69NFWOBw=,HJvKF7LAcMGg5J41J7pqRiQ3rm4=
-19,-10,CWYYs6qWAimUDJtj9wD69NFWOBw=,HJvKF7LAcMGg5J41J7pqRiQ3rm4=
-20,-10,CWYYs6qWAimUDJtj9wD69NFWOBw=,HJvKF7LAcMGg5J41J7pqRiQ3rm4=
-20,-12,CWYYs6qWAimUDJtj9wD69NFWOBw=,HJvKF7LAcMGg5J41J7pqRiQ3rm4=
-17,-14,CWYYs6qWAimUDJtj9wD69NFWOBw=,HJvKF7LAcMGg5J41J7pqRiQ3rm4=
-17,-5,CWYYs6qWAimUDJtj9wD69NFWOBw=,DA39uMR8S70F6vadlifS0eAhTOM=
-25,-16,CWYYs6qWAimUDJtj9wD69NFWOBw=,JCPgK/e4W2QAwyY+Gmjaux+MNkE=
-17,-16,CWYYs6qWAimUDJtj9wD69NFWOBw=,HJvKF7LAcMGg5J41J7pqRiQ3rm4=
-19,-11,CWYYs6qWAimUDJtj9wD69NFWOBw=,HJvKF7LAcMGg5J41J7pqRiQ3rm4=
-18,-11,CWYYs6qWAimUDJtj9wD69NFWOBw=,HJvKF7LAcMGg5J41J7pqRiQ3rm4=
-19,-12,CWYYs6qWAimUDJtj9wD69NFWOBw=,HJvKF7LAcMGg5J41J7pqRiQ3rm4=
-18,-12,CWYYs6qWAimUDJtj9wD69NFWOBw=,HJvKF7LAcMGg5J41J7pqRiQ3rm4=
-26,-15,CWYYs6qWAimUDJtj9wD69NFWOBw=,JCPgK/e4W2QAwyY+Gmjaux+MNkE=
-25,-15,CWYYs6qWAimUDJtj9wD69NFWOBw=,JCPgK/e4W2QAwyY+Gmjaux+MNkE=
-17,-15,CWYYs6qWAimUDJtj9wD69NFWOBw=,HJvKF7LAcMGg5J41J7pqRiQ3rm4=
-20,-8,CWYYs6qWAimUDJtj9wD69NFWOBw=,DA39uMR8S70F6vadlifS0eAhTOM=
-18,-8,CWYYs6qWAimUDJtj9wD69NFWOBw=,DA39uMR8S70F6vadlifS0eAhTOM=
-26,-13,CWYYs6qWAimUDJtj9wD69NFWOBw=,JCPgK/e4W2QAwyY+Gmjaux+MNkE=
-20,-6,CWYYs6qWAimUDJtj9wD69NFWOBw=,DA39uMR8S70F6vadlifS0eAhTOM=
-20,-11,CWYYs6qWAimUDJtj9wD69NFWOBw=,HJvKF7LAcMGg5J41J7pqRiQ3rm4=
-27,-15,CWYYs6qWAimUDJtj9wD69NFWOBw=,JCPgK/e4W2QAwyY+Gmjaux+MNkE=
-19,-6,CWYYs6qWAimUDJtj9wD69NFWOBw=,DA39uMR8S70F6vadlifS0eAhTOM=
-25,-14,CWYYs6qWAimUDJtj9wD69NFWOBw=,JCPgK/e4W2QAwyY+Gmjaux+MNkE=
-20,-5,CWYYs6qWAimUDJtj9wD69NFWOBw=,DA39uMR8S70F6vadlifS0eAhTOM=
-18,-7,CWYYs6qWAimUDJtj9wD69NFWOBw=,DA39uMR8S70F6vadlifS0eAhTOM=
-19,-7,CWYYs6qWAimUDJtj9wD69NFWOBw=,DA39uMR8S70F6vadlifS0eAhTOM=
-19,-8,CWYYs6qWAimUDJtj9wD69NFWOBw=,DA39uMR8S70F6vadlifS0eAhTOM=
-19,-5,CWYYs6qWAimUDJtj9wD69NFWOBw=,DA39uMR8S70F6vadlifS0eAhTOM=
-28,-15,CWYYs6qWAimUDJtj9wD69NFWOBw=,JCPgK/e4W2QAwyY+Gmjaux+MNkE=
-28,-14,CWYYs6qWAimUDJtj9wD69NFWOBw=,JCPgK/e4W2QAwyY+Gmjaux+MNkE=
-27,-14,CWYYs6qWAimUDJtj9wD69NFWOBw=,JCPgK/e4W2QAwyY+Gmjaux+MNkE=
-26,-14,CWYYs6qWAimUDJtj9wD69NFWOBw=,JCPgK/e4W2QAwyY+Gmjaux+MNkE=
-18,-16,CWYYs6qWAimUDJtj9wD69NFWOBw=,HJvKF7LAcMGg5J41J7pqRiQ3rm4=
-19,-14,CWYYs6qWAimUDJtj9wD69NFWOBw=,HJvKF7LAcMGg5J41J7pqRiQ3rm4=
-27,-13,CWYYs6qWAimUDJtj9wD69NFWOBw=,JCPgK/e4W2QAwyY+Gmjaux+MNkE=
-18,-15,CWYYs6qWAimUDJtj9wD69NFWOBw=,HJvKF7LAcMGg5J41J7pqRiQ3rm4=
-23,-14,CWYYs6qWAimUDJtj9wD69NFWOBw=,HJvKF7LAcMGg5J41J7pqRiQ3rm4=
-28,-13,CWYYs6qWAimUDJtj9wD69NFWOBw=,JCPgK/e4W2QAwyY+Gmjaux+MNkE=
-18,-5,CWYYs6qWAimUDJtj9wD69NFWOBw=,DA39uMR8S70F6vadlifS0eAhTOM=
-20,-7,CWYYs6qWAimUDJtj9wD69NFWOBw=,DA39uMR8S70F6vadlifS0eAhTOM=
-18,-13,CWYYs6qWAimUDJtj9wD69NFWOBw=,HJvKF7LAcMGg5J41J7pqRiQ3rm4=
-22,-13,CWYYs6qWAimUDJtj9wD69NFWOBw=,HJvKF7LAcMGg5J41J7pqRiQ3rm4=
-19,-16,CWYYs6qWAimUDJtj9wD69NFWOBw=,HJvKF7LAcMGg5J41J7pqRiQ3rm4=
-21,-15,CWYYs6qWAimUDJtj9wD69NFWOBw=,HJvKF7LAcMGg5J41J7pqRiQ3rm4=
-24,-15,CWYYs6qWAimUDJtj9wD69NFWOBw=,HJvKF7LAcMGg5J41J7pqRiQ3rm4=
-21,-14,CWYYs6qWAimUDJtj9wD69NFWOBw=,HJvKF7LAcMGg5J41J7pqRiQ3rm4=
-18,-14,CWYYs6qWAimUDJtj9wD69NFWOBw=,HJvKF7LAcMGg5J41J7pqRiQ3rm4=
-18,-6,CWYYs6qWAimUDJtj9wD69NFWOBw=,DA39uMR8S70F6vadlifS0eAhTOM=
-19,-13,CWYYs6qWAimUDJtj9wD69NFWOBw=,HJvKF7LAcMGg5J41J7pqRiQ3rm4=
-20,-14,CWYYs6qWAimUDJtj9wD69NFWOBw=,HJvKF7LAcMGg5J41J7pqRiQ3rm4=
-20,-13,CWYYs6qWAimUDJtj9wD69NFWOBw=,HJvKF7LAcMGg5J41J7pqRiQ3rm4=
-23,-15,CWYYs6qWAimUDJtj9wD69NFWOBw=,HJvKF7LAcMGg5J41J7pqRiQ3rm4=
-19,-15,CWYYs6qWAimUDJtj9wD69NFWOBw=,HJvKF7LAcMGg5J41J7pqRiQ3rm4=
-20,-15,CWYYs6qWAimUDJtj9wD69NFWOBw=,HJvKF7LAcMGg5J41J7pqRiQ3rm4=
-22,-14,CWYYs6qWAimUDJtj9wD69NFWOBw=,HJvKF7LAcMGg5J41J7pqRiQ3rm4=
-21,-13,CWYYs6qWAimUDJtj9wD69NFWOBw=,HJvKF7LAcMGg5J41J7pqRiQ3rm4=
-23,-13,CWYYs6qWAimUDJtj9wD69NFWOBw=,HJvKF7LAcMGg5J41J7pqRiQ3rm4=
-22,-15,CWYYs6qWAimUDJtj9wD69NFWOBw=,HJvKF7LAcMGg5J41J7pqRiQ3rm4=
-24,-13,CWYYs6qWAimUDJtj9wD69NFWOBw=,HJvKF7LAcMGg5J41J7pqRiQ3rm4=
-22,-16,CWYYs6qWAimUDJtj9wD69NFWOBw=,HJvKF7LAcMGg5J41J7pqRiQ3rm4=
-24,-14,CWYYs6qWAimUDJtj9wD69NFWOBw=,HJvKF7LAcMGg5J41J7pqRiQ3rm4=
-23,-16,CWYYs6qWAimUDJtj9wD69NFWOBw=,HJvKF7LAcMGg5J41J7pqRiQ3rm4=
-29,-1,CWYYs6qWAimUDJtj9wD69NFWOBw=,A7YUWL6TPvcLYETuF7eHvpIUPQw=
-24,-16,CWYYs6qWAimUDJtj9wD69NFWOBw=,HJvKF7LAcMGg5J41J7pqRiQ3rm4=
-30,-1,CWYYs6qWAimUDJtj9wD69NFWOBw=,A7YUWL6TPvcLYETuF7eHvpIUPQw=
-20,-16,CWYYs6qWAimUDJtj9wD69NFWOBw=,HJvKF7LAcMGg5J41J7pqRiQ3rm4=
-21,-16,CWYYs6qWAimUDJtj9wD69NFWOBw=,HJvKF7LAcMGg5J41J7pqRiQ3rm4=
-31,-1,CWYYs6qWAimUDJtj9wD69NFWOBw=,A7YUWL6TPvcLYETuF7eHvpIUPQw=
-32,-1,CWYYs6qWAimUDJtj9wD69NFWOBw=,A7YUWL6TPvcLYETuF7eHvpIUPQw=
-31,-3,CWYYs6qWAimUDJtj9wD69NFWOBw=,A7YUWL6TPvcLYETuF7eHvpIUPQw=
-30,-3,CWYYs6qWAimUDJtj9wD69NFWOBw=,A7YUWL6TPvcLYETuF7eHvpIUPQw=
-30,-4,CWYYs6qWAimUDJtj9wD69NFWOBw=,A7YUWL6TPvcLYETuF7eHvpIUPQw=
-17,-1,CWYYs6qWAimUDJtj9wD69NFWOBw=,DA39uMR8S70F6vadlifS0eAhTOM=
-30,-2,CWYYs6qWAimUDJtj9wD69NFWOBw=,A7YUWL6TPvcLYETuF7eHvpIUPQw=
-29,-4,CWYYs6qWAimUDJtj9wD69NFWOBw=,A7YUWL6TPvcLYETuF7eHvpIUPQw=
-31,-2,CWYYs6qWAimUDJtj9wD69NFWOBw=,A7YUWL6TPvcLYETuF7eHvpIUPQw=
-29,-2,CWYYs6qWAimUDJtj9wD69NFWOBw=,A7YUWL6TPvcLYETuF7eHvpIUPQw=
-31,-4,CWYYs6qWAimUDJtj9wD69NFWOBw=,A7YUWL6TPvcLYETuF7eHvpIUPQw=
-25,-1,CWYYs6qWAimUDJtj9wD69NFWOBw=,A7YUWL6TPvcLYETuF7eHvpIUPQw=
-29,-3,CWYYs6qWAimUDJtj9wD69NFWOBw=,A7YUWL6TPvcLYETuF7eHvpIUPQw=
-32,-2,CWYYs6qWAimUDJtj9wD69NFWOBw=,A7YUWL6TPvcLYETuF7eHvpIUPQw=
-18,-3,CWYYs6qWAimUDJtj9wD69NFWOBw=,DA39uMR8S70F6vadlifS0eAhTOM=
-20,-4,CWYYs6qWAimUDJtj9wD69NFWOBw=,DA39uMR8S70F6vadlifS0eAhTOM=
-28,-2,CWYYs6qWAimUDJtj9wD69NFWOBw=,A7YUWL6TPvcLYETuF7eHvpIUPQw=
-24,-2,CWYYs6qWAimUDJtj9wD69NFWOBw=,DA39uMR8S70F6vadlifS0eAhTOM=
-19,-4,CWYYs6qWAimUDJtj9wD69NFWOBw=,DA39uMR8S70F6vadlifS0eAhTOM=
-18,-1,CWYYs6qWAimUDJtj9wD69NFWOBw=,DA39uMR8S70F6vadlifS0eAhTOM=
-21,-2,CWYYs6qWAimUDJtj9wD69NFWOBw=,DA39uMR8S70F6vadlifS0eAhTOM=
-32,-3,CWYYs6qWAimUDJtj9wD69NFWOBw=,A7YUWL6TPvcLYETuF7eHvpIUPQw=
-22,-2,CWYYs6qWAimUDJtj9wD69NFWOBw=,DA39uMR8S70F6vadlifS0eAhTOM=
-32,-4,CWYYs6qWAimUDJtj9wD69NFWOBw=,A7YUWL6TPvcLYETuF7eHvpIUPQw=
-23,-3,CWYYs6qWAimUDJtj9wD69NFWOBw=,DA39uMR8S70F6vadlifS0eAhTOM=
-23,-2,CWYYs6qWAimUDJtj9wD69NFWOBw=,DA39uMR8S70F6vadlifS0eAhTOM=
-25,-3,CWYYs6qWAimUDJtj9wD69NFWOBw=,A7YUWL6TPvcLYETuF7eHvpIUPQw=
-26,-2,CWYYs6qWAimUDJtj9wD69NFWOBw=,A7YUWL6TPvcLYETuF7eHvpIUPQw=
-18,-4,CWYYs6qWAimUDJtj9wD69NFWOBw=,DA39uMR8S70F6vadlifS0eAhTOM=
-22,-3,CWYYs6qWAimUDJtj9wD69NFWOBw=,DA39uMR8S70F6vadlifS0eAhTOM=
-20,-3,CWYYs6qWAimUDJtj9wD69NFWOBw=,DA39uMR8S70F6vadlifS0eAhTOM=
-27,-2,CWYYs6qWAimUDJtj9wD69NFWOBw=,A7YUWL6TPvcLYETuF7eHvpIUPQw=
-21,-3,CWYYs6qWAimUDJtj9wD69NFWOBw=,DA39uMR8S70F6vadlifS0eAhTOM=
-19,-3,CWYYs6qWAimUDJtj9wD69NFWOBw=,DA39uMR8S70F6vadlifS0eAhTOM=
-24,-3,CWYYs6qWAimUDJtj9wD69NFWOBw=,DA39uMR8S70F6vadlifS0eAhTOM=
-20,-2,CWYYs6qWAimUDJtj9wD69NFWOBw=,DA39uMR8S70F6vadlifS0eAhTOM=
-23,-4,CWYYs6qWAimUDJtj9wD69NFWOBw=,DA39uMR8S70F6vadlifS0eAhTOM=
-19,-2,CWYYs6qWAimUDJtj9wD69NFWOBw=,DA39uMR8S70F6vadlifS0eAhTOM=
-18,-2,CWYYs6qWAimUDJtj9wD69NFWOBw=,DA39uMR8S70F6vadlifS0eAhTOM=
-28,-1,CWYYs6qWAimUDJtj9wD69NFWOBw=,A7YUWL6TPvcLYETuF7eHvpIUPQw=
-22,-4,CWYYs6qWAimUDJtj9wD69NFWOBw=,DA39uMR8S70F6vadlifS0eAhTOM=
-17,-2,CWYYs6qWAimUDJtj9wD69NFWOBw=,DA39uMR8S70F6vadlifS0eAhTOM=
-17,-3,CWYYs6qWAimUDJtj9wD69NFWOBw=,DA39uMR8S70F6vadlifS0eAhTOM=
-19,-1,CWYYs6qWAimUDJtj9wD69NFWOBw=,DA39uMR8S70F6vadlifS0eAhTOM=
-24,-4,CWYYs6qWAimUDJtj9wD69NFWOBw=,DA39uMR8S70F6vadlifS0eAhTOM=
-17,-4,CWYYs6qWAimUDJtj9wD69NFWOBw=,DA39uMR8S70F6vadlifS0eAhTOM=
-21,-4,CWYYs6qWAimUDJtj9wD69NFWOBw=,DA39uMR8S70F6vadlifS0eAhTOM=
-24,-1,CWYYs6qWAimUDJtj9wD69NFWOBw=,DA39uMR8S70F6vadlifS0eAhTOM=
-25,-4,CWYYs6qWAimUDJtj9wD69NFWOBw=,A7YUWL6TPvcLYETuF7eHvpIUPQw=
-26,-1,CWYYs6qWAimUDJtj9wD69NFWOBw=,A7YUWL6TPvcLYETuF7eHvpIUPQw=
-27,-1,CWYYs6qWAimUDJtj9wD69NFWOBw=,A7YUWL6TPvcLYETuF7eHvpIUPQw=
-22,-1,CWYYs6qWAimUDJtj9wD69NFWOBw=,DA39uMR8S70F6vadlifS0eAhTOM=
-23,-1,CWYYs6qWAimUDJtj9wD69NFWOBw=,DA39uMR8S70F6vadlifS0eAhTOM=
-20,-1,CWYYs6qWAimUDJtj9wD69NFWOBw=,DA39uMR8S70F6vadlifS0eAhTOM=
-21,-1,CWYYs6qWAimUDJtj9wD69NFWOBw=,DA39uMR8S70F6vadlifS0eAhTOM=
-26,-4,CWYYs6qWAimUDJtj9wD69NFWOBw=,A7YUWL6TPvcLYETuF7eHvpIUPQw=
-26,-3,CWYYs6qWAimUDJtj9wD69NFWOBw=,A7YUWL6TPvcLYETuF7eHvpIUPQw=
-28,-4,CWYYs6qWAimUDJtj9wD69NFWOBw=,A7YUWL6TPvcLYETuF7eHvpIUPQw=
-27,-4,CWYYs6qWAimUDJtj9wD69NFWOBw=,A7YUWL6TPvcLYETuF7eHvpIUPQw=
-28,-3,CWYYs6qWAimUDJtj9wD69NFWOBw=,A7YUWL6TPvcLYETuF7eHvpIUPQw=
-25,-2,CWYYs6qWAimUDJtj9wD69NFWOBw=,A7YUWL6TPvcLYETuF7eHvpIUPQw=
-27,-3,CWYYs6qWAimUDJtj9wD69NFWOBw=,A7YUWL6TPvcLYETuF7eHvpIUPQw=
